Instituicao;CodigoInstituicao;NomeConglomeradoPrudencial;CodigoConglomeradoFinanceiro;CodigoConglomeradoPrudencial;TCB;DescricaoTCB;SegmentoTCB;TC_Codigo;TipoControle;TI_Codigo;Cidade;UF;DataBase;AtivoTotal_R_mil;CarteiraCreditoClassificada_R_mil;PassivoExigivel_R_mil;Captacoes_R_mil;PatrimonioLiquido_R_mil;LucroLiquido_R_mil;NumeroAgencias;NumeroPostosAtendimento
BANCO DO BRASIL S.A.;0;BB - PRUDENCIAL;00049906;00080329;B1;Banco comercial/múltiplo com carteira comercial ou caixa econômica;Bancário;1;Público;1;BRASILIA;DF;2024-12-31;2304111780;1035355456;2123233263;1823965562;180878517;17590402;3998;504
ITAÚ UNIBANCO S.A.;60701190;ITAU - PRUDENCIAL;00010069;00080099;B1;Banco comercial/múltiplo com carteira comercial ou caixa econômica;Bancário;2;Privado nacional;8;SAO PAULO;SP;2024-12-31;2090514801;465343681;1923956572;1665638298;166558229;13515544;2012;1111
CAIXA ECONOMICA FEDERAL;360305;CAIXA ECONÔMICA FEDERAL - PRUDENCIAL;00051626;00080738;B1;Banco comercial/múltiplo com carteira comercial ou caixa econômica;Bancário;1;Público;6;BRASILIA;DF;2024-12-31;2026391650;1236308293;1922423528;1733095215;103968122;7311709;3258;917
BANCO BRADESCO S.A.;60746948;BRADESCO - PRUDENCIAL;00010045;00080075;B1;Banco comercial/múltiplo com carteira comercial ou caixa econômica;Bancário;2;Privado nacional;8;OSASCO;SP;2024-12-31;1679911718;574872142;1519425009;1310203122;160486709;10158657;2298;918
BANCO SANTANDER (BRASIL) S.A.;90400888;SANTANDER - PRUDENCIAL;00030379;00080185;B1;Banco comercial/múltiplo com carteira comercial ou caixa econômica;Bancário;3;Controle estrangeiro;8;SAO PAULO;SP;2024-12-31;1264470631;364726470;1174365612;890700989;90105019;6953930;2434;1496
BANCO NACIONAL DE DESENVOLVIMENTO ECONOMICO E SOCIAL;33657248;BNDES - PRUDENCIAL;;00081847;B4;Banco de desenvolvimento;Bancário;1;Público;4;RIO DE JANEIRO;RJ;2024-12-31;835928013;297015853;677486971;180799688;158441043;13052660;5;0
BANCO BTG PACTUAL S.A.;30306294;BTG PACTUAL - PRUDENCIAL;00049944;00080336;B1;Banco comercial/múltiplo com carteira comercial ou caixa econômica;Bancário;2;Privado nacional;8;RIO DE JANEIRO;RJ;2024-12-31;483090797;45322392;425624278;314443158;57466519;6192330;26;0
ITAÚ UNIBANCO HOLDING S.A.;60872504;ITAU - PRUDENCIAL;00010069;00080099;B2;Banco múltiplo sem carteira comercial, banco de câmbio ou investimento;Bancário;2;Privado nacional;8;SAO PAULO;SP;2024-12-31;438911336;167784027;236769695;100335490;202141641;19244016;2;7
BANCO SAFRA S.A.;58160789;SAFRA - PRUDENCIAL;00010083;00080109;B1;Banco comercial/múltiplo com carteira comercial ou caixa econômica;Bancário;2;Privado nacional;8;SAO PAULO;SP;2024-12-31;262962081;61882464;242125734;198222447;20836347;1992944;126;3
BANCO CITIBANK S.A.;33479023;CITIBANK - PRUDENCIAL;00030403;00080192;B1;Banco comercial/múltiplo com carteira comercial ou caixa econômica;Bancário;3;Controle estrangeiro;8;SAO PAULO;SP;2024-12-31;213366308;36464119;209006811;151520666;4359497;993162;47;8
BANCO COOPERATIVO SICREDI S.A.;1181521;BCO COOPERATIVO SICREDI - PRUDENCIAL;;00080745;B1;Banco comercial/múltiplo com carteira comercial ou caixa econômica;Bancário;2;Privado nacional;11;PORTO ALEGRE;RS;2024-12-31;191215588;38658113;186264582;165305069;4951006;73474;6;0
BANCO XP S.A.;33264668;XP - PRUDENCIAL;00052120;00082475;B1;Banco comercial/múltiplo com carteira comercial ou caixa econômica;Bancário;2;Privado nacional;8;RIO DE JANEIRO;RJ;2024-12-31;188001927;28003463;177219077;128998580;10782849;573959;2;0
NU FINANCEIRA S.A. - SOCIEDADE DE CRÉDITO, FINANCIAMENTO E INVESTIMENTO;30680829;NU PAGAMENTOS - PRUDENCIAL;00052058;00084693;N1;Instituição não bancária de crédito;Não bancário;2;Privado nacional;14;SAO PAULO;SP;2024-12-31;176857399;65540432;164271183;150263397;12586216;4832681;2;0
XP INVESTIMENTOS CORRETORA DE CÂMBIO,TÍTULOS E VALORES MOBILIÁRIOS S/A;2332886;XP - PRUDENCIAL;00052120;00082475;N2;Instituição não bancária do mercado de capitais;Não bancário;2;Privado nacional;15;RIO DE JANEIRO;RJ;2024-12-31;154072573;0;146788510;110138770;7284063;164545;4;0
BANCO COOPERATIVO SICOOB S.A. - BANCO SICOOB;2038232;BANCO SICOOB - PRUDENCIAL;00051750;00080879;B1;Banco comercial/múltiplo com carteira comercial ou caixa econômica;Bancário;2;Privado nacional;11;BRASILIA;DF;2024-12-31;153548342;33028536;148552130;130107385;4996213;283345;5;0
BANCO DO ESTADO DO RIO GRANDE DO SUL S.A.;92702067;BANRISUL - PRUDENCIAL;00030173;00080154;B1;Banco comercial/múltiplo com carteira comercial ou caixa econômica;Bancário;1;Público;8;PORTO ALEGRE;RS;2024-12-31;145223400;62045229;134813398;124004508;10410002;480966;496;41
BANCO VOTORANTIM S.A.;59588111;VOTORANTIM - PRUDENCIAL;00051011;00080484;B1;Banco comercial/múltiplo com carteira comercial ou caixa econômica;Bancário;2;Privado nacional;8;SAO PAULO;SP;2024-12-31;134567169;69806133;120829321;101155781;13737848;1013666;4;5
REDECARD INSTITUIÇÃO DE PAGAMENTO S.A.;1425787;ITAU - PRUDENCIAL;;00080099;N4;Instituição de pagamento;Não bancário;2;Privado nacional;41;SAO PAULO;SP;2024-12-31;128999093;0;83966132;0;45032961;1848661;1;0
CIELO S.A. - INSTITUIÇÃO DE PAGAMENTO;1027058;CIELO IP - PRUDENCIAL;;00084710;N4;Instituição de pagamento;Não bancário;2;Privado nacional;41;BARUERI;SP;2024-12-31;120211375;0;110984502;7694345;9226873;550181;1;0
BANCO J.P. MORGAN S.A.;33172537;JP MORGAN CHASE - PRUDENCIAL;00020107;00080116;B1;Banco comercial/múltiplo com carteira comercial ou caixa econômica;Bancário;3;Controle estrangeiro;8;SAO PAULO;SP;2024-12-31;111468214;2793995;100578011;60039672;10890203;940802;3;0
NU PAGAMENTOS S.A. - INSTITUIÇÃO DE PAGAMENTO;18236120;NU PAGAMENTOS - PRUDENCIAL;;00084693;N4;Instituição de pagamento;Não bancário;2;Privado nacional;41;SAO PAULO;SP;2024-12-31;94467214;57079909;75411251;7559910;19055963;5470598;1;0
BANCO BNP PARIBAS BRASIL S.A.;1522368;BNP PARIBAS - PRUDENCIAL;;00080673;B1;Banco comercial/múltiplo com carteira comercial ou caixa econômica;Bancário;3;Controle estrangeiro;8;SAO PAULO;SP;2024-12-31;93391900;8316095;89687186;26046514;3704714;-23869;2;0
BANCO DAYCOVAL S.A.;62232889;BCO DAYCOVAL S.A - PRUDENCIAL;00051987;00081744;B1;Banco comercial/múltiplo com carteira comercial ou caixa econômica;Bancário;2;Privado nacional;8;SAO PAULO;SP;2024-12-31;85226039;45309514;78152618;67749569;7073422;883223;52;0
AYMORÉ CRÉDITO, FINANCIAMENTO E INVESTIMENTO S.A.;7707650;SANTANDER - PRUDENCIAL;00030379;00080185;N1;Instituição não bancária de crédito;Não bancário;3;Controle estrangeiro;14;SAO PAULO;SP;2024-12-31;83622193;74093940;74321456;55803965;9300737;1615833;1;0
BANCO C6 S.A.;31872495;BANCO C6 - PRUDENCIAL;00052072;00084844;B1;Banco comercial/múltiplo com carteira comercial ou caixa econômica;Bancário;2;Privado nacional;8;SAO PAULO;SP;2024-12-31;75373834;31025223;71512528;49873313;3861306;1619718;2;0
BANCO INTER S.A.;416968;INTER - PRUDENCIAL;00051884;00080996;B1;Banco comercial/múltiplo com carteira comercial ou caixa econômica;Bancário;2;Privado nacional;8;BELO HORIZONTE;MG;2024-12-31;74392458;34156336;67136434;56752273;7256024;388155;17;0
GETNET ADQUIRÊNCIA E SERVIÇOS PARA MEIOS DE PAGAMENTO S.A. INSTITUIÇÃO DE PAGAMENTO;10440482;SANTANDER - PRUDENCIAL;;00080185;N4;Instituição de pagamento;Não bancário;3;Controle estrangeiro;41;SAO PAULO;SP;2024-12-31;72070743;0;68922836;221950;3147907;279918;1;0
PAGSEGURO INTERNET INSTITUIÇÃO DE PAGAMENTO S.A.;8561701;PAGSEGURO - PRUDENCIAL;;00084813;N4;Instituição de pagamento;Não bancário;2;Privado nacional;41;SAO PAULO;SP;2024-12-31;70181682;596398;60396195;39427499;9785487;479742;1;0
BANCO DO NORDESTE DO BRASIL S.A.;7237373;BCO DO NORDESTE DO BRASIL S.A. - PRUDENCIAL;;00081593;B1;Banco comercial/múltiplo com carteira comercial ou caixa econômica;Bancário;1;Público;8;FORTALEZA;CE;2024-12-31;69962975;17153023;56011703;25065904;13951273;1322448;298;1
BANCO PAN S.A.;59285411;BTG PACTUAL - PRUDENCIAL;00049944;00080336;B1;Banco comercial/múltiplo com carteira comercial ou caixa econômica;Bancário;2;Privado nacional;8;RIO DE JANEIRO;RJ;2024-12-31;66636495;52357111;58209318;53308397;8427177;385407;2;0
BANCO ABC BRASIL S.A.;28195667;ABC-BRASIL - PRUDENCIAL;00041856;00080312;B1;Banco comercial/múltiplo com carteira comercial ou caixa econômica;Bancário;3;Controle estrangeiro;8;SAO PAULO;SP;2024-12-31;65546281;17854916;59158936;47430794;6387345;498140;13;0
BANCO MASTER S/A;33923798;BANCO MASTER - PRUDENCIAL;00050201;00080367;B1;Banco comercial/múltiplo com carteira comercial ou caixa econômica;Bancário;2;Privado nacional;2;RIO DE JANEIRO;RJ;2024-12-31;63014692;22463656;58273979;53918212;4740712;566760;3;3
BANCO RABOBANK INTERNATIONAL BRASIL S.A.;1023570;BCO RABOBANK INTL BRASIL S.A. - PRUDENCIAL;;00081555;B1;Banco comercial/múltiplo com carteira comercial ou caixa econômica;Bancário;3;Controle estrangeiro;8;SAO PAULO;SP;2024-12-31;61570955;36325458;56452688;44483768;5118267;159093;19;0
BRB - BANCO DE BRASILIA S.A.;208;BRB - PRUDENCIAL;00031976;00080288;B1;Banco comercial/múltiplo com carteira comercial ou caixa econômica;Bancário;1;Público;8;BRASILIA;DF;2024-12-31;61002363;36767077;57315032;51909668;3687331;187996;108;135
MERCADO PAGO INSTITUIÇÃO DE PAGAMENTO LTDA.;10573521;MERCADO PAGO IP - PRUDENCIAL;;00084820;N4;Instituição de pagamento;Não bancário;3;Controle estrangeiro;41;OSASCO;SP;2024-12-31;60153400;9877937;56913841;24239235;3239559;522595;1;0
STONE INSTITUIÇÃO DE PAGAMENTO S.A.;16501555;STONE IP - PRUDENCIAL;;00084686;N4;Instituição de pagamento;Não bancário;3;Controle estrangeiro;41;SAO PAULO;SP;2024-12-31;59909493;0;57546651;18144397;2362842;-47514;1;0
BANCO BRADESCO FINANCIAMENTOS S.A.;7207996;BRADESCO - PRUDENCIAL;00010045;00080075;B1;Banco comercial/múltiplo com carteira comercial ou caixa econômica;Bancário;2;Privado nacional;8;OSASCO;SP;2024-12-31;58706157;46961335;57765247;55151831;940910;88704;3;5
BANCO DA AMAZONIA S.A.;4902979;BCO DA AMAZONIA S.A. - PRUDENCIAL;;00081249;B1;Banco comercial/múltiplo com carteira comercial ou caixa econômica;Bancário;1;Público;2;BELEM;PA;2024-12-31;54315898;32341385;47784807;14327017;6531091;592881;115;0
BANCO VOLKSWAGEN S.A.;59109165;VOLKSWAGEN - PRUDENCIAL;;00080202;B2;Banco múltiplo sem carteira comercial, banco de câmbio ou investimento;Bancário;3;Controle estrangeiro;8;SAO PAULO;SP;2024-12-31;53284781;46667201;48181605;43411706;5103176;310483;2;0
BANCO BMG S.A.;61186680;BMG - PRUDENCIAL;00030290;00080178;B1;Banco comercial/múltiplo com carteira comercial ou caixa econômica;Bancário;2;Privado nacional;8;SAO PAULO;SP;2024-12-31;50698718;21830307;46393080;37493791;4305637;218780;27;2
GOLDMAN SACHS DO BRASIL BANCO MULTIPLO S.A.;4332281;GOLDMAN SACHS - PRUDENCIAL;00051585;00080714;B2;Banco múltiplo sem carteira comercial, banco de câmbio ou investimento;Bancário;3;Controle estrangeiro;8;SAO PAULO;SP;2024-12-31;49495913;301780;45450096;20463321;4045817;487237;2;0
BANK OF AMERICA MERRILL LYNCH BANCO MÚLTIPLO S.A.;62073200;BOFA MERRILL LYNCH - PRUDENCIAL;00051255;00080556;B1;Banco comercial/múltiplo com carteira comercial ou caixa econômica;Bancário;3;Controle estrangeiro;8;SAO PAULO;SP;2024-12-31;49039680;2257457;43642569;25921925;5397111;572626;2;0
BANCOSEGURO S.A.;10264663;PAGSEGURO - PRUDENCIAL;00052182;00084813;B1;Banco comercial/múltiplo com carteira comercial ou caixa econômica;Bancário;2;Privado nacional;8;SAO PAULO;SP;2024-12-31;43076973;36220497;42256853;41677072;820120;16722;2;0
BANCO MIZUHO DO BRASIL S.A.;61088183;MIZUHO - PRUDENCIAL;;00080697;B1;Banco comercial/múltiplo com carteira comercial ou caixa econômica;Bancário;3;Controle estrangeiro;8;SAO PAULO;SP;2024-12-31;42364593;2332144;41156077;13965288;1208517;86621;2;0
BANCO ITAÚ CONSIGNADO S.A.;33885724;ITAU - PRUDENCIAL;00010069;00080099;B1;Banco comercial/múltiplo com carteira comercial ou caixa econômica;Bancário;2;Privado nacional;8;SAO PAULO;SP;2024-12-31;39726207;30099585;38487492;37914513;1238715;39695;2;0
BANCO C6 CONSIGNADO S.A.;61348538;BANCO C6 - PRUDENCIAL;00052072;00084844;B1;Banco comercial/múltiplo com carteira comercial ou caixa econômica;Bancário;2;Privado nacional;8;SAO PAULO;SP;2024-12-31;39319635;26100546;36317631;25682485;3002005;286149;2;0
BANESTES S.A. BANCO DO ESTADO DO ESPIRITO SANTO;28127603;BANESTES - PRUDENCIAL;00030159;00080147;B1;Banco comercial/múltiplo com carteira comercial ou caixa econômica;Bancário;1;Público;8;VITORIA;ES;2024-12-31;37058266;11755654;34701052;33193396;2357214;224025;89;63
SAFRA CRÉDITO, FINANCIAMENTO E INVESTIMENTO S.A.;45437547;SAFRA - PRUDENCIAL;00010083;00080109;N1;Instituição não bancária de crédito;Não bancário;2;Privado nacional;14;SAO PAULO;SP;2024-12-31;35941127;22893030;35447645;34660437;493482;337180;2;0
BANCO MUFG BRASIL S.A.;60498557;BCO MUFG BRASIL S.A. - PRUDENCIAL;;00081713;B1;Banco comercial/múltiplo com carteira comercial ou caixa econômica;Bancário;3;Controle estrangeiro;8;SAO PAULO;SP;2024-12-31;34964454;2174820;33414683;7155526;1549771;35442;2;0
CITIBANK N.A.;33042953;CITIBANK - PRUDENCIAL;00030403;00080192;B1;Banco comercial/múltiplo com carteira comercial ou caixa econômica;Bancário;3;Controle estrangeiro;28;SAO PAULO;SP;2024-12-31;33645846;98769;27003269;15046249;6642577;412434;2;0
BANCO CLASSICO S.A.;31597552;BCO CLASSICO S.A. - PRUDENCIAL;;00081665;B1;Banco comercial/múltiplo com carteira comercial ou caixa econômica;Bancário;2;Privado nacional;8;RIO DE JANEIRO;RJ;2024-12-31;30997096;0;13988861;4102330;17008235;111298;2;0
DEUTSCHE BANK S.A. - BANCO ALEMAO;62331228;DEUTSCHE - PRUDENCIAL;;00080532;B1;Banco comercial/múltiplo com carteira comercial ou caixa econômica;Bancário;3;Controle estrangeiro;8;SAO PAULO;SP;2024-12-31;30505151;2113487;27803497;11575965;2701653;72995;2;0
BANCO AGIBANK S.A.;10664513;AGIBANK - PRUDENCIAL;00051956;00083694;B1;Banco comercial/múltiplo com carteira comercial ou caixa econômica;Bancário;2;Privado nacional;2;CAMPINAS;SP;2024-12-31;30073955;23993869;27354194;21340392;2719761;428770;2;237
BANCO CNH INDUSTRIAL CAPITAL S.A.;2992446;BANCO CNH INDUSTRIAL CAPITAL S.A - PRUDENCIAL;;00081407;B2;Banco múltiplo sem carteira comercial, banco de câmbio ou investimento;Bancário;3;Controle estrangeiro;8;CURITIBA;PR;2024-12-31;29259678;28039483;26605871;24504560;2653807;4270;2;0
BANCO ORIGINAL S.A.;92894922;ORIGINAL - PRUDENCIAL;;00080903;B1;Banco comercial/múltiplo com carteira comercial ou caixa econômica;Bancário;2;Privado nacional;8;SAO PAULO;SP;2024-12-31;28399600;15167102;26668837;24597277;1730762;-165893;2;0
BANCO BOCOM BBM S.A.;15114366;BOCOM - PRUDENCIAL;00052003;00084624;B1;Banco comercial/múltiplo com carteira comercial ou caixa econômica;Bancário;3;Controle estrangeiro;8;SALVADOR;BA;2024-12-31;28032593;11390321;26638556;23220029;1394037;135980;4;0
BANCO PINE S.A.;62144175;PINE - PRUDENCIAL;00050304;00080374;B1;Banco comercial/múltiplo com carteira comercial ou caixa econômica;Bancário;2;Privado nacional;8;SAO PAULO;SP;2024-12-31;27877974;9446583;26650767;22505776;1227207;131436;3;0
BANCO CRÉDIT AGRICOLE BRASIL S.A.;75647891;CREDIT AGRICOLE - PRUDENCIAL;;00080491;B1;Banco comercial/múltiplo com carteira comercial ou caixa econômica;Bancário;3;Controle estrangeiro;8;SAO PAULO;SP;2024-12-31;26867826;8472076;24206188;13859137;2661638;106869;2;0
BANCO MERCANTIL DO BRASIL S.A.;17184037;MERCANTIL DO BRASIL - PRUDENCIAL;00020152;00080123;B1;Banco comercial/múltiplo com carteira comercial ou caixa econômica;Bancário;2;Privado nacional;8;BELO HORIZONTE;MG;2024-12-31;26250981;16663565;24162675;20613679;2088307;406349;3;253
COOPERATIVA CENTRAL DE CRÉDITO DE MINAS GERAIS LTDA. - SICOOB CENTRAL CREDIMINAS;25683434;;;;B3C;Central/confederação de cooperativas de crédito;Cooperativas;2;Privado nacional;9;BELO HORIZONTE;MG;2024-12-31;26086412;223056;24685253;462622;1401159;66455;0;0
PICPAY BANK - BANCO MÚLTIPLO S.A;9516419;PICPAY - PRUDENCIAL;00052632;00088022;B1;Banco comercial/múltiplo com carteira comercial ou caixa econômica;Bancário;2;Privado nacional;8;SAO PAULO;SP;2024-12-31;26079292;13387013;25349507;20407944;729785;101597;2;0
BANCO REGIONAL DE DESENVOLVIMENTO DO EXTREMO SUL;92816560;BD REGIONAL DO EXTREMO SUL - PRUDENCIAL;;00081311;B4;Banco de desenvolvimento;Bancário;1;Público;5;PORTO ALEGRE;RS;2024-12-31;25591458;21510487;21095560;19427470;4495898;342863;4;0
BANCO DIGIO S.A.;27098060;BRADESCO - PRUDENCIAL;00010045;00080075;B2;Banco múltiplo sem carteira comercial, banco de câmbio ou investimento;Bancário;2;Privado nacional;8;OSASCO;SP;2024-12-31;25118853;17687406;24500825;22056550;618028;-202477;2;0
BANCO MORGAN STANLEY S.A.;2801938;MORGAN STANLEY - PRUDENCIAL;00051413;00080628;B1;Banco comercial/múltiplo com carteira comercial ou caixa econômica;Bancário;3;Controle estrangeiro;8;SAO PAULO;SP;2024-12-31;24990055;0;21102977;10172730;3887078;213278;2;0
BANCO SOCIETE GENERALE BRASIL S.A.;61533584;SOCIETE GENERALE - PRUDENCIAL;00031859;00080264;B1;Banco comercial/múltiplo com carteira comercial ou caixa econômica;Bancário;3;Controle estrangeiro;8;SAO PAULO;SP;2024-12-31;24459247;322819;22841827;5427204;1617421;-61026;2;0
BANCO HSBC S.A.;53518684;BANCO HSBC - PRUDENCIAL;;00084741;B1;Banco comercial/múltiplo com carteira comercial ou caixa econômica;Bancário;3;Controle estrangeiro;8;SAO PAULO;SP;2024-12-31;22726041;3174519;21397749;9215579;1328292;130486;2;0
BANCO CSF S.A.;8357240;BCO CSF S.A. - PRUDENCIAL;;00081610;B2;Banco múltiplo sem carteira comercial, banco de câmbio ou investimento;Bancário;2;Privado nacional;8;SAO PAULO;SP;2024-12-31;21338055;21560586;17750176;3646414;3587880;138919;2;0
BANCO MERCEDES-BENZ DO BRASIL S.A.;60814191;MERCEDES-BENZ - PRUDENCIAL;00051262;00080563;B2;Banco múltiplo sem carteira comercial, banco de câmbio ou investimento;Bancário;3;Controle estrangeiro;8;SAO BERNARDO DO CAMPO;SP;2024-12-31;20841513;19602499;18231862;17421052;2609650;97921;2;0
LUIZACRED S.A. SOCIEDADE DE CRÉDITO, FINANCIAMENTO E INVESTIMENTO;2206577;ITAU - PRUDENCIAL;00010069;00080099;N1;Instituição não bancária de crédito;Não bancário;2;Privado nacional;14;SAO PAULO;SP;2024-12-31;19682404;20274108;17588712;4089803;2093692;232256;2;0
BANCO DE INVESTIMENTOS CREDIT SUISSE (BRASIL) S.A.;33987793;UBS (BRASIL) - PRUDENCIAL;00030771;00080219;B2;Banco múltiplo sem carteira comercial, banco de câmbio ou investimento;Bancário;3;Controle estrangeiro;13;SAO PAULO;SP;2024-12-31;19647939;2575389;13230630;6812037;6417309;292000;3;0
PORTOSEG S.A. - CREDITO, FINANCIAMENTO E INVESTIMENTO;4862600;PORTO SEGURO - PRUDENCIAL;00051444;00080642;N1;Instituição não bancária de crédito;Não bancário;2;Privado nacional;14;SAO PAULO;SP;2024-12-31;19318713;18870915;18211133;3116001;1107579;137441;2;0
CENTRAL DAS COOPERATIVAS DE ECONOMIA E CREDITO DO ESTADO DE MINAS GERAIS LTDA. - SICOOB CENTRAL CECREMGE;309024;;;;B3C;Central/confederação de cooperativas de crédito;Cooperativas;2;Privado nacional;9;BELO HORIZONTE;MG;2024-12-31;18684390;1148308;17942662;0;741729;25412;0;0
REDECARD SOCIEDADE DE CRÉDITO DIRETO S.A.;46743943;ITAU - PRUDENCIAL;00010069;00080099;N1;Instituição não bancária de crédito;Não bancário;2;Privado nacional;43;SAO PAULO;SP;2024-12-31;18460464;0;653026;0;17807438;877647;2;0
COOPERATIVA CENTRAL DE CRÉDITO DE SANTA CATARINA E RIO GRANDE DO SUL - SICOOB CENTRAL SC/RS;80160260;;;;B3C;Central/confederação de cooperativas de crédito;Cooperativas;2;Privado nacional;9;FLORIANOPOLIS;SC;2024-12-31;18415641;180442;17229268;705693;1186373;46656;0;0
BRADESCO LEASING S.A. - ARRENDAMENTO MERCANTIL;47509120;BRADESCO - PRUDENCIAL;00010045;00080075;N1;Instituição não bancária de crédito;Não bancário;2;Privado nacional;19;OSASCO;SP;2024-12-31;18274391;6235852;14099548;9989741;4174843;189493;2;0
BANCO FIBRA S.A.;58616418;BCO FIBRA S.A. - PRUDENCIAL;;00081483;B1;Banco comercial/múltiplo com carteira comercial ou caixa econômica;Bancário;2;Privado nacional;8;SAO PAULO;SP;2024-12-31;18221275;5300538;16969083;15846945;1252191;39089;2;0
BANCO DO ESTADO DO PARÁ S.A.;4913711;BCO DO EST. DO PA S.A. - PRUDENCIAL;;00081586;B1;Banco comercial/múltiplo com carteira comercial ou caixa econômica;Bancário;1;Público;8;BELEM;PA;2024-12-31;17964376;14282848;15858096;15241525;2106280;168099;164;34
BANCO GM S.A.;59274605;GM - PRUDENCIAL;;00080848;B2;Banco múltiplo sem carteira comercial, banco de câmbio ou investimento;Bancário;3;Controle estrangeiro;8;SAO PAULO;SP;2024-12-31;17758642;14253425;15167371;12906464;2591271;178318;2;0
BANCO VOLVO BRASIL S.A.;58017179;VOLVO - PRUDENCIAL;;00080769;B2;Banco múltiplo sem carteira comercial, banco de câmbio ou investimento;Bancário;3;Controle estrangeiro;8;CURITIBA;PR;2024-12-31;17607250;14890870;14058329;13849264;3548920;205661;2;0
BANCO JOHN DEERE S.A.;91884981;JOHN DEERE - PRUDENCIAL;;00080343;B1;Banco comercial/múltiplo com carteira comercial ou caixa econômica;Bancário;3;Controle estrangeiro;8;INDAIATUBA;SP;2024-12-31;17487977;17124488;14995603;14794977;2492374;902;2;0
BANCO SOFISA S.A.;60889128;SOFISA - PRUDENCIAL;00031873;00080271;B1;Banco comercial/múltiplo com carteira comercial ou caixa econômica;Bancário;2;Privado nacional;8;SAO PAULO;SP;2024-12-31;17037117;7543762;15914456;15018339;1122661;72585;23;0
SCANIA BANCO S.A.;11417016;SCANIA - PRUDENCIAL;;00080776;B2;Banco múltiplo sem carteira comercial, banco de câmbio ou investimento;Bancário;3;Controle estrangeiro;8;SAO BERNARDO DO CAMPO;SP;2024-12-31;16426833;16323358;15094713;14751581;1332120;30113;2;0
SANTANDER LEASING S.A. ARRENDAMENTO MERCANTIL;47193149;SANTANDER - PRUDENCIAL;00030379;00080185;N1;Instituição não bancária de crédito;Não bancário;3;Controle estrangeiro;19;SAO PAULO;SP;2024-12-31;16240951;3343208;6175262;2731569;10065689;360549;2;0
BANCO DE LAGE LANDEN BRASIL S.A.;5040481;BCO DE LAGE LANDEN BRASIL S.A. - PRUDENCIAL;;00081421;B2;Banco múltiplo sem carteira comercial, banco de câmbio ou investimento;Bancário;3;Controle estrangeiro;8;PORTO ALEGRE;RS;2024-12-31;16001738;15160887;14562469;12863392;1439269;-161832;3;0
WILL FINANCEIRA S.A. CRÉDITO, FINANCIAMENTO E INVESTIMENTO;23862762;BANCO MASTER - PRUDENCIAL;00050201;00080367;N1;Instituição não bancária de crédito;Não bancário;2;Privado nacional;14;RIO DE JANEIRO;RJ;2024-12-31;15939345;10553820;15507683;7570542;431662;151697;2;0
BANK OF CHINA (BRASIL) BANCO MÚLTIPLO S/A;7450604;BANK OF CHINA (BRASIL) - PRUDENCIAL;00032119;00080295;B1;Banco comercial/múltiplo com carteira comercial ou caixa econômica;Bancário;3;Controle estrangeiro;8;SAO PAULO;SP;2024-12-31;15887078;8417209;14593988;13517954;1293090;-208610;9;0
COOPERATIVA DE CREDITO CREDICITRUS;54037916;;;;B3S;Cooperativa de crédito singular;Cooperativas;2;Privado nacional;9;BEBEDOURO;SP;2024-12-31;15820732;6529323;12738641;11309577;3082091;214145;0;127
BANCO ALFA DE INVESTIMENTO S.A.;60770336;SAFRA - PRUDENCIAL;00010083;00080109;B2;Banco múltiplo sem carteira comercial, banco de câmbio ou investimento;Bancário;2;Privado nacional;13;SAO PAULO;SP;2024-12-31;15545750;2470305;14121673;13397510;1424078;-135126;9;2
KIRTON BANK S.A. - BANCO MÚLTIPLO;1701201;BRADESCO - PRUDENCIAL;00010045;00080075;B1;Banco comercial/múltiplo com carteira comercial ou caixa econômica;Bancário;2;Privado nacional;8;OSASCO;SP;2024-12-31;15387365;231330;3446666;1960890;11940699;227687;1;0
BANCO BRADESCARD S.A.;4184779;BRADESCO - PRUDENCIAL;00010045;00080075;B1;Banco comercial/múltiplo com carteira comercial ou caixa econômica;Bancário;2;Privado nacional;8;OSASCO;SP;2024-12-31;15070782;9809254;14582116;6826789;488666;-126281;2;0
BANCO NACIONAL S.A.;17157777;BTG PACTUAL - PRUDENCIAL;00049944;00080336;B2;Banco múltiplo sem carteira comercial, banco de câmbio ou investimento;Bancário;2;Privado nacional;8;RIO DE JANEIRO;RJ;2024-12-31;14891301;763;8090407;0;6800893;2001598;1;0
BR PARTNERS BANCO DE INVESTIMENTO S.A.;13220493;BR PARTNERS - PRUDENCIAL;;00080934;B2;Banco múltiplo sem carteira comercial, banco de câmbio ou investimento;Bancário;2;Privado nacional;13;SAO PAULO;SP;2024-12-31;14787502;466940;14111196;12087548;676306;-7264;2;0
HIPERCARD BANCO MÚLTIPLO S.A.;3012230;ITAU - PRUDENCIAL;00010069;00080099;B1;Banco comercial/múltiplo com carteira comercial ou caixa econômica;Bancário;2;Privado nacional;8;SAO PAULO;SP;2024-12-31;14664665;11826384;11855119;1568046;2809545;236377;2;0
COOPERATIVA DE CREDITO VALE DO ITAJAI - VIACREDI;82639451;;;;B3S;Cooperativa de crédito singular;Cooperativas;2;Privado nacional;9;BLUMENAU;SC;2024-12-31;14514660;8935833;11711803;10489724;2802858;157827;0;115
SCOTIABANK BRASIL S.A. BANCO MÚLTIPLO;29030467;SCOTIABANK BRASIL - PRUDENCIAL;00052230;00081452;B1;Banco comercial/múltiplo com carteira comercial ou caixa econômica;Bancário;3;Controle estrangeiro;8;SAO PAULO;SP;2024-12-31;14470292;1386406;11046391;5212835;3423901;222927;2;0
COOPERATIVA CENTRAL DE CRÉDITO COM INTERAÇÃO SOLIDÁRIA - CENTRAL CRESOL BASER;1401771;;;;B3C;Central/confederação de cooperativas de crédito;Cooperativas;2;Privado nacional;9;FRANCISCO BELTRAO;PR;2024-12-31;14238029;55611;13700060;9215495;537969;1984;0;0
COOPERATIVA CENTRAL DE CRÉDITO DO ESTADO DE SÃO PAULO - SICOOB SÃO PAULO;63917579;;;;B3C;Central/confederação de cooperativas de crédito;Cooperativas;2;Privado nacional;9;RIBEIRAO PRETO;SP;2024-12-31;14210934;0;13555095;2092583;655838;28305;0;0
CLOUDWALK INSTITUIÇÃO DE PAGAMENTO E SERVICOS LTDA;18189547;CLOUDWALK IP - PRUDENCIAL;;00086581;N4;Instituição de pagamento;Não bancário;3;Controle estrangeiro;41;SAO PAULO;SP;2024-12-31;13862388;0;12834815;1216284;1027573;197003;1;0
BANCO BRADESCO BBI S.A.;6271464;BRADESCO - PRUDENCIAL;00010045;00080075;B1;Banco comercial/múltiplo com carteira comercial ou caixa econômica;Bancário;2;Privado nacional;8;OSASCO;SP;2024-12-31;13459863;179;8777595;7400547;4682268;1041063;4;0
COOPERATIVA CENTRAL DE CRÉDITO UNICRED DO BRASIL - UNICRED DO BRASIL;315557;;;;B3C;Central/confederação de cooperativas de crédito;Cooperativas;2;Privado nacional;9;SAO PAULO;SP;2024-12-31;13266821;0;12674572;0;592250;-35609;0;1
BANCO MASTER DE INVESTIMENTO S.A.;9526594;BANCO MASTER - PRUDENCIAL;00050201;00080367;B2;Banco múltiplo sem carteira comercial, banco de câmbio ou investimento;Bancário;2;Privado nacional;13;RIO DE JANEIRO;RJ;2024-12-31;13135183;0;13118861;13093438;16322;-32918;2;2
SICOOB COCRED COOPERATIVA DE CRÉDITO;71328769;;;;B3S;Cooperativa de crédito singular;Cooperativas;2;Privado nacional;9;SERTAOZINHO;SP;2024-12-31;12874463;5161075;11169075;10148783;1705388;159191;0;43
BANCO RCI BRASIL S.A.;62307848;SANTANDER - PRUDENCIAL;00030379;00080185;B2;Banco múltiplo sem carteira comercial, banco de câmbio ou investimento;Bancário;3;Controle estrangeiro;8;SAO PAULO;SP;2024-12-31;12806942;8874585;11281876;10314718;1525066;143907;2;0
COOPERATIVA CENTRAL DE CREDITO DO ESPIRITO SANTO - SICOOB CENTRAL ES;32428294;;;;B3C;Central/confederação de cooperativas de crédito;Cooperativas;2;Privado nacional;9;VITORIA;ES;2024-12-31;12631952;115800;12002481;412812;629470;25630;0;0
MERCADO CRÉDITO SOCIEDADE DE CRÉDITO, FINANCIAMENTO E INVESTIMENTO S.A.;37679449;MERCADO PAGO IP - PRUDENCIAL;;00084820;N1;Instituição não bancária de crédito;Não bancário;3;Controle estrangeiro;14;OSASCO;SP;2024-12-31;12564778;7492952;11572428;11102814;992349;-295740;2;0
BANCO DE DESENVOLVIMENTO DE MINAS GERAIS S.A.-BDMG;38486817;BCO DES. DE MG S.A. - PRUDENCIAL;;00081328;B4;Banco de desenvolvimento;Bancário;1;Público;5;BELO HORIZONTE;MG;2024-12-31;12453676;6795997;10190012;9016505;2263664;83847;2;0
COOPERATIVA DE CRÉDITO, POUPANÇA E INVESTIMENTO DEXIS - SICREDI DEXIS;79342069;;;;B3S;Cooperativa de crédito singular;Cooperativas;2;Privado nacional;9;MARINGA;PR;2024-12-31;12207030;5899167;10900516;6371273;1306514;86352;0;113
BANCO SUMITOMO MITSUI BRASILEIRO S.A.;60518222;BCO SUMITOMO MITSUI BRASIL S.A. - PRUDENCIAL;;00081720;B1;Banco comercial/múltiplo com carteira comercial ou caixa econômica;Bancário;3;Controle estrangeiro;8;SAO PAULO;SP;2024-12-31;12159919;2395264;9845162;8001010;2314757;54966;2;0
BANCO TOYOTA DO BRASIL S.A.;3215790;BCO TOYOTA DO BRASIL S.A. - PRUDENCIAL;;00081562;B2;Banco múltiplo sem carteira comercial, banco de câmbio ou investimento;Bancário;3;Controle estrangeiro;8;SAO PAULO;SP;2024-12-31;12004745;10487641;10525760;10303000;1478985;174646;2;0
BANCO DO ESTADO DE SERGIPE S.A.;13009717;BCO DO EST. DE SE S.A. - PRUDENCIAL;;00081634;B1;Banco comercial/múltiplo com carteira comercial ou caixa econômica;Bancário;1;Público;8;ARACAJU;SE;2024-12-31;11725045;4611292;10915003;10432187;810042;74064;65;7
COOPERATIVA CENTRAL DE CRÉDITO - AILOS;5463212;;;;B3C;Central/confederação de cooperativas de crédito;Cooperativas;2;Privado nacional;9;BLUMENAU;SC;2024-12-31;11660738;876267;10836443;2389636;824295;0;0;0
ASSOCIACAO DE POUPANCA E EMPRESTIMO - POUPEX;655522;APE POUPEX - PRUDENCIAL;;00081184;N1;Instituição não bancária de crédito;Não bancário;2;Privado nacional;25;BRASILIA;DF;2024-12-31;11534082;4980770;3658485;3471989;7875597;62244;61;0
BANCO STELLANTIS S.A.;62237425;STELLANTIS - PRUDENCIAL;00052508;00087298;B2;Banco múltiplo sem carteira comercial, banco de câmbio ou investimento;Bancário;3;Controle estrangeiro;8;SAO PAULO;SP;2024-12-31;11533228;7020412;9945640;9653931;1587588;153313;2;0
COOPERATIVA DE CRÉDITO, POUPANÇA E INVESTIMENTO OURO VERDE DO MATO GROSSO - SICREDI OURO VERDE MT;26529420;;;;B3S;Cooperativa de crédito singular;Cooperativas;2;Privado nacional;9;LUCAS DO RIO VERDE;MT;2024-12-31;11414027;6485747;9784013;4813249;1630014;162225;0;40
COOPERATIVA DE CRÉDITO, POUPANÇA E INVESTIMENTO VALE DO PIQUIRI ABCD - SICREDI VALE DO PIQUIRI ABCD PR/SP;81099491;;;;B3S;Cooperativa de crédito singular;Cooperativas;2;Privado nacional;9;PALOTINA;PR;2024-12-31;11348145;7169492;10091360;6340555;1256785;123253;0;97
BANCO BANDEPE S.A.;10866788;SANTANDER - PRUDENCIAL;00030379;00080185;B1;Banco comercial/múltiplo com carteira comercial ou caixa econômica;Bancário;3;Controle estrangeiro;8;SAO PAULO;SP;2024-12-31;11051478;0;5231355;4755405;5820122;245095;2;0
PARANÁ BANCO S.A.;14388334;PARANÁ BANCO - PRUDENCIAL;00030881;00080233;B1;Banco comercial/múltiplo com carteira comercial ou caixa econômica;Bancário;2;Privado nacional;8;CURITIBA;PR;2024-12-31;10622495;7760720;9261726;9005076;1360769;59503;2;0
COOPERATIVA DE CRÉDITO CONEXÃO - SICOOB CONEXÃO;32430233;;;;B3S;Cooperativa de crédito singular;Cooperativas;2;Privado nacional;9;LINHARES;ES;2024-12-31;10429973;5997550;8497109;7017642;1932864;259824;0;45
BANCO BS2 S.A.;71027866;BS2 - PRUDENCIAL;;00080422;B1;Banco comercial/múltiplo com carteira comercial ou caixa econômica;Bancário;2;Privado nacional;8;BELO HORIZONTE;MG;2024-12-31;10347625;2085982;9452944;5866448;894680;70776;3;0
COOPERATIVA DE CRÉDITO, POUPANÇA E INVESTIMENTO VANGUARDA - SICREDI VANGUARDA PR/SP/RJ;78414067;;;;B3S;Cooperativa de crédito singular;Cooperativas;2;Privado nacional;9;MEDIANEIRA;PR;2024-12-31;10294777;6241820;9099792;5491538;1194984;106658;0;97
COOPERATIVA DE CRÉDITO SICREDI SERRANA RS/ES;90608712;;;;B3S;Cooperativa de crédito singular;Cooperativas;2;Privado nacional;9;CARLOS BARBOSA;RS;2024-12-31;9965442;5630394;8941981;6325023;1023461;127745;0;49
COOPERATIVA DE CRÉDITO, POUPANÇA E INVESTIMENTO CAMPOS GERAIS E GRANDE CURITIBA - SICREDI CAMPOS GERAIS E GRANDE CURITIBA PR/SP;81466286;;;;B3S;Cooperativa de crédito singular;Cooperativas;2;Privado nacional;9;PONTA GROSSA;PR;2024-12-31;9892855;4794634;8824193;6066291;1068661;137346;0;50
COOPERATIVA CENTRAL DE CRÉDITO, POUPANÇA E INVESTIMENTO DO SUL E SUDESTE - CENTRAL SICREDI SUL/SUDESTE;87437687;;;;B3C;Central/confederação de cooperativas de crédito;Cooperativas;2;Privado nacional;9;PORTO ALEGRE;RS;2024-12-31;9816011;0;7826055;0;1989957;0;0;0
BANCO INBURSA S.A.;4866275;BCO INBURSA S.A. - PRUDENCIAL;;00081335;B1;Banco comercial/múltiplo com carteira comercial ou caixa econômica;Bancário;3;Controle estrangeiro;8;SAO PAULO;SP;2024-12-31;9755203;9425752;8502342;8452801;1252862;-16491;2;1
BANCO BRADESCO BERJ S.A.;33147315;BRADESCO - PRUDENCIAL;00010045;00080075;B1;Banco comercial/múltiplo com carteira comercial ou caixa econômica;Bancário;2;Privado nacional;8;OSASCO;SP;2024-12-31;9727510;127;8627724;7192870;1099787;7632;2;0
COOPERATIVA DE CRÉDITO, POUPANÇA E INVESTIMENTO SICREDI PIONEIRA RS - SICREDI PIONEIRA RS;91586982;;;;B3S;Cooperativa de crédito singular;Cooperativas;2;Privado nacional;9;NOVA PETROPOLIS;RS;2024-12-31;9727271;5336242;8710943;6547967;1016328;108428;0;56
BANCO DIGIMAIS S.A.;92874270;BANCO DIGIMAIS - PRUDENCIAL;;00081799;B1;Banco comercial/múltiplo com carteira comercial ou caixa econômica;Bancário;3;Controle estrangeiro;8;SAO PAULO;SP;2024-12-31;9550611;2375756;8851785;7653792;698826;-44492;3;1
COOPERATIVA DE CRÉDITO DE LIVRE ADMISSÃO CENTRO BRASILEIRA LTDA.;37395399;;;;B3S;Cooperativa de crédito singular;Cooperativas;2;Privado nacional;9;GOIANIA;GO;2024-12-31;9520104;5052277;8422568;7967505;1097535;55373;0;112
FINANCEIRA ITAÚ CBD S.A. CRÉDITO, FINANCIAMENTO E INVESTIMENTO;6881898;ITAU - PRUDENCIAL;00010069;00080099;N1;Instituição não bancária de crédito;Não bancário;2;Privado nacional;14;SAO PAULO;SP;2024-12-31;9433948;9437110;7974895;679515;1459053;204786;2;0
COOPERATIVA DE CRÉDITO MAXI ALFA DE LIVRE ADMISSÃO DE ASSOCIADOS - SICOOB MAXICRÉDITO;78825270;;;;B3S;Cooperativa de crédito singular;Cooperativas;2;Privado nacional;9;CHAPECO;SC;2024-12-31;9419357;5894584;8285358;7179129;1133999;116394;0;101
STELLANTIS FINANCIAMENTOS SOCIEDADE DE CRÉDITO, FINANCIAMENTO E INVESTIMENTO S.A;3502961;STELLANTIS - PRUDENCIAL;00052508;00087298;N1;Instituição não bancária de crédito;Não bancário;3;Controle estrangeiro;14;SAO PAULO;SP;2024-12-31;9414452;8794559;8231459;6927795;1182993;84064;2;0
C6 CORRETORA DE TÍTULOS E VALORES MOBILIÁRIOS LTDA.;32345784;BANCO C6 - PRUDENCIAL;00052072;00084844;N2;Instituição não bancária do mercado de capitais;Não bancário;2;Privado nacional;15;SAO PAULO;SP;2024-12-31;9320027;0;8958010;8396032;362017;157252;2;0
BANCO HONDA S.A.;3634220;HONDA - PRUDENCIAL;00051396;00080611;B2;Banco múltiplo sem carteira comercial, banco de câmbio ou investimento;Bancário;3;Controle estrangeiro;8;SAO PAULO;SP;2024-12-31;9199489;7940936;7841427;7427402;1358063;159068;2;0
PICPAY INSTITUIÇÃO DE PAGAMENTO S.A.;22896431;PICPAY - PRUDENCIAL;00052632;00088022;N4;Instituição de pagamento;Não bancário;2;Privado nacional;41;SAO PAULO;SP;2024-12-31;8889080;0;7648510;3687815;1240570;210392;1;0
SISPRIME DO BRASIL - COOPERATIVA DE CRÉDITO;2398976;;;;B3S;Cooperativa de crédito singular;Cooperativas;2;Privado nacional;9;LONDRINA;PR;2024-12-31;8870155;4632675;7369088;6924185;1501067;124302;0;50
BANCO BV S.A.;1858774;VOTORANTIM - PRUDENCIAL;00051011;00080484;B1;Banco comercial/múltiplo com carteira comercial ou caixa econômica;Bancário;2;Privado nacional;8;SAO PAULO;SP;2024-12-31;8683206;4577000;5213557;1700897;3469649;-124567;3;0
ÁGORA CORRETORA DE TITULOS E VALORES MOBILIARIOS S.A.;74014747;BRADESCO - PRUDENCIAL;00010045;00080075;N2;Instituição não bancária do mercado de capitais;Não bancário;2;Privado nacional;15;OSASCO;SP;2024-12-31;8647714;24383;5447863;0;3199851;109101;2;0
TERRA INVESTIMENTOS DISTRIBUIDORA DE TÍTULOS E VALORES MOBILIÁRIOS LTDA.;3751794;TERRA INVESTIMENTOS DTVM - PRUDENCIAL;;00084514;N2;Instituição não bancária do mercado de capitais;Não bancário;2;Privado nacional;16;SAO PAULO;SP;2024-12-31;8558633;0;8482508;2568633;76126;4819;4;0
ALELO INSTITUICAO DE PAGAMENTO SA;4740876;ALELO IP - PRUDENCIAL;;00087580;N4;Instituição de pagamento;Não bancário;2;Privado nacional;41;BARUERI;SP;2024-12-31;8490416;893969;7594750;6271053;895666;192749;1;0
COOPERATIVA DE CRÉDITO, POUPANÇA E INVESTIMENTO DO SUDOESTE MT/PA - SICREDI SUDOESTE MT/PA;32995755;;;;B3S;Cooperativa de crédito singular;Cooperativas;2;Privado nacional;9;TANGARA DA SERRA;MT;2024-12-31;8381079;4809174;7284256;4719414;1096822;94689;0;96
COOPERATIVA DE CRÉDITO, POUPANÇA E INVESTIMENTO UNIÃO - SICREDI UNIAO RS/ES;88894548;;;;B3S;Cooperativa de crédito singular;Cooperativas;2;Privado nacional;9;CERRO LARGO;RS;2024-12-31;8329913;4615895;7318855;4229141;1011057;88664;0;72
BANCO PACCAR S.A.;28517628;BANCO PACCAR - PRUDENCIAL;;00084899;B2;Banco múltiplo sem carteira comercial, banco de câmbio ou investimento;Bancário;3;Controle estrangeiro;8;PONTA GROSSA;PR;2024-12-31;8315363;7990705;6455877;6129342;1859486;43552;2;0
BANCO BESA S.A.;15124464;BTG PACTUAL - PRUDENCIAL;00049944;00080336;B2;Banco múltiplo sem carteira comercial, banco de câmbio ou investimento;Bancário;2;Privado nacional;8;RIO DE JANEIRO;RJ;2024-12-31;8091722;12327;3699292;0;4392431;582000;1;0
FINANCEIRA ALFA S.A. - CRÉDITO, FINANCIAMENTO E INVESTIMENTOS;17167412;SAFRA - PRUDENCIAL;00010083;00080109;N1;Instituição não bancária de crédito;Não bancário;2;Privado nacional;14;SAO PAULO;SP;2024-12-31;8059108;6225503;7151619;6593497;907489;-98843;20;0
FACTA FINANCEIRA S.A. - CRÉDITO FINANCIAMENTO E INVESTIMENTO;15581638;FACTA S.A. CFI - PRUDENCIAL;;00083704;N1;Instituição não bancária de crédito;Não bancário;2;Privado nacional;14;PORTO ALEGRE;RS;2024-12-31;7981029;6015694;7410618;6331458;570410;65397;2;0
SICOOB CREDICOM - COOPERATIVA DE ECONOMIA E CREDITO MUTUO DOS MEDICOS E PROFISSIONAIS DA AREA DE SAUDE DO BRASIL LTDA.;42898825;;;;B3S;Cooperativa de crédito singular;Cooperativas;2;Privado nacional;9;BELO HORIZONTE;MG;2024-12-31;7865260;3890385;6687861;6224262;1177399;98736;0;47
CENTRAL SICOOB UNI DE COOPERATIVAS DE CRÉDITO;4243780;;;;B3C;Central/confederação de cooperativas de crédito;Cooperativas;2;Privado nacional;9;GOIANIA;GO;2024-12-31;7761604;169175;7456808;0;304796;15166;0;0
BANCO VOITER S.A.;61024352;BANCO MASTER - PRUDENCIAL;00050201;00080367;B1;Banco comercial/múltiplo com carteira comercial ou caixa econômica;Bancário;2;Privado nacional;8;RIO DE JANEIRO;RJ;2024-12-31;7600674;1147063;7089702;6896025;510972;-140389;2;0
COOPERATIVA DE CRÉDITO, POUPANÇA E INVESTIMENTO DO CENTRO SUL DO MATO GROSSO DO SUL E BAHIA - SICREDI CENTRO-SUL MS/BA;26408161;;;;B3S;Cooperativa de crédito singular;Cooperativas;2;Privado nacional;9;DOURADOS;MS;2024-12-31;7558879;3423095;6362328;3854688;1196551;90602;0;52
COOPERATIVA DE CRÉDITO, POUPANÇA E INVESTIMENTO UNIÃO DE ESTADOS RIO GRANDE DO SUL, SANTA CATARINA E MINAS GERAIS - SICREDI UNIESTADOS;87780268;;;;B3S;Cooperativa de crédito singular;Cooperativas;2;Privado nacional;9;ERECHIM;RS;2024-12-31;7498809;4533707;6650277;4394220;848532;51765;0;71
COOPERATIVA DE CRÉDITO, POUPANÇA E INVESTIMENTO UNIÃO DOS ESTADOS DE MATO GROSSO DO SUL, TOCANTINS E OESTE DA BAHIA - SICREDI UNIÃO MS/TO;24654881;;;;B3S;Cooperativa de crédito singular;Cooperativas;2;Privado nacional;9;CAMPO GRANDE;MS;2024-12-31;7492801;3632288;6659475;3946514;833326;47194;0;52
COOPERATIVA DE CRÉDITO E INVESTIMENTO DO SUDOESTE  DA AMAZÔNIA LTDA - SICOOB CREDISUL;3632872;;;;B3S;Cooperativa de crédito singular;Cooperativas;2;Privado nacional;9;VILHENA;RO;2024-12-31;7314410;4693557;6045508;4600825;1268901;141659;0;47
OMNI S.A. - CREDITO FINANCIAMENTO E INVESTIMENTO;92228410;OMNI - PRUDENCIAL;00050940;00080460;N1;Instituição não bancária de crédito;Não bancário;2;Privado nacional;14;SAO PAULO;SP;2024-12-31;7110941;2075252;6205273;5974343;905669;195724;2;0
COOPERATIVA DE CRÉDITO, POUPANÇA E INVESTIMENTO PLANALTO - SICREDI PLANALTO RS/MG;88038260;;;;B3S;Cooperativa de crédito singular;Cooperativas;2;Privado nacional;9;CRUZ ALTA;RS;2024-12-31;7066056;3734388;5833422;2306202;1232634;114307;0;36
BANCO INDUSTRIAL DO BRASIL S.A.;31895683;INDUSTRIAL DO BRASIL - PRUDENCIAL;00050988;00080477;B1;Banco comercial/múltiplo com carteira comercial ou caixa econômica;Bancário;2;Privado nacional;8;SAO PAULO;SP;2024-12-31;7061988;5060845;6285094;5792407;776893;39528;10;0
HAITONG BANCO DE INVESTIMENTO DO BRASIL S.A.;34111187;HAITONG - PRUDENCIAL;00051482;00080666;B2;Banco múltiplo sem carteira comercial, banco de câmbio ou investimento;Bancário;3;Controle estrangeiro;13;SAO PAULO;SP;2024-12-31;7005194;230547;6443947;6252929;561248;76706;2;0
BANCO HYUNDAI CAPITAL BRASIL S.A.;30172491;SANTANDER - PRUDENCIAL;00030379;00080185;B2;Banco múltiplo sem carteira comercial, banco de câmbio ou investimento;Bancário;3;Controle estrangeiro;8;SAO PAULO;SP;2024-12-31;7005067;4781730;6359853;6188356;645213;63254;2;0
STONE SOCIEDADE DE CREDITO, FINANCIAMENTO E INVESTIMENTO S.A.;53505601;STONE IP - PRUDENCIAL;;00084686;N1;Instituição não bancária de crédito;Não bancário;3;Controle estrangeiro;14;SAO PAULO;SP;2024-12-31;6860061;6518513;6856509;6365715;3552;-16691;2;0
COOPERATIVA CENTRAL DE CRÉDITO, POUPANÇA E INVESTIMENTO DOS ESTADOS DO PARANÁ, SÃO PAULO E RIO DE JANEIRO - CENTRAL SICREDI PR/SP/RJ;80230774;;;;B3C;Central/confederação de cooperativas de crédito;Cooperativas;2;Privado nacional;9;CURITIBA;PR;2024-12-31;6846575;0;5243132;10609;1603443;0;0;0
ITAU CORRETORA DE VALORES S.A.;61194353;ITAU - PRUDENCIAL;00010069;00080099;N2;Instituição não bancária do mercado de capitais;Não bancário;2;Privado nacional;15;SAO PAULO;SP;2024-12-31;6772713;0;3477187;218759;3295526;146903;2;0
CREFISA S.A.-CREDITO, FINANCIAMENTO E INVESTIMENTOS;60779196;CREFISA S.A. CFI - PRUDENCIAL;00052010;00083632;N1;Instituição não bancária de crédito;Não bancário;2;Privado nacional;14;SAO PAULO;SP;2024-12-31;6603188;2363923;245947;6568;6357241;309139;2;0
COOPERATIVA DE CRÉDITO, POUPANÇA E INVESTIMENTO SORRISO - SICREDI CELEIRO MT/RR;26555235;;;;B3S;Cooperativa de crédito singular;Cooperativas;2;Privado nacional;9;SORRISO;MT;2024-12-31;6439728;2790607;5425751;3541518;1013976;107803;0;23
REALIZE CRÉDITO, FINANCIAMENTO E INVESTIMENTO S.A.;27351731;REALIZE SCFI - PRUDENCIAL;;00084703;N1;Instituição não bancária de crédito;Não bancário;3;Controle estrangeiro;14;PORTO ALEGRE;RS;2024-12-31;6433032;6197586;5299743;1010889;1133289;71779;2;0
COOPERATIVA DE CRÉDITO SUL-SERRANA DO ESPÍRITO SANTO;815319;;;;B3S;Cooperativa de crédito singular;Cooperativas;2;Privado nacional;9;VENDA NOVA DO IMIGRANTE;ES;2024-12-31;6392843;3752961;5377220;4902947;1015623;114817;0;41
BANCO CATERPILLAR S.A.;2658435;BCO CATERPILLAR S.A. - PRUDENCIAL;;00081397;B2;Banco múltiplo sem carteira comercial, banco de câmbio ou investimento;Bancário;3;Controle estrangeiro;8;SAO PAULO;SP;2024-12-31;6362560;5733458;5071029;4767976;1291531;54497;2;0
MIDWAY S.A. - CRÉDITO, FINANCIAMENTO E INVESTIMENTO;9464032;MIDWAY S.A. - SCFI - PRUDENCIAL;;00083553;N1;Instituição não bancária de crédito;Não bancário;2;Privado nacional;14;SAO PAULO;SP;2024-12-31;6332523;5718394;5077827;1239438;1254697;95960;2;0
NEON PAGAMENTOS S.A. - INSTITUIÇÃO DE PAGAMENTO;20855875;NEON PAGAMENTOS IP - PRUDENCIAL;;00085702;N4;Instituição de pagamento;Não bancário;2;Privado nacional;41;SAO PAULO;SP;2024-12-31;6262340;2878205;5838488;1254288;423852;-20682;1;0
CENTRAL DAS COOPERATIVAS DE CREDITO UNICOOB - SICOOB CENTRAL UNICOOB;5036532;;;;B3C;Central/confederação de cooperativas de crédito;Cooperativas;2;Privado nacional;9;MARINGA;PR;2024-12-31;6077821;0;5736531;0;341291;24738;0;0
COOPERATIVA CENTRAL DE CRÉDITO E INVESTIMENTO COM INTERAÇÃO SOLIDÁRIA - CENTRAL CRESOL SICOPER;21198087;;;;B3C;Central/confederação de cooperativas de crédito;Cooperativas;2;Privado nacional;9;PASSO FUNDO;RS;2024-12-31;5988348;40942;5798273;3661241;190075;66;0;0
COOPERATIVA DE CRÉDITO, POUPANÇA E INVESTIMENTO DO ARAGUAIA E XINGU - SICREDI ARAXINGU;33021064;;;;B3S;Cooperativa de crédito singular;Cooperativas;2;Privado nacional;9;CANARANA;MT;2024-12-31;5934605;3541919;5196122;2588798;738483;18065;0;32
COOPERATIVA DE CRÉDITO DE LIVRE ADMISSÃO DE ASSOCIADOS SÃO MIGUEL DO OESTE - SICOOB SÃO MIGUEL SC/PR/RS;81607046;;;;B3S;Cooperativa de crédito singular;Cooperativas;2;Privado nacional;9;SAO MIGUEL D'OESTE;SC;2024-12-31;5795025;3450948;5133550;4232229;661476;104575;0;57
COOPERATIVA DE CRÉDITO, POUPANÇA E INVESTIMENTO DA REGIÃO DOS VALES - SICREDI REGIÃO DOS VALES RS;89126130;;;;B3S;Cooperativa de crédito singular;Cooperativas;2;Privado nacional;9;ENCANTADO;RS;2024-12-31;5683724;1904217;4616230;3952353;1067494;92852;0;21
COOPERATIVA DE CRÉDITO DE LIVRE ADMISSÃO DO SUDOESTE GOIANO;24795049;;;;B3S;Cooperativa de crédito singular;Cooperativas;2;Privado nacional;9;RIO VERDE;GO;2024-12-31;5658113;3631544;4247003;3511473;1411110;-19293;0;35
PEFISA S.A. - CRÉDITO, FINANCIAMENTO E INVESTIMENTO;43180355;PEFISA S.A. - PRUDENCIAL;;00080305;N1;Instituição não bancária de crédito;Não bancário;2;Privado nacional;14;SAO PAULO;SP;2024-12-31;5606097;4157232;4619770;2611417;986327;-95421;2;0
COOPERATIVA CENTRAL DE CRÉDITO DE GOIÁS, DISTRITO FEDERAL E TOCANTINS LTDA. - SICOOB NOVA CENTRAL;33416108;;;;B3C;Central/confederação de cooperativas de crédito;Cooperativas;2;Privado nacional;9;GOIANIA;GO;2024-12-31;5459243;88878;4765629;0;693613;33993;0;1
BANCO J. SAFRA S.A.;3017677;SAFRA - PRUDENCIAL;00010083;00080109;B1;Banco comercial/múltiplo com carteira comercial ou caixa econômica;Bancário;2;Privado nacional;8;SAO PAULO;SP;2024-12-31;5454536;1924680;4537784;4110575;916752;24819;2;0
BB-LEASING S/A ARRENDAMENTO MERCANTIL;31546476;BB - PRUDENCIAL;00049906;00080329;N1;Instituição não bancária de crédito;Não bancário;1;Público;19;BRASILIA;DF;2024-12-31;5441004;547426;611180;0;4829825;132607;2;0
NEON FINANCEIRA - CRÉDITO, FINANCIAMENTO E INVESTIMENTO S.A.;11285104;NEON PAGAMENTOS IP - PRUDENCIAL;00052285;00085702;N1;Instituição não bancária de crédito;Não bancário;2;Privado nacional;14;SAO PAULO;SP;2024-12-31;5402857;3695733;4727372;4604401;675486;-78750;2;0
OURIBANK S.A. BANCO MÚLTIPLO;78632767;OURIBANK - PRUDENCIAL;;00081012;B1;Banco comercial/múltiplo com carteira comercial ou caixa econômica;Bancário;2;Privado nacional;8;SAO PAULO;SP;2024-12-31;5399592;464157;5205210;1217893;194382;77363;2;0
INTESA SANPAOLO BRASIL S.A. - BANCO MÚLTIPLO;55230916;INTESA SANPAOLO BRASIL S.A. - PRUDENCIAL;;00084057;B1;Banco comercial/múltiplo com carteira comercial ou caixa econômica;Bancário;3;Controle estrangeiro;8;SAO PAULO;SP;2024-12-31;5392963;2586980;4264743;4064469;1128220;39894;2;0
CITIBANK DISTRIBUIDORA DE TITULOS E VALORES MOBILIARIOS S.A;33868597;CITIBANK - PRUDENCIAL;00030403;00080192;N2;Instituição não bancária do mercado de capitais;Não bancário;3;Controle estrangeiro;16;SAO PAULO;SP;2024-12-31;5378043;0;5218404;0;159638;-10362;2;0
J.P. MORGAN CORRETORA DE CAMBIO E VALORES MOBILIARIOS S.A.;32588139;JP MORGAN CHASE - PRUDENCIAL;00020107;00080116;N2;Instituição não bancária do mercado de capitais;Não bancário;3;Controle estrangeiro;15;SAO PAULO;SP;2024-12-31;5371694;0;3329908;2576640;2041786;187655;2;0
BANRISUL SOLUÇÕES EM PAGAMENTOS S.A. - INSTITUIÇÃO DE PAGAMENTO;92934215;BANRISUL - PRUDENCIAL;;00080154;N4;Instituição de pagamento;Não bancário;1;Público;41;PORTO ALEGRE;RS;2024-12-31;5350583;13758;2764933;257017;2585649;232171;1;0
COOPERATIVA DE CRÉDITO, POUPANÇA E INVESTIMENTO NORTE MATO-GROSSENSE E OESTE PARAENSE - SICREDI GRANDES RIOS MT/PA/AM;37442605;;;;B3S;Cooperativa de crédito singular;Cooperativas;2;Privado nacional;9;COLIDER;MT;2024-12-31;5284562;3192274;4520804;2732354;763758;76724;0;50
RENASCENCA DISTRIBUIDORA DE TÍTULOS E VALORES MOBILIÁRIOS LTDA;62287735;WARREN CCVM LTDA - PRUDENCIAL;00052333;00082664;N2;Instituição não bancária do mercado de capitais;Não bancário;2;Privado nacional;16;PORTO ALEGRE;RS;2024-12-31;5247253;0;5196694;5132191;50559;-14274;2;0
COOPERATIVA DE CRÉDITO SICOOB METROPOLITANO;3459850;;;;B3S;Cooperativa de crédito singular;Cooperativas;2;Privado nacional;9;MARINGA;PR;2024-12-31;5215413;2548725;4609033;4230550;606380;65844;0;98
COOPERATIVA DE CRÉDITO ALIANÇA RS/SC/ES - SICREDI ALIANÇA RS/SC/ES;87795639;;;;B3S;Cooperativa de crédito singular;Cooperativas;2;Privado nacional;9;MARAU;RS;2024-12-31;5210161;2823233;4727334;3297948;482826;53706;0;57
FISERV DO BRASIL  INSTITUIÇÃO DE PAGAMENTO LTDA;4962772;FISERV DO BRASIL IP - PRUDENCIAL;;00086457;N4;Instituição de pagamento;Não bancário;3;Controle estrangeiro;41;SAO PAULO;SP;2024-12-31;5195317;0;4023689;579456;1171628;1931;1;0
COOPERATIVA CENTRAL DE CRÉDITO E ECONOMIA COM INTERAÇÃO SOLIDÁRIA - CRESOL CENTRAL BRASIL;7202627;;;;B3C;Central/confederação de cooperativas de crédito;Cooperativas;2;Privado nacional;9;CHAPECO;SC;2024-12-31;5039872;18475;4783217;2797475;256655;-448;0;0
BANCO MODAL S.A.;30723886;XP - PRUDENCIAL;00052120;00082475;B1;Banco comercial/múltiplo com carteira comercial ou caixa econômica;Bancário;2;Privado nacional;8;RIO DE JANEIRO;RJ;2024-12-31;5038221;278144;4410154;3859671;628068;157433;3;0
SAFRA LEASING S.A. ARRENDAMENTO MERCANTIL;62063177;SAFRA - PRUDENCIAL;00010083;00080109;N1;Instituição não bancária de crédito;Não bancário;2;Privado nacional;19;SAO PAULO;SP;2024-12-31;5027807;2208469;3957345;2944622;1070462;12275;2;0
NU INVEST CORRETORA DE VALORES S.A.;62169875;NU PAGAMENTOS - PRUDENCIAL;00052058;00084693;N2;Instituição não bancária do mercado de capitais;Não bancário;2;Privado nacional;15;SAO PAULO;SP;2024-12-31;4970962;0;440449;148448;4530513;75148;2;0
COOPERATIVA DE CRÉDITO, POUPANÇA E INVESTIMENTO CONEXÃO - SICREDI CONEXÃO;87733770;;;;B3S;Cooperativa de crédito singular;Cooperativas;2;Privado nacional;9;RODEIO BONITO;RS;2024-12-31;4939753;3285475;4295997;3093114;643756;48942;0;65
COOPERATIVA DE CRÉDITO, POUPANÇA E INVESTIMENTO CELEIRO CENTRO OESTE - SICREDI CELEIRO CENTRO OESTE;3566655;;;;B3S;Cooperativa de crédito singular;Cooperativas;2;Privado nacional;9;SAO GABRIEL DO OESTE;MS;2024-12-31;4893810;2087438;4183896;2229790;709914;36740;0;33
COOPERATIVA DE CRÉDITO ARACOOP LTDA. - SICOOB ARACOOP;3320525;;;;B3S;Cooperativa de crédito singular;Cooperativas;2;Privado nacional;9;ARAGUARI;MG;2024-12-31;4893597;3385890;4237786;2929490;655811;60170;0;31
COOPERATIVA DE CRÉDITO, POUPANÇA E INVESTIMENTO DA REGIÃO DA PRODUÇÃO - SICREDI REGIÃO DA PRODUÇÃO RS/SC/MG;89468565;;;;B3S;Cooperativa de crédito singular;Cooperativas;2;Privado nacional;9;SARANDI;RS;2024-12-31;4887153;2973318;4464614;3371019;422539;42045;0;40
DAYCOVAL LEASING - BANCO MÚLTIPLO S.A.;43818780;BCO DAYCOVAL S.A - PRUDENCIAL;00051987;00081744;B2;Banco múltiplo sem carteira comercial, banco de câmbio ou investimento;Bancário;2;Privado nacional;8;SAO PAULO;SP;2024-12-31;4864071;3555063;3946327;2220973;917744;73618;2;0
COOPERATIVA DE CRÉDITO, POUPANÇA E INVESTIMENTO INTERESTADOS - SICREDI INTERESTADOS RS/ES;90497256;;;;B3S;Cooperativa de crédito singular;Cooperativas;2;Privado nacional;9;PELOTAS;RS;2024-12-31;4789973;2137790;4254943;3060546;535030;74331;0;38
CONFEDERAÇÃO NACIONAL DAS COOPERATIVAS CENTRAIS DE CRÉDITO E ECONOMIA FAMILIAR E SOLIDÁRIA - CRESOL CONFEDERAÇÃO;10398952;;;;B3C;Central/confederação de cooperativas de crédito;Cooperativas;2;Privado nacional;9;FLORIANOPOLIS;SC;2024-12-31;4769410;42000;4665586;456142;103824;84;0;0
CREDICOAMO CREDITO RURAL COOPERATIVA;81723108;;;;B3S;Cooperativa de crédito singular;Cooperativas;2;Privado nacional;9;CAMPO MOURAO;PR;2024-12-31;4760285;2291151;3230638;2898725;1529647;129129;0;51
COOPERATIVA DE CRÉDITO, POUPANÇA E INVESTIMENTO DA REGIÃO ALTOS DA SERRA - SICREDI ALTOS DA SERRA RS/SC;92555150;;;;B3S;Cooperativa de crédito singular;Cooperativas;2;Privado nacional;9;TAPEJARA;RS;2024-12-31;4736535;2819746;4250050;2346187;486485;36258;0;39
BRB - CREDITO, FINANCIAMENTO E INVESTIMENTO S/A;33136888;BRB - PRUDENCIAL;00031976;00080288;N1;Instituição não bancária de crédito;Não bancário;1;Público;14;BRASILIA;DF;2024-12-31;4667641;4256841;4233914;3940957;433727;44311;2;0
BANCO TRIANGULO S.A.;17351180;BCO TRIANGULO S.A. - PRUDENCIAL;;00081438;B1;Banco comercial/múltiplo com carteira comercial ou caixa econômica;Bancário;2;Privado nacional;8;UBERLANDIA;MG;2024-12-31;4552557;1805587;4021337;2467734;531221;3148;2;0
COOPERATIVA DE CREDITO, POUPANÇA E INVESTIMENTO ALIANÇA - SICREDI ALIANÇA PR/SP;79052122;;;;B3S;Cooperativa de crédito singular;Cooperativas;2;Privado nacional;9;MARECHAL CANDIDO RONDON;PR;2024-12-31;4447848;3041050;3964176;2412758;483672;44712;0;34
COOPERATIVA DE CRÉDITO, POUPANÇA E INVESTIMENTO DAS REGIÕES CENTRO DO RS E MG - SICREDI REGIÃO CENTRO RS/MG;95594941;;;;B3S;Cooperativa de crédito singular;Cooperativas;2;Privado nacional;9;SANTA MARIA;RS;2024-12-31;4359003;2562388;3773344;2669095;585659;46370;0;48
DESENVOLVE SP - AGÊNCIA DE FOMENTO DO ESTADO DE SÃO PAULO S.A.;10663610;AF DESENVOLVE SP S.A. - PRUDENCIAL;;00081153;N1;Instituição não bancária de crédito;Não bancário;1;Público;30;SAO PAULO;SP;2024-12-31;4353676;2703247;958988;805620;3394688;103719;1;0
COOPERATIVA DE CRÉDITO SUL DO ESPÍRITO SANTO - SICOOB SUL;32467086;;;;B3S;Cooperativa de crédito singular;Cooperativas;2;Privado nacional;9;CACHOEIRO DE ITAPEMIRIM;ES;2024-12-31;4300311;2341879;3462518;3172592;837793;112108;0;39
BANCO YAMAHA MOTOR DO BRASIL S.A.;10371492;YAMAHA MOTOR - PRUDENCIAL;;00080721;B1;Banco comercial/múltiplo com carteira comercial ou caixa econômica;Bancário;3;Controle estrangeiro;8;SAO PAULO;SP;2024-12-31;4281895;3198226;3728164;3610450;553732;55260;2;0
PAYPAL DO BRASIL INSTITUIÇÃO DE PAGAMENTO LTDA.;10878448;PAYPAL DO BRASIL IP - PRUDENCIAL;;00085018;N4;Instituição de pagamento;Não bancário;3;Controle estrangeiro;41;SAO PAULO;SP;2024-12-31;4227366;0;3698721;252032;528645;-5053;1;0
BANCO SISTEMA S.A.;76543115;BTG PACTUAL - PRUDENCIAL;00049944;00080336;B1;Banco comercial/múltiplo com carteira comercial ou caixa econômica;Bancário;2;Privado nacional;8;RIO DE JANEIRO;RJ;2024-12-31;4224176;26958;99140;3690;4125035;69552;1;0
COOPERATIVA DE CRÉDITO DE LIVRE ADMISSÃO DO CENTRO SUL RONDONIENSE - SICOOB CREDIP.;2015588;;;;B3S;Cooperativa de crédito singular;Cooperativas;2;Privado nacional;9;PIMENTA BUENO;RO;2024-12-31;4213685;2933335;3531668;2720680;682017;53860;0;48
BANCO DA CHINA BRASIL S.A.;10690848;BANK OF CHINA (BRASIL) - PRUDENCIAL;00032119;00080295;B1;Banco comercial/múltiplo com carteira comercial ou caixa econômica;Bancário;3;Controle estrangeiro;8;SAO PAULO;SP;2024-12-31;4208756;2935905;3666071;3541245;542685;27409;2;1
NOVO BANCO CONTINENTAL S.A. - BANCO MÚLTIPLO;74828799;NOVO BCO CONTINENTAL S.A. - BM - PRUDENCIAL;;00081768;B1;Banco comercial/múltiplo com carteira comercial ou caixa econômica;Bancário;3;Controle estrangeiro;8;PORTO ALEGRE;RS;2024-12-31;4201410;3368963;3928413;3808026;272997;7978;2;1
COOPERATIVA DE CRÉDITO, POUPANÇA E INVESTIMENTO VALE DO CERRADO - SICREDI VALE DO CERRADO;32983165;;;;B3S;Cooperativa de crédito singular;Cooperativas;2;Privado nacional;9;CAMPO VERDE;MT;2024-12-31;4196472;2587117;3645158;1542613;551314;2539;0;22
COOPERATIVA DE CRÉDITO SICOOB ENGECRED LTDA.;4388688;;;;B3S;Cooperativa de crédito singular;Cooperativas;2;Privado nacional;9;GOIANIA;GO;2024-12-31;4194025;1435146;3661003;3212290;533022;49372;0;13
COOPERATIVA DE CRÉDITO DO VALE DO ITAJAÍ E LITORAL CATARINENSE - SICREDI VALE LITORAL SC;10348181;;;;B3S;Cooperativa de crédito singular;Cooperativas;2;Privado nacional;9;ITAPEMA;SC;2024-12-31;4192437;2621388;3663947;3076057;528491;72924;0;36
COOPERATIVA CENTRAL DE CRÉDITO DO NORTE DO BRASIL - SICOOB NORTE;3502131;;;;B3C;Central/confederação de cooperativas de crédito;Cooperativas;2;Privado nacional;9;PORTO VELHO;RO;2024-12-31;4177674;176006;3926991;29198;250683;14730;0;0
COOPERATIVA DE CRÉDITO, POUPANÇA E INVESTIMENTO OURO BRANCO - SICREDI OURO BRANCO RS/MG;87853206;;;;B3S;Cooperativa de crédito singular;Cooperativas;2;Privado nacional;9;TEUTONIA;RS;2024-12-31;4168747;2378401;3595564;2809687;573183;55380;0;34
MORGAN STANLEY CORRETORA DE TÍTULOS E VALORES MOBILIÁRIOS S.A.;4323351;MORGAN STANLEY - PRUDENCIAL;00051413;00080628;N2;Instituição não bancária do mercado de capitais;Não bancário;3;Controle estrangeiro;15;SAO PAULO;SP;2024-12-31;4163807;0;2274954;0;1888853;120112;2;0
BB-BANCO DE INVESTIMENTO S/A;24933830;BB - PRUDENCIAL;00049906;00080329;B2;Banco múltiplo sem carteira comercial, banco de câmbio ou investimento;Bancário;1;Público;13;BRASILIA;DF;2024-12-31;4137880;0;3322610;1966887;815270;308411;2;0
COOPERATIVA DE CRÉDITO, POUPANÇA E INVESTIMENTO FRONTEIRAS DO PARANÁ, SANTA CATARINA E SÃO PAULO - SICREDI FRONTEIRAS PR/SC/SP;82527557;;;;B3S;Cooperativa de crédito singular;Cooperativas;2;Privado nacional;9;CAPANEMA;PR;2024-12-31;4129845;3091536;3614264;2316311;515581;57692;0;45
BANCO RENDIMENTO S.A.;68900810;RENDIMENTO - PRUDENCIAL;00051468;00080659;B1;Banco comercial/múltiplo com carteira comercial ou caixa econômica;Bancário;2;Privado nacional;2;SAO PAULO;SP;2024-12-31;4096207;695277;3608871;2392563;487336;59944;8;1
BB GESTÃO DE RECURSOS - DISTRIBUIDORA DE TÍTULOS E VALORES MOBILIÁRIOS S.A.;30822936;BB - PRUDENCIAL;00049906;00080329;N2;Instituição não bancária do mercado de capitais;Não bancário;1;Público;16;BRASILIA;DF;2024-12-31;4077799;0;2648004;0;1429795;1041120;3;0
COOPERATIVA CENTRAL DE CRÉDITO, POUPANÇA E INVESTIMENTO DO CENTRO NORTE DO BRASIL - CENTRAL SICREDI CENTRO NORTE;33667205;;;;B3C;Central/confederação de cooperativas de crédito;Cooperativas;2;Privado nacional;9;CUIABA;MT;2024-12-31;4068032;0;2920111;0;1147922;1694;0;0
BMW FINANCEIRA S.A. - CREDITO, FINANCIAMENTO E INVESTIMENTO;4452473;BMW - PRUDENCIAL;00051420;00080635;N1;Instituição não bancária de crédito;Não bancário;3;Controle estrangeiro;14;SAO PAULO;SP;2024-12-31;4033262;3731142;3462314;3217705;570948;48065;2;0
COOPERATIVA DE CRÉDITO DE LIVRE ADMISSÃO DE ASSOCIADOS DO VALE DO CANOINHAS - SICOOB CREDICANOINHAS/SC;78834975;;;;B3S;Cooperativa de crédito singular;Cooperativas;2;Privado nacional;9;CANOINHAS;SC;2024-12-31;4003528;2342035;3559687;2878671;443840;42883;0;41
COOPERATIVA DE CRÉDITO, POUPANÇA E INVESTIMENTO SUL RIOGRANDENSE - SICREDI ORIGENS RS;92796564;;;;B3S;Cooperativa de crédito singular;Cooperativas;2;Privado nacional;9;PORTO ALEGRE;RS;2024-12-31;3940794;2149963;3566996;3123875;373798;39089;0;29
BANCO CARGILL S.A.;3609817;BCO CARGILL S.A. - PRUDENCIAL;;00081414;B1;Banco comercial/múltiplo com carteira comercial ou caixa econômica;Bancário;3;Controle estrangeiro;8;SAO PAULO;SP;2024-12-31;3940037;2899115;3067296;2965594;872741;37099;2;0
BANCO ABN AMRO CLEARING S.A.;3532415;BCO ABN AMRO CLEARING - PRUDENCIAL;00052302;00081579;B1;Banco comercial/múltiplo com carteira comercial ou caixa econômica;Bancário;3;Controle estrangeiro;8;SAO PAULO;SP;2024-12-31;3935481;0;3311809;894699;623672;22512;2;0
COOPERATIVA DE CRÉDITO, POUPANÇA E INVESTIMENTO DE LAJEADO - SICREDI INTEGRAÇÃO RS/MG;91159764;;;;B3S;Cooperativa de crédito singular;Cooperativas;2;Privado nacional;9;LAJEADO;RS;2024-12-31;3924384;1776371;3395677;2943016;528707;60501;0;33
BANCO GENIAL S.A.;45246410;GENIAL - PRUDENCIAL;00051839;00080941;B1;Banco comercial/múltiplo com carteira comercial ou caixa econômica;Bancário;2;Privado nacional;8;RIO DE JANEIRO;RJ;2024-12-31;3923089;552257;3683106;2985240;239984;15847;3;0
COOPERATIVA DE CRÉDITO, POUPANÇA E INVESTIMENTO ESSÊNCIA RS/ES - SICREDI ESSÊNCIA;87733077;;;;B3S;Cooperativa de crédito singular;Cooperativas;2;Privado nacional;9;ITAQUI;RS;2024-12-31;3893127;2139207;3314265;2195978;578862;44946;0;23
COOPERATIVA DE CRÉDITO, POUPANÇA E INVESTIMENTO DE IBIRAIARAS - SICREDI IBIRAIARAS RS/MG;89990501;;;;B3S;Cooperativa de crédito singular;Cooperativas;2;Privado nacional;9;IBIRAIARAS;RS;2024-12-31;3811033;2218215;3244158;2209674;566875;43658;0;38
BANCO RODOBENS S.A.;33603457;RODOBENS - PRUDENCIAL;;00080855;B1;Banco comercial/múltiplo com carteira comercial ou caixa econômica;Bancário;2;Privado nacional;8;SAO PAULO;SP;2024-12-31;3803148;2803763;3085208;2952597;717940;32403;2;0
COOPERATIVA DE CRÉDITO E INVESTIMENTO DE LIVRE ADMISSÃO AGROEMPRESARIAL - SICREDI AGROEMPRESARIAL PR/SP;79457883;;;;B3S;Cooperativa de crédito singular;Cooperativas;2;Privado nacional;9;MANDAGUARI;PR;2024-12-31;3799520;1894519;3381277;2592703;418243;60121;0;42
AGÊNCIA DE FOMENTO DO PARANÁ S.A.;3584906;AF PARANÁ - PRUDENCIAL;;00081115;N1;Instituição não bancária de crédito;Não bancário;1;Público;30;CURITIBA;PR;2024-12-31;3780968;1772669;1023388;571406;2757580;104897;2;0
COOPERATIVA DE CRÉDITO UNICRED VALOR CAPITAL LTDA - UNICRED VALOR CAPITAL;74064502;;;;B3S;Cooperativa de crédito singular;Cooperativas;2;Privado nacional;9;FLORIANOPOLIS;SC;2024-12-31;3774650;1916464;3303219;3105827;471431;38316;0;22
COOPERATIVA DE CRÉDITO DE LIVRE ADMISSÃO DO CENTRO NORTE BRASILEIRO;2282709;;;;B3S;Cooperativa de crédito singular;Cooperativas;2;Privado nacional;9;ANAPOLIS;GO;2024-12-31;3761180;2547477;3333988;2707539;427192;31468;0;57
COOPERATIVA DE CRÉDITO, POUPANÇA E INVESTIMENTO REGIÕES DAS CULTURAS - SICREDI DAS CULTURAS RS/MG;90729369;;;;B3S;Cooperativa de crédito singular;Cooperativas;2;Privado nacional;9;IJUI;RS;2024-12-31;3740900;1993536;3162047;2228467;578853;29393;0;31
COOPERATIVA DE CRÉDITO, POUPANÇA E INVESTIMENTO DO NORTE E NORDESTE DE SANTA CATARINA - SICREDI NORTE SC;2843443;;;;B3S;Cooperativa de crédito singular;Cooperativas;2;Privado nacional;9;JOINVILLE;SC;2024-12-31;3722083;2363054;3214416;2847215;507667;42192;0;35
BANCO LUSO BRASILEIRO S.A.;59118133;BCO LUSO BRASILEIRO S.A. - PRUDENCIAL;;00081706;B1;Banco comercial/múltiplo com carteira comercial ou caixa econômica;Bancário;3;Controle estrangeiro;8;SAO PAULO;SP;2024-12-31;3650154;2963515;3339932;3055262;310222;26563;2;0
OMNI BANCO S.A.;60850229;OMNI - PRUDENCIAL;00050940;00080460;B1;Banco comercial/múltiplo com carteira comercial ou caixa econômica;Bancário;2;Privado nacional;8;SAO PAULO;SP;2024-12-31;3623984;571128;3159596;3055964;464388;9736;2;0
COOPERATIVA DE CRÉDITO, POUPANÇA E INVESTIMENTO SICREDI EVOLUÇÃO - SICREDI EVOLUÇÃO;35571249;;;;B3S;Cooperativa de crédito singular;Cooperativas;2;Privado nacional;9;JOAO PESSOA;PB;2024-12-31;3612803;1988080;3017831;2647545;594972;54957;0;34
COOPERATIVA DE CRÉDITO, POUPANÇA E INVESTIMENTO UNIVALES - SICREDI UNIVALES MT/RO;70431630;;;;B3S;Cooperativa de crédito singular;Cooperativas;2;Privado nacional;9;JUINA;MT;2024-12-31;3561715;2261124;3042085;1757525;519630;22511;0;46
COOPERATIVA DE CRÉDITO, POUPANÇA E INVESTIMENTO DO PLANALTO CENTRAL - SICREDI PLANALTO CENTRAL;10736214;;;;B3S;Cooperativa de crédito singular;Cooperativas;2;Privado nacional;9;CRISTALINA;GO;2024-12-31;3560762;1778796;3153903;2294534;406859;1549;0;35
COOPERATIVA DE CRÉDITO, POUPANÇA E INVESTIMENTO IGUAÇU - SICREDI IGUAÇU PR/SC E REGIÃO METROPOLITANA DE CAMPINAS/SP;84974278;;;;B3S;Cooperativa de crédito singular;Cooperativas;2;Privado nacional;9;SAO JOAO;PR;2024-12-31;3500204;1965664;3010288;2172187;489915;50850;0;34
COOPERATIVA DE CRÉDITO, POUPANÇA E INVESTIMENTO INTEGRAÇÃO DE ESTADOS DO RIO GRANDE DO SUL, SANTA CATARINA E MINAS GERAIS - SICREDI INTEGRAÇÃO DE ESTADOS RS/SC/MG;87781530;;;;B3S;Cooperativa de crédito singular;Cooperativas;2;Privado nacional;9;PASSO FUNDO;RS;2024-12-31;3481419;2083231;3057797;2162950;423622;32818;0;34
COOPERATIVA DE CRÉDITO COOPERMAIS - SICOOB COOPERMAIS;31804966;;;;B3S;Cooperativa de crédito singular;Cooperativas;2;Privado nacional;9;SANTA MARIA DE JETIBA;ES;2024-12-31;3473629;1899422;2966368;2672752;507261;60042;0;26
SHPP BRASIL INSTITUIÇÃO DE PAGAMENTO E SERVIÇOS DE PAGAMENTOS LTDA.;38372267;SHPP BRASIL IP - PRUDENCIAL;;00086275;N4;Instituição de pagamento;Não bancário;3;Controle estrangeiro;41;SAO PAULO;SP;2024-12-31;3441001;0;3244185;867078;196815;56204;1;0
COOPERFORTE - COOPERATIVA DE ECONOMIA E CRÉDITO MÚTUO DE FUNCIONÁRIOS DE INSTITUIÇÕES FINANCEIRAS PÚBLICAS FEDERAIS LTDA.;1658426;;;;B3S;Cooperativa de crédito singular;Cooperativas;2;Privado nacional;9;BRASILIA;DF;2024-12-31;3428761;2384915;2658412;2600541;770349;63102;0;3
COOPERATIVA DE CREDITO, POUPANÇA E INVESTIMENTO PARQUE DAS ARAUCARIAS - SICREDI PARQUE DAS ARAUCARIAS PR/SC/SP;82065285;;;;B3S;Cooperativa de crédito singular;Cooperativas;2;Privado nacional;9;MARIOPOLIS;PR;2024-12-31;3399102;2087367;3028477;2079406;370625;41838;0;46
CREDSYSTEM INSTITUIÇÃO DE PAGAMENTO LTDA;4670195;CREDSYSTEM IP - PRUDENCIAL;;00085441;N4;Instituição de pagamento;Não bancário;2;Privado nacional;41;BARUERI;SP;2024-12-31;3356838;2781125;2949924;366;406914;5980;1;0
BMP SOCIEDADE DE CRÉDITO AO MICROEMPREENDEDOR E A EMPRESA DE PEQUENO PORTE LTDA.;11581339;BMP SCMEPP LTDA - PRUDENCIAL;00052137;00083292;N1;Instituição não bancária de crédito;Não bancário;2;Privado nacional;10;SAO PAULO;SP;2024-12-31;3321904;42924;3165614;3083377;156290;53515;2;0
COOPERATIVA DE CRÉDITO, POUPANÇA E INVESTIMENTO DE CAMPO GRANDE E REGIÃO - SICREDI CAMPO GRANDE MS;3042597;;;;B3S;Cooperativa de crédito singular;Cooperativas;2;Privado nacional;9;CAMPO GRANDE;MS;2024-12-31;3280917;1821007;2881443;1524417;399474;17940;0;23
COOPERATIVA DE CRÉDITO DE LIVRE ADMISSÃO DE ASSOCIADOS DO ALTO URUGUAI CATARINENSE - SICOOB CREDIAUC;78840071;;;;B3S;Cooperativa de crédito singular;Cooperativas;2;Privado nacional;9;CONCORDIA;SC;2024-12-31;3277491;1912558;2884772;2272837;392719;30597;0;32
BADESUL DESENVOLVIMENTO S.A - AGÊNCIA DE FOMENTO/RS;2885855;BADESUL DESENVOLVIMENTO AF/RS - PRUDENCIAL;;00081029;N1;Instituição não bancária de crédito;Não bancário;1;Público;30;PORTO ALEGRE;RS;2024-12-31;3266564;2720279;2258160;2028783;1008404;39323;2;0
HUB INSTITUIÇÃO DE PAGAMENTO S.A.;13884775;MAGALUPAY IP - PRUDENCIAL;;00085348;N4;Instituição de pagamento;Não bancário;2;Privado nacional;41;BARUERI;SP;2024-12-31;3243527;291;2820785;152055;422741;145609;1;0
BANCO KDB DO BRASIL S.A.;7656500;BCO KDB BRASIL S.A. - PRUDENCIAL;;00081603;B1;Banco comercial/múltiplo com carteira comercial ou caixa econômica;Bancário;3;Controle estrangeiro;8;SAO PAULO;SP;2024-12-31;3230156;310150;2738300;2703074;491856;11290;2;0
COOPERATIVA DE CRÉDITO DE LIVRE ADMISSÃO DO MÉDIO PIRACICABA, CIRCUITO DO OURO, GRANDE BH E RIO GRANDE DO NORTE LTDA. -  SICOOB CREDIMEPI;1644264;;;;B3S;Cooperativa de crédito singular;Cooperativas;2;Privado nacional;9;JOAO MONLEVADE;MG;2024-12-31;3173011;1471079;2784135;2651472;388876;47640;0;33
COOPERATIVA DE CRÉDITO UNICRED CENTRO-SUL LTDA - UNICRED CENTRO-SUL;75847;;;;B3S;Cooperativa de crédito singular;Cooperativas;2;Privado nacional;9;CRICIUMA;SC;2024-12-31;3156067;1687751;2867478;2697887;288588;20489;0;20
COOPERATIVA DE CRÉDITO, POUPANÇA E INVESTIMENTO DO SUL DO ESTADO DE SANTA CATARINA - SICREDI SUL SC;3793242;;;;B3S;Cooperativa de crédito singular;Cooperativas;2;Privado nacional;9;CRICIUMA;SC;2024-12-31;3143548;1615718;2852081;2293984;291466;36311;0;26
COOPERATIVA DE CRÉDITO UNICRED UNIÃO LTDA - UNICRED UNIÃO;74114042;;;;B3S;Cooperativa de crédito singular;Cooperativas;2;Privado nacional;9;ITAJAI;SC;2024-12-31;3083405;1909105;2766467;2590925;316938;33076;0;26
COOPERATIVA DE CRÉDITO, POUPANÇA E INVESTIMENTO RAÍZES - SICREDI RAÍZES RS/SC/MG;88099247;;;;B3S;Cooperativa de crédito singular;Cooperativas;2;Privado nacional;9;CAMPO NOVO;RS;2024-12-31;3062060;1838553;2536290;1769731;525770;49346;0;44
COOPERATIVA DE CRÉDITO, POUPANÇA E INVESTIMENTO DO NOROESTE DE MATO GROSSO, ACRE E AMAZONAS - SICREDI BIOMAS;33022690;;;;B3S;Cooperativa de crédito singular;Cooperativas;2;Privado nacional;9;ARAPUTANGA;MT;2024-12-31;3055064;1878401;2696323;1439904;358741;21611;0;36
STATE STREET BRASIL S.A. - BANCO COMERCIAL;9274232;STATE STREET BRASIL - PRUDENCIAL;;00081627;B1;Banco comercial/múltiplo com carteira comercial ou caixa econômica;Bancário;3;Controle estrangeiro;2;SAO PAULO;SP;2024-12-31;3046094;0;2378338;836544;667757;7550;2;0
COOPERATIVA DE CRÉDITO ROTA DAS TERRAS - SICREDI ROTA DAS TERRAS RS/MG;87510475;;;;B3S;Cooperativa de crédito singular;Cooperativas;2;Privado nacional;9;TAPERA;RS;2024-12-31;2998167;2077941;2637133;1158237;361034;2320;0;27
BTG PACTUAL CORRETORA DE TÍTULOS E VALORES MOBILIÁRIOS S.A.;43815158;BTG PACTUAL - PRUDENCIAL;00049944;00080336;N2;Instituição não bancária do mercado de capitais;Não bancário;2;Privado nacional;15;RIO DE JANEIRO;RJ;2024-12-31;2979740;0;1200984;445;1778755;91205;6;0
DM FINANCEIRA S.A. - CRÉDITO, FINANCIAMENTO E INVESTIMENTO;91669747;DM SCFI - PRUDENCIAL;00052357;00083467;N1;Instituição não bancária de crédito;Não bancário;2;Privado nacional;14;SAO JOSE DOS CAMPOS;SP;2024-12-31;2962750;2496995;2422964;1243746;539786;-138673;2;0
COOPERATIVA DE CRÉDITO AGROCREDI LTDA. - SICOOB AGROCREDI;42873828;;;;B3S;Cooperativa de crédito singular;Cooperativas;2;Privado nacional;9;GUAXUPE;MG;2024-12-31;2920844;853396;2331622;1985191;589222;76632;0;27
COOPERATIVA DE CRÉDITO, POUPANÇA E INVESTIMENTO BOTUCARAÍ - SICREDI BOTUCARAÍ RS/MG;87900601;;;;B3S;Cooperativa de crédito singular;Cooperativas;2;Privado nacional;9;SOLEDADE;RS;2024-12-31;2909201;1976191;2513034;1560267;396167;32584;0;28
COOPERATIVA DE ECONOMIA E CREDITO MUTUO DOS MEDICOS DE PORTO ALEGRE LTDA-UNICRED PORTO ALEGRE;94433109;;;;B3S;Cooperativa de crédito singular;Cooperativas;2;Privado nacional;9;PORTO ALEGRE;RS;2024-12-31;2905786;1750634;2561784;2332615;344002;29691;0;36
COOPERATIVA DE CRÉDITO, POUPANÇA E INVESTIMENTO NOVOS HORIZONTES - SICREDI NOVOS HORIZONTES PR/SP/RJ;7206072;;;;B3S;Cooperativa de crédito singular;Cooperativas;2;Privado nacional;9;ARAPOTI;PR;2024-12-31;2838734;1489834;2524048;1705258;314687;35108;0;25
BANCO ANDBANK (BRASIL) S.A.;48795256;ANDBANK - PRUDENCIAL;00051949;00081256;B1;Banco comercial/múltiplo com carteira comercial ou caixa econômica;Bancário;3;Controle estrangeiro;8;SAO PAULO;SP;2024-12-31;2833693;1638243;2485656;2424260;348037;3585;2;2
COOPERATIVA CENTRAL DE ECONOMIA E CRÉDITO SICOOB UNIMAIS RIO LTDA.;14568725;;;;B3C;Central/confederação de cooperativas de crédito;Cooperativas;2;Privado nacional;9;RIO DE JANEIRO;RJ;2024-12-31;2820596;6649;2642514;0;178081;9336;0;2
COOPERATIVA DE CRÉDITO, POUPANÇA E INVESTIMENTO INTEGRAÇÃO DO SUL DE MATO GROSSO, AMAPÁ E PARÁ - SICREDI INTEGRAÇÃO MT/AP/PA;26549311;;;;B3S;Cooperativa de crédito singular;Cooperativas;2;Privado nacional;9;RONDONOPOLIS;MT;2024-12-31;2774070;1567778;2409343;1557303;364727;32218;0;25
BANCO CREFISA S.A.;61033106;CREFISA S.A. CFI - PRUDENCIAL;00052010;00083632;B1;Banco comercial/múltiplo com carteira comercial ou caixa econômica;Bancário;2;Privado nacional;2;SAO PAULO;SP;2024-12-31;2772283;2211991;2500066;1867385;272217;33730;2;944
COOPERATIVA DE CRÉDITO, POUPANÇA E INVESTIMENTO PROGRESSO - SICREDI PROGRESSO PR/SP;76059997;;;;B3S;Cooperativa de crédito singular;Cooperativas;2;Privado nacional;9;TOLEDO;PR;2024-12-31;2763056;1924782;2405426;1511881;357629;27871;0;24
BANCO RANDON S.A.;11476673;RANDON - PRUDENCIAL;;00080800;B2;Banco múltiplo sem carteira comercial, banco de câmbio ou investimento;Bancário;2;Privado nacional;8;CAXIAS DO SUL;RS;2024-12-31;2753820;2520268;2366460;2326249;387360;10072;2;0
COOPERATIVA DE CRÉDITO, POUPANÇA E INVESTIMENTO CENTRO SUL - SICREDI CENTRO SUL PR/SC/RJ;78907607;;;;B3S;Cooperativa de crédito singular;Cooperativas;2;Privado nacional;9;PRUDENTOPOLIS;PR;2024-12-31;2727135;1942964;2375902;1430268;351233;28576;0;36
COOPERATIVA DE CREDITO CREDIROCHAS - SICOOB CREDIROCHAS;3358914;;;;B3S;Cooperativa de crédito singular;Cooperativas;2;Privado nacional;9;CACHOEIRO DE ITAPEMIRIM;ES;2024-12-31;2672349;1664858;2351954;2239648;320395;39011;0;27
ADYEN DO BRASIL INSTITUICAO DE PAGAMENTO LTDA.;14796606;ADYEN DO BRASIL IP - PRUDENCIAL;;00087401;N4;Instituição de pagamento;Não bancário;3;Controle estrangeiro;41;SAO PAULO;SP;2024-12-31;2667654;0;2278435;44262;389219;32443;1;0
COOPERATIVA DE CRÉDITO DE LIVRE ADMISSÃO DO PONTAL DO TRIANGULO LTDA - SICOOB CREDIPONTAL;26178533;;;;B3S;Cooperativa de crédito singular;Cooperativas;2;Privado nacional;9;ITUIUTABA;MG;2024-12-31;2666006;2008205;2367603;1299940;298402;494;0;10
BANCO IBM S.A.;34270520;BANCO IBM S.A. - PRUDENCIAL;;00081689;B2;Banco múltiplo sem carteira comercial, banco de câmbio ou investimento;Bancário;3;Controle estrangeiro;8;RIO DE JANEIRO;RJ;2024-12-31;2585901;2038302;2106415;1751246;479486;6688;2;0
J.P. MORGAN S.A. - DISTRIBUIDORA DE TÍTULOS E VALORES MOBILIÁRIOS;33851205;JP MORGAN CHASE - PRUDENCIAL;00020107;00080116;N2;Instituição não bancária do mercado de capitais;Não bancário;3;Controle estrangeiro;16;SAO PAULO;SP;2024-12-31;2582499;0;1682189;1588654;900310;92829;2;0
COOPERATIVA DE CRÉDITO CREDIVAR LTDA. - SICOOB CREDIVAR;25798596;;;;B3S;Cooperativa de crédito singular;Cooperativas;2;Privado nacional;9;VARGINHA;MG;2024-12-31;2550042;1147564;2183288;1855984;366754;67276;0;30
COOPERATIVA DE CRÉDITO, POUPANÇA E INVESTIMENTO NOROESTE RS/MG - SICREDI NOROESTE RS/MG;89049738;;;;B3S;Cooperativa de crédito singular;Cooperativas;2;Privado nacional;9;TRES DE MAIO;RS;2024-12-31;2538541;1597507;1984877;1303740;553664;44505;0;23
COOPERATIVA DE CRÉDITO, POUPANÇA E INVESTIMENTO DO CERRADO DE GOIÁS - SICREDI CERRADO GO;6332931;;;;B3S;Cooperativa de crédito singular;Cooperativas;2;Privado nacional;9;GOIANIA;GO;2024-12-31;2518645;1481727;2221347;1389225;297298;22909;0;28
COOPERATIVA DE CRÉDITO, POUPANÇA E INVESTIMENTO DO VALE DO RIO PARDO - SICREDI VALE DO RIO PARDO RS;95424891;;;;B3S;Cooperativa de crédito singular;Cooperativas;2;Privado nacional;9;SANTA CRUZ DO SUL;RS;2024-12-31;2513032;1395441;2146765;1694136;366267;46867;0;15
COOPERATIVA DE CRÉDITO POUPANÇA E INVESTIMENTO PANTANAL DO MATO GROSSO DO SUL - SICREDI PANTANAL MS;26408187;;;;B3S;Cooperativa de crédito singular;Cooperativas;2;Privado nacional;9;MARACAJU;MS;2024-12-31;2482022;1030461;2019336;824773;462686;38051;0;11
COOPERATIVA DE CREDITO DO ALTO PARANAIBA E REGIÃO LTDA. - SICOOB CREDIPATOS;25387671;;;;B3S;Cooperativa de crédito singular;Cooperativas;2;Privado nacional;9;PATOS DE MINAS;MG;2024-12-31;2450302;1530406;2214794;1528688;235509;-42025;0;17
COOPERATIVA DE CRÉDITO DOS EMPRESÁRIOS E EMPREGADOS DOS TRANSPORTES E CORREIOS DO SUL DO BRASIL - TRANSPOCRED;8075352;;;;B3S;Cooperativa de crédito singular;Cooperativas;2;Privado nacional;9;FLORIANOPOLIS;SC;2024-12-31;2440388;2124765;2184119;1378106;256269;22368;0;40
COOPERATIVA DE CRÉDITO DE LIVRE ADMISSÃO DE ASSOCIADOS SUL CATARINENSE - SICOOB CREDISULCA SC;81367880;;;;B3S;Cooperativa de crédito singular;Cooperativas;2;Privado nacional;9;TURVO;SC;2024-12-31;2432289;1191352;2069239;1776881;363050;51855;0;26
COOPERATIVA DE CRÉDITO, POUPANÇA E INVESTIMENTO PARANAPANEMA SERRANA PR/SP/RJ - SICREDI PARANAPANEMA SERRANA PR/SP/RJ;79086997;;;;B3S;Cooperativa de crédito singular;Cooperativas;2;Privado nacional;9;CAMBARA;PR;2024-12-31;2424001;1640873;2173546;1509140;250456;27634;0;42
COOPERATIVA DE CRÉDITO, POUPANÇA E INVESTIMENTO CAMINHO DAS ÁGUAS RS - SICREDI CAMINHO DAS ÁGUAS RS;95213211;;;;B3S;Cooperativa de crédito singular;Cooperativas;2;Privado nacional;9;ROLANTE;RS;2024-12-31;2423678;1536783;2218616;1818501;205062;22288;0;27
COOPERATIVA DE CRÉDITO, POUPANÇA E INVESTIMENTO RIO PARANÁ - SICREDI RIO PARANÁ;81206039;;;;B3S;Cooperativa de crédito singular;Cooperativas;2;Privado nacional;9;NOVA LONDRINA;PR;2024-12-31;2418018;1536992;2071815;1344744;346203;38596;0;35
COOPERATIVA DE CREDITO E INVESTIMENTO COM INTERACAO SOLIDARIA PIONEIRA - CRESOL PIONEIRA;971300;;;;B3S;Cooperativa de crédito singular;Cooperativas;2;Privado nacional;9;DOIS VIZINHOS;PR;2024-12-31;2403629;1827425;2044306;1133754;359322;47474;0;42
COOPERATIVA DE CRÉDITO, POUPANÇA E INVESTIMENTO NORTE SUL - SICREDI NORTE SUL;79063574;;;;B3S;Cooperativa de crédito singular;Cooperativas;2;Privado nacional;9;SANTO ANTONIO DA PLATINA;PR;2024-12-31;2389312;1482754;2115953;1240840;273360;25378;0;30
COOPERATIVA DE CRÉDITO SICOOB VALE SUL;2466552;;;;B3S;Cooperativa de crédito singular;Cooperativas;2;Privado nacional;9;FRANCISCO BELTRAO;PR;2024-12-31;2383722;1397281;2112455;1613095;271267;29846;0;46
BANCO GUANABARA S.A.;31880826;BCO GUANABARA S.A. - PRUDENCIAL;;00081672;B1;Banco comercial/múltiplo com carteira comercial ou caixa econômica;Bancário;2;Privado nacional;8;RIO DE JANEIRO;RJ;2024-12-31;2377061;1220337;2115463;2068625;261598;20285;3;0
COOPERATIVA DE CRÉDITO, POUPANÇA E INVESTIMENTO SUL MINAS DO RIO GRANDE DO SUL E MINAS GERAIS - SICREDI SUL MINAS RS/MG.;87784088;;;;B3S;Cooperativa de crédito singular;Cooperativas;2;Privado nacional;9;ESTACAO;RS;2024-12-31;2369921;1065074;2131072;1249510;238849;15308;0;26
BANCO TOPÁZIO S.A.;7679404;BANCO TOPÁZIO S.A. - PRUDENCIAL;;00081517;B1;Banco comercial/múltiplo com carteira comercial ou caixa econômica;Bancário;3;Controle estrangeiro;8;PORTO ALEGRE;RS;2024-12-31;2369240;974319;2100209;1754351;269031;26722;2;0
99PAY INSTITUICAO DE PAGAMENTO S.A.;24313102;99PAY IP - PRUDENCIAL;;00087793;N4;Instituição de pagamento;Não bancário;3;Controle estrangeiro;41;SAO PAULO;SP;2024-12-31;2365344;0;2200825;1749945;164519;1527;1;0
COOPERATIVA DE CRÉDITO GERAÇÕES - SICREDI GERAÇÕES RS/MG;88471024;;;;B3S;Cooperativa de crédito singular;Cooperativas;2;Privado nacional;9;CACHOEIRA DO SUL;RS;2024-12-31;2349555;1314534;2015777;1463659;333778;40631;0;26
BANCO ALFA S.A.;3323840;SAFRA - PRUDENCIAL;00010083;00080109;B1;Banco comercial/múltiplo com carteira comercial ou caixa econômica;Bancário;2;Privado nacional;2;SAO PAULO;SP;2024-12-31;2349024;1118444;2234674;2162115;114351;-13934;10;1
COOPERATIVA DE CREDITO DE LIVRE ADMISSÃO DE ASSOCIADOS ITAIPU SICOOB CREDITAIPU;81014060;;;;B3S;Cooperativa de crédito singular;Cooperativas;2;Privado nacional;9;PINHALZINHO;SC;2024-12-31;2341717;1410733;2011128;1453710;330589;26171;0;23
COOPERATIVA DE CRÉDITO PRO;44469161;;;;B3S;Cooperativa de crédito singular;Cooperativas;2;Privado nacional;9;GUARIBA;SP;2024-12-31;2311104;843883;1898669;1803382;412436;29347;0;10
INTRAG DISTRIBUIDORA DE TITULOS E VALORES MOBILIARIOS LTDA.;62418140;ITAU - PRUDENCIAL;00010069;00080099;N2;Instituição não bancária do mercado de capitais;Não bancário;2;Privado nacional;16;SAO PAULO;SP;2024-12-31;2309819;0;1233114;0;1076705;129631;2;0
COOPERATIVA DE CRÉDITO DE LIVRE ADMISSÃO DE ASSOCIADOS AURIVERDE -  SICOOB - CREDIAL SC/RS;78858107;;;;B3S;Cooperativa de crédito singular;Cooperativas;2;Privado nacional;9;CUNHA PORA;SC;2024-12-31;2300097;932688;1916056;1629640;384041;31955;0;17
COOPERATIVA DE CRÉDITO, POUPANÇA E INVESTIMENTO NOSSA TERRA - SICREDI NOSSA TERRA PR/SP;81192106;;;;B3S;Cooperativa de crédito singular;Cooperativas;2;Privado nacional;9;CAFELANDIA;PR;2024-12-31;2284318;1445113;2025956;1379498;258363;16285;0;28
COOPERATIVA DE CREDITO DE LIVRE ADMISSÃO DO SUL DE MINAS LTDA - SICOOB CREDIVASS;1604998;;;;B3S;Cooperativa de crédito singular;Cooperativas;2;Privado nacional;9;SAO GONCALO DO SAPUCAI;MG;2024-12-31;2269630;942394;1991911;1653623;277719;38221;0;43
BANCO BRASILEIRO DE CRÉDITO SOCIEDADE ANÔNIMA;1852137;BBC S.A. - PRUDENCIAL;;00084480;B1;Banco comercial/múltiplo com carteira comercial ou caixa econômica;Bancário;2;Privado nacional;8;SAO PAULO;SP;2024-12-31;2253119;1886073;1998599;1841380;254520;-3618;2;0
COOPERATIVA DE CRÉDITO, POUPANÇA E INVESTIMENTO DE ESPUMOSO - SICREDI ESPUMOSO RS/MG;87900411;;;;B3S;Cooperativa de crédito singular;Cooperativas;2;Privado nacional;9;ESPUMOSO;RS;2024-12-31;2252965;1405104;1775925;957169;477040;59203;0;21
COOPERATIVA DE CRÉDITO, POUPANÇA E INVESTIMENTO CENTRO SERRA - SICREDI CENTRO SERRA RS;87067757;;;;B3S;Cooperativa de crédito singular;Cooperativas;2;Privado nacional;9;AGUDO;RS;2024-12-31;2224448;1113958;1741317;1245325;483131;35630;0;15
CREDISIS - CENTRAL DE COOPERATIVAS DE CRÉDITO LTDA.;4632856;;;;B3C;Central/confederação de cooperativas de crédito;Cooperativas;2;Privado nacional;9;JI-PARANA;RO;2024-12-31;2224176;94075;2069522;517161;154654;5387;0;0
COOPERATIVA DE CRÉDITO, POUPANÇA E INVESTIMENTO TERRA DOS PINHEIRAIS DO PARANÁ E NOROESTE PAULISTA - SICREDI PLANALTO DAS ÁGUAS PR/SP;77984870;;;;B3S;Cooperativa de crédito singular;Cooperativas;2;Privado nacional;9;GUARAPUAVA;PR;2024-12-31;2210011;1518064;1982995;1149783;227017;4388;0;27
ZOOP TECNOLOGIA & INSTITUICAO DE PAGAMENTO S.A.;19468242;IFOOD PAGO IP - PRUDENCIAL;;00087346;N4;Instituição de pagamento;Não bancário;2;Privado nacional;41;OSASCO;SP;2024-12-31;2208410;0;2070890;361779;137520;11029;1;0
COOPERATIVA DE CRÉDITO DE LIVRE ADMISSÃO DA REGIÃO CENTRAL E OESTE MINEIRO LTDA. - SICOOB DIVICRED;1736516;;;;B3S;Cooperativa de crédito singular;Cooperativas;2;Privado nacional;9;DIVINOPOLIS;MG;2024-12-31;2192357;873055;1936008;1908208;256349;10263;0;30
CORA SOCIEDADE DE CRÉDITO, FINANCIAMENTO E INVESTIMENTO S.A.;37880206;CORA SCFI - PRUDENCIAL;;00085317;N1;Instituição não bancária de crédito;Não bancário;2;Privado nacional;14;SAO PAULO;SP;2024-12-31;2175862;106727;2031132;1897734;144730;939;2;0
COOPERATIVA DE CRÉDITO SICOOB OURO VERDE;5582619;;;;B3S;Cooperativa de crédito singular;Cooperativas;2;Privado nacional;9;LONDRINA;PR;2024-12-31;2171255;1188421;1927379;1765279;243877;24243;0;60
COOPERATIVA DE CRÉDITO SUL - SICOOB SUL;5888589;;;;B3S;Cooperativa de crédito singular;Cooperativas;2;Privado nacional;9;CURITIBA;PR;2024-12-31;2156657;1089023;1878069;1774516;278588;40989;0;43
COOPERATIVA DE CRÉDITO DE LIVRE ADMISSÃO DE ASSOCIADOS DO VALE DO VINHO - SICOOB VALE DO VINHO;81016131;;;;B3S;Cooperativa de crédito singular;Cooperativas;2;Privado nacional;9;VIDEIRA;SC;2024-12-31;2150194;1053924;1888163;1449633;262031;26616;0;33
COOPERATIVA DE CRÉDITO SICOOB PRIMAVERA - SICOOB PRIMAVERA;5241619;;;;B3S;Cooperativa de crédito singular;Cooperativas;2;Privado nacional;9;PRIMAVERA DO LESTE;MT;2024-12-31;2123182;1310804;1866312;1562073;256869;8688;0;34
COOPERATIVA DE CRÉDITO E INVESTIMENTO COM INTERAÇÃO SOLIDÁRIA RAIZ - CRESOL RAIZ;17343510;;;;B3S;Cooperativa de crédito singular;Cooperativas;2;Privado nacional;9;FREDERICO WESTPHALEN;RS;2024-12-31;2100941;1602173;1844406;925362;256534;18521;0;49
COOPERATIVA DE CRÉDITO DE LIVRE ADMISSÃO DA ZONA DA MATA LTDA   SICOOB COOPEMATA;2335109;;;;B3S;Cooperativa de crédito singular;Cooperativas;2;Privado nacional;9;CATAGUASES;MG;2024-12-31;2095424;950141;1812176;1706746;283249;28904;0;31
BTG PACTUAL SERVIÇOS FINANCEIROS S.A. DISTRIBUIDORA DE TÍTULOS E VALORES MOBILIÁRIOS;59281253;BTG PACTUAL - PRUDENCIAL;00049944;00080336;N2;Instituição não bancária do mercado de capitais;Não bancário;2;Privado nacional;16;RIO DE JANEIRO;RJ;2024-12-31;2051620;0;996273;0;1055347;188507;2;0
COOPERATIVA DE CRÉDITO LITORÂNEA;85291086;;;;B3S;Cooperativa de crédito singular;Cooperativas;2;Privado nacional;9;JACINTO MACHADO;SC;2024-12-31;2050220;1376372;1736906;1559512;313314;44933;0;16
COOPERATIVA DE CRÉDITO UNICRED DESBRAVADORA LTDA - UNICRED DESBRAVADORA;1039011;;;;B3S;Cooperativa de crédito singular;Cooperativas;2;Privado nacional;9;CHAPECO;SC;2024-12-31;2040586;1346529;1834948;1699758;205637;14342;0;21
COOPERATIVA DE CRÉDITO - SICREDI EXPANSÃO;41180092;;;;B3S;Cooperativa de crédito singular;Cooperativas;2;Privado nacional;9;MACEIO;AL;2024-12-31;2027783;1148081;1690744;1463433;337040;21121;0;24
COOPERATIVA DE CRÉDITO DOS MÉDICOS, PROFISSIONAIS DA SAÚDE E EMPRESÁRIOS DE MATO GROSSO;36900256;;;;B3S;Cooperativa de crédito singular;Cooperativas;2;Privado nacional;9;CUIABA;MT;2024-12-31;2022395;1352450;1748382;1559767;274013;31049;0;16
BANCO CAIXA GERAL - BRASIL S.A.;33466988;CAIXA GERAL - PRUDENCIAL;00051815;00080927;B1;Banco comercial/múltiplo com carteira comercial ou caixa econômica;Bancário;3;Controle estrangeiro;8;SAO PAULO;SP;2024-12-31;2020724;478079;1716710;1590665;304014;6489;2;0
COOPERATIVA CENTRAL DE CRÉDITO, POUPANÇA E INVESTIMENTO DE MATO GROSSO DO SUL, GOIÁS, DISTRITO FEDERAL E TOCANTINS - CENTRAL SICREDI BRASIL CENTRAL;33737818;;;;B3C;Central/confederação de cooperativas de crédito;Cooperativas;2;Privado nacional;9;GOIANIA;GO;2024-12-31;2015459;70;1556606;0;458853;339;0;0
BANCO NACIONAL DE INVESTIMENTOS S.A.;33222241;BTG PACTUAL - PRUDENCIAL;00049944;00080336;B2;Banco múltiplo sem carteira comercial, banco de câmbio ou investimento;Bancário;2;Privado nacional;13;RIO DE JANEIRO;RJ;2024-12-31;2008677;4446;150697;0;1857981;12901;2;0
COOPERATIVA DE CRÉDITO, POUPANÇA E INVESTIMENTO GRANDES LAGOS DO PARANÁ E LITORAL PAULISTA - SICREDI GRANDES LAGOS PR/SP;81115149;;;;B3S;Cooperativa de crédito singular;Cooperativas;2;Privado nacional;9;LARANJEIRAS DO SUL;PR;2024-12-31;2008586;1265419;1775308;1168267;233278;21487;0;32
RECARGAPAY INSTITUICAO DE PAGAMENTO LTDA.;11275560;RECARGAPAY IP - PRUDENCIAL;;00085898;N4;Instituição de pagamento;Não bancário;3;Controle estrangeiro;41;SAO PAULO;SP;2024-12-31;1999186;58242;1799151;1019261;200034;59147;1;0
COOPERATIVA DE CRÉDITO DO NORTE CATARINENSE E SUL PARANAENSE - SICOOB CREDINORTE;81011686;;;;B3S;Cooperativa de crédito singular;Cooperativas;2;Privado nacional;9;MAFRA;SC;2024-12-31;1993594;1358593;1752028;1301449;241566;10754;0;16
BANCO RIBEIRAO PRETO S.A.;517645;BANCO RIBEIRÃO PRETO - PRUDENCIAL;;00084349;B1;Banco comercial/múltiplo com carteira comercial ou caixa econômica;Bancário;3;Controle estrangeiro;8;RIBEIRAO PRETO;SP;2024-12-31;1966849;950533;1717896;1692763;248953;16935;2;0
COOPERATIVA DE CRÉDITO DE EMPRESÁRIOS - SICOOB/TRANSCREDI;4247370;;;;B3S;Cooperativa de crédito singular;Cooperativas;2;Privado nacional;9;CONCORDIA;SC;2024-12-31;1962414;1456190;1630479;1601145;331935;48877;0;5
ICBC DO BRASIL BANCO MÚLTIPLO S.A.;17453575;ICBC DO BRASIL BM S.A. - PRUDENCIAL;;00081830;B1;Banco comercial/múltiplo com carteira comercial ou caixa econômica;Bancário;3;Controle estrangeiro;8;SAO PAULO;SP;2024-12-31;1957781;299625;1839387;1520514;118394;7093;2;0
COOPERATIVA DE CRÉDITO CREDILIVRE LTDA. - SICOOB CREDILIVRE;41697103;;;;B3S;Cooperativa de crédito singular;Cooperativas;2;Privado nacional;9;MANHUACU;MG;2024-12-31;1945334;784742;1638010;1241809;307324;49752;0;21
DOCK INSTITUIÇÃO DE PAGAMENTO S.A.;13370835;DOCK IP - PRUDENCIAL;;00084789;N4;Instituição de pagamento;Não bancário;2;Privado nacional;41;BARUERI;SP;2024-12-31;1934286;2620;1736816;1467312;197469;12978;1;0
COOPERATIVA DE CRÉDITO E ECONOMIA COM INTERAÇÃO SOLIDÁRIA - CRESOL NOROESTE;2663426;;;;B3S;Cooperativa de crédito singular;Cooperativas;2;Privado nacional;9;CONSTANTINA;RS;2024-12-31;1931295;1437603;1705664;738546;225631;13759;0;36
CREDISIS PRIMACREDI COOPERATIVA DE CRÉDITO;26563270;;;;B3S;Cooperativa de crédito singular;Cooperativas;2;Privado nacional;9;PRIMAVERA DO LESTE;MT;2024-12-31;1929405;1491998;1725219;1357461;204186;19937;0;9
COOPERATIVA DE CRÉDITO COCRE;54401286;;;;B3S;Cooperativa de crédito singular;Cooperativas;2;Privado nacional;9;PIRACICABA;SP;2024-12-31;1915539;663988;1690320;1561389;225219;21964;0;27
COOPERATIVA DE CRÉDITO DE LIVRE ADMISSÃO DE ASSOCIADOS OESTE CATARINENSE;78825023;;;;B3S;Cooperativa de crédito singular;Cooperativas;2;Privado nacional;9;PALMITOS;SC;2024-12-31;1913211;1061563;1689999;1179432;223212;15326;0;20
CENTRAL DAS COOPERATIVAS DE CRÉDITO DO ESTADO DE SÃO PAULO - SICOOB CENTRAL CECRESP;62931522;;;;B3C;Central/confederação de cooperativas de crédito;Cooperativas;2;Privado nacional;9;SAO PAULO;SP;2024-12-31;1904613;17562;1608859;1472419;295754;12286;0;0
COOPERATIVA DE CRÉDITO DE LIVRE ADMISSÃO DO VALE - SICOOB CREDIVALE/SC;86829827;;;;B3S;Cooperativa de crédito singular;Cooperativas;2;Privado nacional;9;BRACO DO NORTE;SC;2024-12-31;1901981;1202099;1679014;1304474;222967;23353;0;17
COOPERATIVA DE CRÉDITO DA REGIÃO MERIDIONAL DO BRASIL - SICOOB UNICOOB MERIDIONAL;5392810;;;;B3S;Cooperativa de crédito singular;Cooperativas;2;Privado nacional;9;TOLEDO;PR;2024-12-31;1886225;1203941;1640600;1414767;245624;34089;0;31
BANCO DE DESENVOLVIMENTO DO ESPIRITO SANTO S.A.;28145829;BCO DES. DO ES S.A. - PRUDENCIAL;;00081304;B4;Banco de desenvolvimento;Bancário;1;Público;5;VITORIA;ES;2024-12-31;1884797;608768;1364387;756449;520410;66644;2;0
COOPERATIVA DE CRÉDITO, POUPANÇA E INVESTIMENTO VALE DO JAGUARI E ZONA DA MATA - SICREDI VALE DO JAGUARI E ZONA DA MATA RS/MG;87780284;;;;B3S;Cooperativa de crédito singular;Cooperativas;2;Privado nacional;9;SANTIAGO;RS;2024-12-31;1880231;1146645;1523102;869980;357130;7592;0;26
COOPERATIVA DE CRÉDITO, POUPANÇA E INVESTIMENTO INTEGRAÇÃO - SICREDI INTEGRAÇÃO PR/SC;81054686;;;;B3S;Cooperativa de crédito singular;Cooperativas;2;Privado nacional;9;LAPA;PR;2024-12-31;1872129;859374;1666885;1231544;205245;17306;0;27
SICOOB MANTIQUEIRA - COOPERATIVA DE CRÉDITO DE LIVRE ADMISSÃO;71698674;;;;B3S;Cooperativa de crédito singular;Cooperativas;2;Privado nacional;9;TAUBATE;SP;2024-12-31;1871599;1321488;1599579;1530155;272020;14662;0;34
SANTANDER CORRETORA DE CÂMBIO E VALORES MOBILIÁRIOS S.A.;51014223;SANTANDER - PRUDENCIAL;00030379;00080185;N2;Instituição não bancária do mercado de capitais;Não bancário;3;Controle estrangeiro;15;SAO PAULO;SP;2024-12-31;1867563;0;859064;0;1008499;20262;3;0
COOPERATIVA DE CRÉDITO, POUPANÇA E INVESTIMENTO VALOR SUSTENTÁVEL - SICREDI VALOR SUSTENTÁVEL PR/SP;81706616;;;;B3S;Cooperativa de crédito singular;Cooperativas;2;Privado nacional;9;JANDAIA DO SUL;PR;2024-12-31;1851213;1206159;1621234;811087;229979;17336;0;21
COOPERATIVA DE CRÉDITO E INVESTIMENTO COM INTERAÇÃO SOLIDÁRIA DO VALE EUROPEU - CRESOL VALE EUROPEU;7512780;;;;B3S;Cooperativa de crédito singular;Cooperativas;2;Privado nacional;9;AGUAS MORNAS;SC;2024-12-31;1844701;1259090;1562817;990992;281884;26504;0;47
COOPERATIVA DE CRÉDITO E INVESTIMENTO COM INTERAÇÃO SOLIDÁRIA FRONTEIRAS PR/SC/SP/ES - CRESOL FRONTEIRAS PR/SC/SP/ES;5276770;;;;B3S;Cooperativa de crédito singular;Cooperativas;2;Privado nacional;9;REALEZA;PR;2024-12-31;1821414;1469439;1566925;747491;254489;32089;0;33
BANCO KEB HANA DO BRASIL S.A.;2318507;BCO KEB DO BRASIL SA - PRUDENCIAL;;00081232;B1;Banco comercial/múltiplo com carteira comercial ou caixa econômica;Bancário;3;Controle estrangeiro;2;SAO PAULO;SP;2024-12-31;1819158;279691;1625855;1608172;193303;4331;2;0
SUMUP INSTITUICAO DE PAGAMENTO BRASIL LTDA;16668076;SUMUP IP - PRUDENCIAL;;00085238;N4;Instituição de pagamento;Não bancário;3;Controle estrangeiro;41;SAO PAULO;SP;2024-12-31;1784918;0;1404948;188446;379970;13738;1;0
COOPERATIVA DE CRÉDITO, POUPANÇA E INVESTIMENTO DO RIO GRANDE DO NORTE - SICREDI RIO GRANDE DO NORTE;70038237;;;;B3S;Cooperativa de crédito singular;Cooperativas;2;Privado nacional;9;NATAL;RN;2024-12-31;1771758;913936;1580078;1401468;191680;12897;0;11
COOPERATIVA DE CRÉDITO, POUPANÇA E INVESTIMENTO DA REGIÃO CENTRO OESTE PAULISTA - SICREDI CENTRO OESTE PAULISTA;4463602;;;;B3S;Cooperativa de crédito singular;Cooperativas;2;Privado nacional;9;MARILIA;SP;2024-12-31;1764180;993678;1594698;1314981;169482;2571;0;24
COOPERATIVA DE CRÉDITO DE LIVRE ADMISSÃO DA REGIÃO DO CIRCUITO CAMPOS DAS VERTENTES LTDA - SICOOB COPERMEC;2232383;;;;B3S;Cooperativa de crédito singular;Cooperativas;2;Privado nacional;9;CLAUDIO;MG;2024-12-31;1761454;725413;1525137;1425782;236317;23672;0;21
COOPERATIVA DE CRÉDITO DE LIVRE ADMISSÃO DO ALTO VALE DO ITAJAÍ - VIACREDI ALTO VALE;16779741;;;;B3S;Cooperativa de crédito singular;Cooperativas;2;Privado nacional;9;IBIRAMA;SC;2024-12-31;1752382;1188131;1524495;1379942;227887;16145;0;28
COOPERATIVA DE CRÉDITO DE LIVRE ADMISSÃO DA REGIÃO METROPOLITANA DE GOIÂNIA LTDA.;7599206;;;;B3S;Cooperativa de crédito singular;Cooperativas;2;Privado nacional;9;GOIANIA;GO;2024-12-31;1752120;1302200;1334513;1104996;417607;29877;0;12
BANCO AFINZ S.A. - BANCO MÚLTIPLO;4814563;BANCO AFINZ BM - PRUDENCIAL;;00083539;B1;Banco comercial/múltiplo com carteira comercial ou caixa econômica;Bancário;2;Privado nacional;8;BARUERI;SP;2024-12-31;1751250;732129;1651378;1616753;99872;-18062;2;1
FLASH TECNOLOGIA E  INSTITUICAO DE PAGAMENTO LTDA;32223020;FLASH TECNOLOGIA IP - PRUDENCIAL;;00087315;N4;Instituição de pagamento;Não bancário;2;Privado nacional;41;SAO PAULO;SP;2024-12-31;1744888;14534;1508565;412935;236322;-38201;1;0
COOPERATIVA DE CRÉDITO CREDIGUAÇU - SICOOB CREDIGUAÇU;67960229;;;;B3S;Cooperativa de crédito singular;Cooperativas;2;Privado nacional;9;DESCALVADO;SP;2024-12-31;1738663;645977;1497422;1473646;241240;22111;0;36
COOPERATIVA DE CRÉDITO E INVESTIMENTO COM INTERAÇÃO SOLIDÁRIA UNIÃO DOS VALES - CRESOL UNIÃO DOS VALES;5231945;;;;B3S;Cooperativa de crédito singular;Cooperativas;2;Privado nacional;9;IVAIPORA;PR;2024-12-31;1723716;1376338;1513649;772756;210067;19115;0;41
BANCO PAULISTA S.A.;61820817;BANCO PAULISTA - PRUDENCIAL;;00080381;B1;Banco comercial/múltiplo com carteira comercial ou caixa econômica;Bancário;2;Privado nacional;8;SAO PAULO;SP;2024-12-31;1707333;1114090;1542189;1411918;165145;-73320;2;0
COOPERATIVA DE ECONOMIA E CRÉDITO MÚTUO UNICRED INTEGRAÇÃO LTDA.;73750424;;;;B3S;Cooperativa de crédito singular;Cooperativas;2;Privado nacional;9;CAXIAS DO SUL;RS;2024-12-31;1700672;956708;1548171;1436479;152501;-3917;0;23
INTER PAG INSTITUIÇÃO DE PAGAMENTO S.A.;22177858;INTER - PRUDENCIAL;;00080996;N4;Instituição de pagamento;Não bancário;2;Privado nacional;41;BELO HORIZONTE;MG;2024-12-31;1695111;0;659311;797;1035800;1472;1;0
SINGULARE CORRETORA DE TÍTULOS E VALORES MOBILIÁRIOS S.A.;62285390;SOCOPA - PRUDENCIAL;00052395;00085386;N2;Instituição não bancária do mercado de capitais;Não bancário;3;Controle estrangeiro;15;SAO PAULO;SP;2024-12-31;1694746;1500;1617928;1544931;76818;41390;2;0
COOPERATIVA DE CRÉDITO SUL-LITORÂNEA DO ESPÍRITO SANTO;32474884;;;;B3S;Cooperativa de crédito singular;Cooperativas;2;Privado nacional;9;ALFREDO CHAVES;ES;2024-12-31;1691790;852096;1433891;1332965;257899;29783;0;17
COOPERATIVA DE CRÉDITO E INVESTIMENTO COM INTERAÇÃO SOLIDÁRIA TRADIÇÃO - CRESOL TRADIÇÃO;4350225;;;;B3S;Cooperativa de crédito singular;Cooperativas;2;Privado nacional;9;FRANCISCO BELTRAO;PR;2024-12-31;1675469;1241442;1456631;806869;218838;17594;0;22
AGÊNCIA DE FOMENTO DO ESTADO DE SANTA CATARINA S.A.-BADESC;82937293;AF DO ESTADO DE SC S.A. - PRUDENCIAL;;00081074;N1;Instituição não bancária de crédito;Não bancário;1;Público;30;FLORIANOPOLIS;SC;2024-12-31;1672893;1417653;681346;572611;991546;59573;2;0
CITIGROUP GLOBAL MARKETS BRASIL, CORRETORA DE CÂMBIO, TÍTULOS E VALORES MOBILIÁRIOS S.A.;33709114;CITIBANK - PRUDENCIAL;00030403;00080192;N2;Instituição não bancária do mercado de capitais;Não bancário;3;Controle estrangeiro;15;SAO PAULO;SP;2024-12-31;1665678;0;849522;0;816156;-13141;2;0
COOPERATIVA DE CRÉDITO UNICRED VALE LTDA - UNICRED VALE;73443863;;;;B3S;Cooperativa de crédito singular;Cooperativas;2;Privado nacional;9;BLUMENAU;SC;2024-12-31;1662929;999190;1505447;1409346;157483;6307;0;17
COOPERATIVA DE CRÉDITO ALTO VALE DO ITAJAÍ - SICOOB ALTO VALE;80959612;;;;B3S;Cooperativa de crédito singular;Cooperativas;2;Privado nacional;9;RIO DO SUL;SC;2024-12-31;1662145;875224;1461114;1173312;201031;17651;0;27
ADIQ INSTITUIÇÃO DE PAGAMENTO S.A.;20520298;BS2 - PRUDENCIAL;;00080422;N4;Instituição de pagamento;Não bancário;2;Privado nacional;41;BELO HORIZONTE;MG;2024-12-31;1659353;0;1389881;95104;269471;6256;1;0
COOPERATIVA DE CREDITO CREDICERIPA - SICOOB CREDICERIPA;966246;;;;B3S;Cooperativa de crédito singular;Cooperativas;2;Privado nacional;9;ITAI;SP;2024-12-31;1656863;636064;1449665;1304965;207198;17626;0;35
CREDIT SUISSE HEDGING-GRIFFO CORRETORA DE VALORES S.A;61809182;UBS (BRASIL) - PRUDENCIAL;00030771;00080219;N2;Instituição não bancária do mercado de capitais;Não bancário;3;Controle estrangeiro;15;SAO PAULO;SP;2024-12-31;1656016;0;1406871;65045;249144;80958;3;0
AFINZ INSTITUIÇÃO DE PAGAMENTO S.A.;60114865;BANCO AFINZ BM - PRUDENCIAL;;00083539;N4;Instituição de pagamento;Não bancário;2;Privado nacional;41;BARUERI;SP;2024-12-31;1652263;754334;1481481;58583;170783;19750;1;0
COOPERATIVA DE CRÉDITO DE LIVRE ADMISSÃO DA UNIÃO DOS VALES DO PIRANGA E MATIPÓ LTDA. - SICOOB UNIÃO DOS VALES;1060307;;;;B3S;Cooperativa de crédito singular;Cooperativas;2;Privado nacional;9;RAUL SOARES;MG;2024-12-31;1650382;825833;1477552;1239413;172831;20868;0;37
COOPERATIVA DE CRÉDITO COOPERAÇÃO - SICREDI COOPERAÇÃO;87779625;;;;B3S;Cooperativa de crédito singular;Cooperativas;2;Privado nacional;9;NAO-ME-TOQUE;RS;2024-12-31;1637716;867878;1340875;823817;296842;24926;0;24
BANCO BMG CONSIGNADO S.A.;50585090;BMG - PRUDENCIAL;00030290;00080178;B1;Banco comercial/múltiplo com carteira comercial ou caixa econômica;Bancário;2;Privado nacional;8;SAO PAULO;SP;2024-12-31;1637366;88903;109447;0;1527919;60196;2;0
S3 CACEIS BRASIL DISTRIBUIDORA DE TÍTULOS E VALORES MOBILIÁRIOS S.A.;62318407;S3 CACEIS BRASIL DTVM - PRUDENCIAL;;00086622;N2;Instituição não bancária do mercado de capitais;Não bancário;3;Controle estrangeiro;16;SAO PAULO;SP;2024-12-31;1632802;0;323244;0;1309558;123404;2;0
LEASEPLAN ARRENDAMENTO MERCANTIL S.A.;4836002;LEASEPLAN AM S.A. - PRUDENCIAL;;00082963;N1;Instituição não bancária de crédito;Não bancário;3;Controle estrangeiro;19;SAO PAULO;SP;2024-12-31;1628067;553128;1248234;991476;379833;15313;2;0
COOPERATIVA DE CRÉDITO UNICRED EVOLUÇÃO LTDA. - UNICRED EVOLUÇÃO;1727929;;;;B3S;Cooperativa de crédito singular;Cooperativas;2;Privado nacional;9;PATOS DE MINAS;MG;2024-12-31;1626466;1008570;1444146;1299198;182320;8064;0;32
COOPERATIVA DE CRÉDITO E INVESTIMENTO SICOOB CENTRO - SICOOB CENTRO;8044854;;;;B3S;Cooperativa de crédito singular;Cooperativas;2;Privado nacional;9;JI-PARANA;RO;2024-12-31;1621689;1102938;1373743;870909;247946;16018;0;24
HP FINANCIAL SERVICES ARRENDAMENTO MERCANTIL S.A.;97406706;HP FINANCIAL SERVICES AM S.A - PRUDENCIAL;;00082987;N1;Instituição não bancária de crédito;Não bancário;3;Controle estrangeiro;19;BARUERI;SP;2024-12-31;1610567;1486130;556476;355501;1054091;81038;4;0
COOPERATIVA CENTRAL DE CRÉDITO DA BAHIA LTDA - SICOOB CENTRAL BA;34148882;;;;B3C;Central/confederação de cooperativas de crédito;Cooperativas;2;Privado nacional;9;SALVADOR;BA;2024-12-31;1609833;16993;1472178;144665;137655;5732;0;0
ASAAS GESTÃO FINANCEIRA INSTITUIÇÃO DE PAGAMENTO S.A.;19540550;ASAAS GESTAO FINANCEIRA IP - PRUDENCIAL;;00085771;N4;Instituição de pagamento;Não bancário;2;Privado nacional;41;JOINVILLE;SC;2024-12-31;1607978;97;1257613;716863;350365;3864;1;0
COOPERATIVA DE CRÉDITO DA AMAZÔNIA - SICOOB AMAZÔNIA;5203605;;;;B3S;Cooperativa de crédito singular;Cooperativas;2;Privado nacional;9;BURITIS;RO;2024-12-31;1574333;1135117;1332783;956971;241551;8480;0;28
COOPERATIVA DE CRÉDITO E INVESTIMENTO COM INTERAÇÃO SOLIDÁRIA UNIÃO - CRESOL UNIÃO;2446089;;;;B3S;Cooperativa de crédito singular;Cooperativas;2;Privado nacional;9;CORONEL VIVIDA;PR;2024-12-31;1573386;1256432;1408639;706432;164747;13180;0;19
COOPERATIVA DE CRÉDITO E INVESTIMENTO LIBERDADE - SICREDI LIBERDADE;88530142;;;;B3S;Cooperativa de crédito singular;Cooperativas;2;Privado nacional;9;BAGE;RS;2024-12-31;1569797;879929;1287744;769332;282053;20811;0;20
COOPERATIVA DE CRÉDITO DOS MÉDICOS, DENTISTAS, PROFISSIONAIS DA ÁREA DE SAÚDE E DE LIVRE ADMISSÃO DO ESTADO DE SÃO PAULO LTDA. - UNICRED DO ESTADO DE SÃO PAULO;71884498;;;;B3S;Cooperativa de crédito singular;Cooperativas;2;Privado nacional;9;CAMPINAS;SP;2024-12-31;1554668;862800;1322704;1241531;231965;15953;0;35
COOPERATIVA DE ECONOMIA E CRÉDITO MÚTUO UNICRED ELEVA LTDA.;95163002;;;;B3S;Cooperativa de crédito singular;Cooperativas;2;Privado nacional;9;SANTO ANGELO;RS;2024-12-31;1544256;1038480;1385505;1286915;158750;4828;0;19
SICREDI CEARÁ - COOPERATIVA DE CRÉDITO DO ESTADO DO CEARÁ;72257793;;;;B3S;Cooperativa de crédito singular;Cooperativas;2;Privado nacional;9;FORTALEZA;CE;2024-12-31;1542859;652816;1325615;1179178;217244;19180;0;26
BTG PACTUAL ASSET MANAGEMENT S.A. DISTRIBUIDORA DE TÍTULOS E VALORES MOBILIÁRIOS;29650082;BTG PACTUAL - PRUDENCIAL;00049944;00080336;N2;Instituição não bancária do mercado de capitais;Não bancário;2;Privado nacional;16;RIO DE JANEIRO;RJ;2024-12-31;1542148;0;204214;0;1337934;153055;18;0
COOPERATIVA DE CRÉDITO DE LIVRE ADMISSÃO DO OESTE MINEIRO LTDA. - SICOOB CREDICOPA;71297899;;;;B3S;Cooperativa de crédito singular;Cooperativas;2;Privado nacional;9;PATOS DE MINAS;MG;2024-12-31;1521685;964070;1222178;1043090;299506;21730;0;11
STRIPE BRASIL SOLUCOES DE PAGAMENTO INSTITUICAO DE PAGAMENTO LTDA;22121209;STRIPE BRASIL IP PRUDENCIAL;;00086251;N4;Instituição de pagamento;Não bancário;3;Controle estrangeiro;41;SAO PAULO;SP;2024-12-31;1519872;0;1494239;0;25634;249;1;0
CENTRAL DAS COOPERATIVAS DE CRÉDITO DOS ESTADOS DE MATO GROSSO, MATO GROSSO DO SUL E DO MUNICÍPIO DE CACOAL/RO - SICOOB CENTRAL RONDON;106180;;;;B3C;Central/confederação de cooperativas de crédito;Cooperativas;2;Privado nacional;9;CUIABA;MT;2024-12-31;1519183;48459;1374229;0;144954;-25;0;2
COOPERATIVA DE CRÉDITO DO NORTE E NOROESTE DE MINAS GERAIS LTDA. - SICOOB CREDIGERAIS;698609;;;;B3S;Cooperativa de crédito singular;Cooperativas;2;Privado nacional;9;PARACATU;MG;2024-12-31;1512277;1254789;1307829;944919;204449;-47761;0;26
COOPERATIVA DE CRÉDITO CREDINTER LTDA. - SICOOB CREDINTER;24048910;;;;B3S;Cooperativa de crédito singular;Cooperativas;2;Privado nacional;9;GUARANESIA;MG;2024-12-31;1508189;983152;1274627;1013644;233563;13082;0;19
COOPERATIVA DE CRÉDITO DE LIVRE ADMISSÃO DE ITAÚNA E REGIÃO LTDA - SICOOB CENTRO-OESTE;66463407;;;;B3S;Cooperativa de crédito singular;Cooperativas;2;Privado nacional;9;ITAUNA;MG;2024-12-31;1503617;818122;1328899;1301251;174718;14660;0;9
BANCO LETSBANK S.A.;58497702;BANCO MASTER - PRUDENCIAL;00050201;00080367;B1;Banco comercial/múltiplo com carteira comercial ou caixa econômica;Bancário;2;Privado nacional;8;RIO DE JANEIRO;RJ;2024-12-31;1501744;247621;1267149;1020926;234595;189675;2;0
IUGU INSTITUIÇÃO DE PAGAMENTO S.A.;15111975;IUGU IP - PRUDENCIAL;;00085434;N4;Instituição de pagamento;Não bancário;2;Privado nacional;41;SAO PAULO;SP;2024-12-31;1499243;0;1428967;560082;70276;13142;1;0
BANCO BARI DE INVESTIMENTOS E FINANCIAMENTOS S.A.;556603;BANCO BARI DE INVESTIMENTO E FINANCI. - PRUDENCIAL;00051774;00080893;B1;Banco comercial/múltiplo com carteira comercial ou caixa econômica;Bancário;2;Privado nacional;8;CURITIBA;PR;2024-12-31;1495138;1151762;1323925;1270812;171214;17677;2;0
MERRILL LYNCH S.A. CORRETORA DE TÍTULOS E VALORES MOBILIÁRIOS;2670590;BOFA MERRILL LYNCH - PRUDENCIAL;00051255;00080556;N2;Instituição não bancária do mercado de capitais;Não bancário;3;Controle estrangeiro;15;SAO PAULO;SP;2024-12-31;1487797;0;928187;0;559610;77120;1;0
SWAP INSTITUIÇÃO DE PAGAMENTO S.A.;31680151;SWAP IP - PRUDENCIAL;;00086732;N4;Instituição de pagamento;Não bancário;3;Controle estrangeiro;41;SAO PAULO;SP;2024-12-31;1451679;103987;1380651;198212;71027;9642;1;0
BANCO B3 S.A.;997185;BANCO B3 - PRUDENCIAL;;00081225;B1;Banco comercial/múltiplo com carteira comercial ou caixa econômica;Bancário;2;Privado nacional;2;SAO PAULO;SP;2024-12-31;1436347;0;1224643;1113935;211705;24088;2;0
COOPERATIVA DE CRÉDITO COOPACREDI LTDA. - SICOOB COOPACREDI;65229254;;;;B3S;Cooperativa de crédito singular;Cooperativas;2;Privado nacional;9;PATROCINIO;MG;2024-12-31;1417893;741670;1174100;781574;243793;25384;0;20
BANCO MONEO S.A.;7441209;BANCO MONEO S.A. - PRUDENCIAL;;00081500;B2;Banco múltiplo sem carteira comercial, banco de câmbio ou investimento;Bancário;2;Privado nacional;8;CAXIAS DO SUL;RS;2024-12-31;1414042;1365024;1121935;1081104;292107;17462;2;0
COOPERATIVA DE CRÉDITO DE LIVRE ADMISSÃO DO CENTRO NORTE DOS ESTADOS DE MATO GROSSO E MATO GROSSO DO SUL - SICOOB UNIÃO MT/MS;3326437;;;;B3S;Cooperativa de crédito singular;Cooperativas;2;Privado nacional;9;CUIABA;MT;2024-12-31;1407762;933161;1230793;1030567;176969;-40666;0;30
ENTREPAY INSTITUICAO DE PAGAMENTO S.A;17887874;ENTREPAY IP - PRUDENCIAL;;00087810;N4;Instituição de pagamento;Não bancário;2;Privado nacional;41;SAO PAULO;SP;2024-12-31;1397157;0;1082275;35047;314882;-122162;1;0
COOPERATIVA DE CRÉDITO DE LIVRE ADMISSÃO DE ASSOCIADOS DO PLANALTO CATARINENSE SICOOB CREDIPLANALTO SC/RS;1389651;;;;B3S;Cooperativa de crédito singular;Cooperativas;2;Privado nacional;9;PAPANDUVA;SC;2024-12-31;1394124;1004778;1214859;1009801;179265;25158;0;20
COOPERATIVA DE CRÉDITO NOROESTE DE MINAS LTDA. - SICOOB NOROESTE DE MINAS;86564051;;;;B3S;Cooperativa de crédito singular;Cooperativas;2;Privado nacional;9;UNAI;MG;2024-12-31;1387390;967759;1225225;831641;162165;-29314;0;6
COOPERATIVA DE CRÉDITO SICOOB CREDICAPITAL;4529074;;;;B3S;Cooperativa de crédito singular;Cooperativas;2;Privado nacional;9;CASCAVEL;PR;2024-12-31;1369244;843826;1209045;992618;160199;24153;0;47
BANCO ITAUCARD S.A.;17192451;ITAU - PRUDENCIAL;00010069;00080099;B2;Banco múltiplo sem carteira comercial, banco de câmbio ou investimento;Bancário;2;Privado nacional;8;SAO PAULO;SP;2024-12-31;1366918;0;1315747;0;51171;100299;2;0
COOPERATIVA DE CRÉDITO E INVESTIMENTO COM INTERAÇÃO SOLIDÁRIA CENTRO SUL RS/MS - CRESOL CENTRO SUL RS/MS;2910987;;;;B3S;Cooperativa de crédito singular;Cooperativas;2;Privado nacional;9;ERECHIM;RS;2024-12-31;1359387;1006203;1168193;682684;191194;15375;0;21
COOPERATIVA DE CRÉDITO DE LIVRE ADMISSÃO SICOOB ARENITO PARANÁ / SÃO PAULO;7026923;;;;B3S;Cooperativa de crédito singular;Cooperativas;2;Privado nacional;9;UMUARAMA;PR;2024-12-31;1351973;786080;1193665;947998;158308;16746;0;37
BNY MELLON BANCO S.A.;42272526;BNY MELLON - PRUDENCIAL;00051808;00080910;B1;Banco comercial/múltiplo com carteira comercial ou caixa econômica;Bancário;3;Controle estrangeiro;2;RIO DE JANEIRO;RJ;2024-12-31;1347395;0;959499;909776;387896;13480;3;0
BRASIL CARD INSTITUIÇÃO DE PAGAMENTOS LTDA;3130170;COBUCCIO SCFI - PRUDENCIAL;;00085173;N4;Instituição de pagamento;Não bancário;2;Privado nacional;41;MONTE BELO;MG;2024-12-31;1338496;1212321;1297195;13750;41301;-718;1;0
STARK BANK S.A. - INSTITUICAO DE PAGAMENTO;20018183;STARK SCD - PRUDENCIAL;;00085513;N4;Instituição de pagamento;Não bancário;2;Privado nacional;41;SAO PAULO;SP;2024-12-31;1318858;15512;1192622;596133;126235;4836;1;0
COOPERATIVA DE CRÉDITO INTEGRADO - SICOOB INTEGRADO;7122321;;;;B3S;Cooperativa de crédito singular;Cooperativas;2;Privado nacional;9;PATO BRANCO;PR;2024-12-31;1313052;673841;1167339;1026834;145713;18084;0;45
COOPERATIVA DE CREDITO CREDISUDESTE LTDA. - SICOOB CREDISUDESTE;22656789;;;;B3S;Cooperativa de crédito singular;Cooperativas;2;Privado nacional;9;MURIAE;MG;2024-12-31;1309421;488729;1169575;926074;139846;24228;0;25
CHG-MERIDIAN DO BRASIL ARRENDAMENTO MERCANTIL S.A.;18539102;CHG-MERIDIAN DO BRASIL AM S.A. - PRUDENCIAL;;00082994;N1;Instituição não bancária de crédito;Não bancário;3;Controle estrangeiro;19;BARUERI;SP;2024-12-31;1308592;872698;1142744;894428;165849;-40815;2;0
COOPERATIVA DE CRÉDITO DE LIVRE ADMISSÃO DO NORTE DE MATO GROSSO - SICOOB NORTE MT;23623636;;;;B3S;Cooperativa de crédito singular;Cooperativas;2;Privado nacional;9;SINOP;MT;2024-12-31;1299385;979593;1130589;1007312;168796;-1955;0;27
COOPERATIVA DE CRÉDITO DE LIVRE ADMISSÃO DE SÃO ROQUE DE MINAS LTDA.;66402207;;;;B3S;Cooperativa de crédito singular;Cooperativas;2;Privado nacional;9;SAO ROQUE DE MINAS;MG;2024-12-31;1279756;565428;1130315;924479;149442;13098;0;28
BRAZA BANK S.A. BANCO DE CÂMBIO;19307785;BRAZA BANK BCO CÂMBIO - PRUDENCIAL;;00081294;B2;Banco múltiplo sem carteira comercial, banco de câmbio ou investimento;Bancário;2;Privado nacional;39;CURITIBA;PR;2024-12-31;1278167;0;1227286;122631;50881;7094;3;0
COOPERATIVA DE CRÉDITO CREDICAF LTDA - SICOOB CREDICAF;25395435;;;;B3S;Cooperativa de crédito singular;Cooperativas;2;Privado nacional;9;LAJINHA;MG;2024-12-31;1278085;636688;1084551;789744;193534;25362;0;18
COOPERATIVA DE CRÉDITO E INVESTIMENTO COM INTERAÇÃO SOLIDÁRIA INTEGRAÇÃO - CRESOL INTEGRAÇÃO;7268499;;;;B3S;Cooperativa de crédito singular;Cooperativas;2;Privado nacional;9;TOLEDO;PR;2024-12-31;1274800;993051;1116835;534984;157965;13311;0;28
BANCO SEMEAR S.A.;795423;BANCO SEMEAR - PRUDENCIAL;;00081380;B1;Banco comercial/múltiplo com carteira comercial ou caixa econômica;Bancário;2;Privado nacional;8;BELO HORIZONTE;MG;2024-12-31;1272727;712095;1155645;1020930;117083;3401;2;0
UBS BB CORRETORA DE CÂMBIO, TÍTULOS E VALORES MOBILIÁRIOS S.A.;2819125;UBS (BRASIL) - PRUDENCIAL;00030771;00080219;N2;Instituição não bancária do mercado de capitais;Não bancário;3;Controle estrangeiro;15;SAO PAULO;SP;2024-12-31;1264116;0;690297;2021;573819;41862;3;0
SAFRA DISTRIBUIDORA DE TÍTULOS E VALORES MOBILIÁRIOS LTDA.;1638542;SAFRA - PRUDENCIAL;00010083;00080109;N2;Instituição não bancária do mercado de capitais;Não bancário;2;Privado nacional;16;SAO PAULO;SP;2024-12-31;1262610;0;882888;256;379722;57252;2;0
CENTRAL DAS COOPERATIVAS DE CRÉDITO DO NORDESTE - SICOOB CENTRAL NE;70116611;;;;B3C;Central/confederação de cooperativas de crédito;Cooperativas;2;Privado nacional;9;JOAO PESSOA;PB;2024-12-31;1258009;31162;1190771;94739;67239;3487;0;0
COOPERATIVA DE CRÉDITO CREDIVERTENTES LTDA. - SICOOB CREDIVERTENTES;22724710;;;;B3S;Cooperativa de crédito singular;Cooperativas;2;Privado nacional;9;SAO TIAGO;MG;2024-12-31;1251074;492793;1058248;1005660;192826;16187;0;21
COOPERATIVA DE CRÉDITO DE LIVRE ADMISSÃO DE ASSOCIADOS - SICOOB CREDICARU SC/RS;694389;;;;B3S;Cooperativa de crédito singular;Cooperativas;2;Privado nacional;9;SAO JOSE DO CERRITO;SC;2024-12-31;1241019;914119;1011947;631307;229072;23409;0;15
COOPERATIVA DE CRÉDITO DE LIVRE ADMISSÃO DA PARAÍBA - SICOOB PARAÍBA;11907520;;;;B3S;Cooperativa de crédito singular;Cooperativas;2;Privado nacional;9;CAMPINA GRANDE;PB;2024-12-31;1231284;781663;990998;945963;240286;31728;0;9
BANCO KOMATSU DO BRASIL S.A.;23903068;BANCO KOMATSU DO BRASIL - PRUDENCIAL;;00084576;B2;Banco múltiplo sem carteira comercial, banco de câmbio ou investimento;Bancário;3;Controle estrangeiro;8;SAO PAULO;SP;2024-12-31;1230996;1083958;1007743;925962;223253;14844;2;0
DESENBAHIA - AGENCIA DE FOMENTO DO ESTADO DA BAHIA S.A.;15163587;DESENBAHIA AG FOMENTO BAHIA SA - PRUDENCIAL;;00081067;N1;Instituição não bancária de crédito;Não bancário;1;Público;30;SALVADOR;BA;2024-12-31;1227382;768302;399843;263833;827539;53361;2;0
COOPERATIVA DE CRÉDITO CREDINOR LTDA - SICOOB CREDINOR;21866694;;;;B3S;Cooperativa de crédito singular;Cooperativas;2;Privado nacional;9;MONTES CLAROS;MG;2024-12-31;1226736;559718;1051337;950115;175399;18393;0;32
GOLDMAN SACHS DO BRASIL CORRETORA DE TÍTULOS E VALORES MOBILIÁRIOS S.A.;9605581;GOLDMAN SACHS - PRUDENCIAL;00051585;00080714;N2;Instituição não bancária do mercado de capitais;Não bancário;3;Controle estrangeiro;15;SAO PAULO;SP;2024-12-31;1208230;0;395243;0;812987;115889;2;0
CARUANA S.A. - SOCIEDADE DE CRÉDITO, FINANCIAMENTO E INVESTIMENTO;9313766;CARUANA SCFI - PRUDENCIAL;;00083591;N1;Instituição não bancária de crédito;Não bancário;2;Privado nacional;14;SAO PAULO;SP;2024-12-31;1192878;1054225;1052097;1039810;140781;6585;2;0
COOPERATIVA DE CRÉDITO E ECONOMIA COM INTERAÇÃO SOLIDÁRIA DO PLANALTO SERRA DO RIO GRANDE DO SUL - CRESOL PLANALTO SERRA;5863726;;;;B3S;Cooperativa de crédito singular;Cooperativas;2;Privado nacional;9;SANANDUVA;RS;2024-12-31;1191713;805844;1074360;581924;117353;17601;0;29
COOPERATIVA DE CRÉDITO CREDICOCAPEC;67096909;;;;B3S;Cooperativa de crédito singular;Cooperativas;2;Privado nacional;9;FRANCA;SP;2024-12-31;1189693;432817;949431;817445;240262;23780;0;10
CAIXA DISTRIBUIDORA DE TÍTULOS E VALORES MOBILIÁRIOS S.A.;42040639;CAIXA ECONÔMICA FEDERAL - PRUDENCIAL;00051626;00080738;N2;Instituição não bancária do mercado de capitais;Não bancário;1;Público;16;BRASILIA;DF;2024-12-31;1186747;0;337913;0;848834;528335;2;0
QI SOCIEDADE DE CRÉDITO DIRETO S.A.;32402502;QI SCD - PRUDENCIAL;00052395;00084882;N1;Instituição não bancária de crédito;Não bancário;3;Controle estrangeiro;43;SAO PAULO;SP;2024-12-31;1186291;115511;919916;848947;266374;83883;2;0
BMG LEASING S.A. ARRENDAMENTO MERCANTIL;34265561;BMG - PRUDENCIAL;00030290;00080178;N1;Instituição não bancária de crédito;Não bancário;2;Privado nacional;19;SAO PAULO;SP;2024-12-31;1181748;0;133473;0;1048275;43725;2;0
CELCOIN INSTITUICAO DE PAGAMENTO S.A.;13935893;CELCOIN IP - PRUDENCIAL;;00085960;N4;Instituição de pagamento;Não bancário;2;Privado nacional;41;BARUERI;SP;2024-12-31;1178895;0;811205;572364;367691;12621;1;0
QISTA S.A. - CRÉDITO, FINANCIAMENTO E INVESTIMENTO;36583700;QISTA S.A. CFI - PRUDENCIAL;;00085506;N1;Instituição não bancária de crédito;Não bancário;2;Privado nacional;14;SAO PAULO;SP;2024-12-31;1176307;462330;1076267;922994;100040;28306;2;0
COOPERATIVA DE CREDITO COOPLIVRE;49389307;;;;B3S;Cooperativa de crédito singular;Cooperativas;2;Privado nacional;9;CAPIVARI;SP;2024-12-31;1164089;701304;1014657;877277;149432;12598;0;21
COOPERATIVA DE CRÉDITO DOS PROFISSIONAIS DA ÁREA DA SAÚDE E DE LIVRE ADMISSÃO LTDA - UNICRED ALIANÇA;70937271;;;;B3S;Cooperativa de crédito singular;Cooperativas;2;Privado nacional;9;UBERLANDIA;MG;2024-12-31;1159540;595743;1052358;957318;107182;7207;0;33
PAN FINANCEIRA S.A. - CRÉDITO, FINANCIAMENTO E INVESTIMENTOS;2682287;BTG PACTUAL - PRUDENCIAL;00049944;00080336;N1;Instituição não bancária de crédito;Não bancário;2;Privado nacional;14;RIO DE JANEIRO;RJ;2024-12-31;1145618;250956;120554;0;1025063;190586;2;0
COOPERATIVA DE CRÉDITO NOSSOCRÉDITO LTDA - SICOOB NOSSOCRÉDITO;22760839;;;;B3S;Cooperativa de crédito singular;Cooperativas;2;Privado nacional;9;SAO SEBASTIAO DO PARAISO;MG;2024-12-31;1137274;439073;968059;876013;169216;21168;0;11
COOPERATIVA DE CRÉDITO DE LIVRE ADMISSÃO TRÊS FRONTEIRAS - SICOOB TRÊS FRONTEIRAS;4876393;;;;B3S;Cooperativa de crédito singular;Cooperativas;2;Privado nacional;9;FOZ DO IGUACU;PR;2024-12-31;1131117;678550;1008053;837568;123064;11893;0;21
CREDISIS CREDIARI - COOPERATIVA DE CRÉDITO LTDA.;3222753;;;;B3S;Cooperativa de crédito singular;Cooperativas;2;Privado nacional;9;ARIQUEMES;RO;2024-12-31;1124600;820645;719105;633306;405495;35682;0;18
COOPERATIVA DE CRÉDITO DE LIVRE ADMISSÃO DE ASSOCIADOS ITAPIRANGA - SICOOB CREDITAPIRANGA SC/RS;78483310;;;;B3S;Cooperativa de crédito singular;Cooperativas;2;Privado nacional;9;ITAPIRANGA;SC;2024-12-31;1118548;621408;998822;679768;119726;8942;0;9
COOPERATIVA DE CRÉDITO E INVESTIMENTO COM INTERAÇÃO SOLIDÁRIA DA AMAZÔNIA - CRESOL AMAZÔNIA;10520232;;;;B3S;Cooperativa de crédito singular;Cooperativas;2;Privado nacional;9;JI-PARANA;RO;2024-12-31;1112821;942741;991555;370003;121266;13823;0;21
COOPERATIVA DE CRÉDITO DA FOZ DO RIO ITAJAÍ AÇU - CREDIFOZ;9512539;;;;B3S;Cooperativa de crédito singular;Cooperativas;2;Privado nacional;9;ITAJAI;SC;2024-12-31;1111581;880839;947144;775775;164437;8066;0;25
COOPERATIVA DE CRÉDITO CREDISETE LTDA. - SICOOB CREDISETE;22753982;;;;B3S;Cooperativa de crédito singular;Cooperativas;2;Privado nacional;9;SETE LAGOAS;MG;2024-12-31;1110372;427394;987204;949857;123168;13879;0;13
COOPERATIVA DE CRÉDITO DE LIVRE ADMISSÃO DE ASSOCIADOS NOVA TRENTO   SICOOB TRENTOCREDI SC;2641969;;;;B3S;Cooperativa de crédito singular;Cooperativas;2;Privado nacional;9;NOVA TRENTO;SC;2024-12-31;1100200;627191;907378;887403;192822;21257;0;16
MULVI INSTITUICAO DE PAGAMENTO S.A.;3847413;BCO DO EST. DE SE S.A. - PRUDENCIAL;;00081634;N4;Instituição de pagamento;Não bancário;1;Público;41;ARACAJU;SE;2024-12-31;1098602;638771;999763;11022;98840;-8778;1;0
NATURA &CO PAY SOCIEDADE DE CRÉDITO DIRETO S.A.;48805820;NATURA &CO PAY SCD;;00086598;N1;Instituição não bancária de crédito;Não bancário;2;Privado nacional;43;SAO PAULO;SP;2024-12-31;1098475;566301;518433;0;580042;19376;2;0
COOPERATIVA DE CRÉDITO E INVESTIMENTO COM INTERAÇÃO SOLIDÁRIA DE MINAS GERAIS - CRESOL MINAS GERAIS;8624548;;;;B3S;Cooperativa de crédito singular;Cooperativas;2;Privado nacional;9;MURIAE;MG;2024-12-31;1095825;743232;984654;570272;111171;12581;0;24
COOPERATIVA DE CRÉDITO E INVESTIMENTO COM INTERAÇÃO SOLIDÁRIA VANGUARDA - CRESOL VANGUARDA;3965737;;;;B3S;Cooperativa de crédito singular;Cooperativas;2;Privado nacional;9;CHAPECO;SC;2024-12-31;1094079;904340;992614;470823;101465;10259;0;20
COOPERATIVA DE CRÉDITO EVOLUA;10311218;;;;B3S;Cooperativa de crédito singular;Cooperativas;2;Privado nacional;9;FRANCISCO BELTRAO;PR;2024-12-31;1092841;952417;956522;579205;136318;2761;0;21
EMPRESA BRASILEIRA DE BENEFICIOS E PAGAMENTOS INSTITUICAO DE PAGAMENTO LTDA;33449007;EMPRESA BRASILEIRA DE BENEFICIOS E PAGAMENTOS IP -;;00087834;N4;Instituição de pagamento;Não bancário;2;Privado nacional;41;SAO PAULO;SP;2024-12-31;1084105;0;1036056;375031;48050;472;1;0
BANCO ARBI S.A.;54403563;BCO ARBI S.A. - PRUDENCIAL;;00081201;B1;Banco comercial/múltiplo com carteira comercial ou caixa econômica;Bancário;2;Privado nacional;2;RIO DE JANEIRO;RJ;2024-12-31;1082462;226024;978841;920217;103620;-2926;5;0
COOPERATIVA DE POUPANÇA E CRÉDITO DO VALE DO RIO DOCE LTDA - SICOOB CREDIRIODOCE;25606237;;;;B3S;Cooperativa de crédito singular;Cooperativas;2;Privado nacional;9;GOVERNADOR VALADARES;MG;2024-12-31;1075789;365533;939566;848212;136223;19389;0;27
COOPERATIVA DE CRÉDITO CREDCOOPER LTDA - SICOOB CREDCOOPER;19449602;;;;B3S;Cooperativa de crédito singular;Cooperativas;2;Privado nacional;9;CARATINGA;MG;2024-12-31;1074818;432537;917591;709685;157227;20877;0;11
COOPERATIVA DE CRÉDITO CREDIUNA LTDA - SICOOB CREDIUNA;64237530;;;;B3S;Cooperativa de crédito singular;Cooperativas;2;Privado nacional;9;ITAUNA;MG;2024-12-31;1072255;518110;895119;760249;177136;12787;0;11
CREDISIS JICRED - COOPERATIVA DE CRÉDITO DE LIVRE ADMISSÃO JICRED;2309070;;;;B3S;Cooperativa de crédito singular;Cooperativas;2;Privado nacional;9;JI-PARANA;RO;2024-12-31;1059906;791276;866887;712502;193019;11918;0;25
COOPERATIVA DE CRÉDITO CREDISG LTDA. - SICOOB CREDISG;3645752;;;;B3S;Cooperativa de crédito singular;Cooperativas;2;Privado nacional;9;SAO GOTARDO;MG;2024-12-31;1049501;460108;855543;656683;193958;27077;0;1
FORTBRASIL INSTITUIÇÃO DE PAGAMENTO S/A;2732968;DM SCFI - PRUDENCIAL;;00083467;N4;Instituição de pagamento;Não bancário;2;Privado nacional;41;SAO JOSE DOS CAMPOS;SP;2024-12-31;1043563;1009930;983272;15563;60291;6054;1;0
COOPERATIVA CENTRAL DE CRÉDITO, POUPANÇA E INVESTIMENTO DO NORDESTE - CENTRAL SICREDI NORDESTE;70119680;;;;B3C;Central/confederação de cooperativas de crédito;Cooperativas;2;Privado nacional;9;JOAO PESSOA;PB;2024-12-31;1039841;8459;906912;0;132928;55509;0;0
COOPERATIVA DE CRÉDITO CREDIFOR LTDA - SICOOB CREDIFOR;41931445;;;;B3S;Cooperativa de crédito singular;Cooperativas;2;Privado nacional;9;FORMIGA;MG;2024-12-31;1033111;451906;941342;875203;91770;4460;0;9
QI DISTRIBUIDORA DE TÍTULOS E VALORES MOBILIÁRIOS LTDA.;46955383;QI SCD - PRUDENCIAL;00052395;00084882;N2;Instituição não bancária do mercado de capitais;Não bancário;3;Controle estrangeiro;16;SAO PAULO;SP;2024-12-31;1032941;0;187865;0;845076;-10570;2;0
COOPERATIVA DE ECONOMIA E CRÉDITO MÚTUO DOS MÉDICOS DOS VALES DO TAQUARI E RIO PARDO E REGIÃO DA PRODUÇÃO LTDA. - UNICRED PREMIUM;1635462;;;;B3S;Cooperativa de crédito singular;Cooperativas;2;Privado nacional;9;LAJEADO;RS;2024-12-31;1027355;564611;911016;847834;116339;3719;0;13
COOPERATIVA DE CRÉDITO DE LIVRE ADMISSÃO DA REGIÃO DE FRUTAL LTDA.   SICOOB FRUTAL;71419600;;;;B3S;Cooperativa de crédito singular;Cooperativas;2;Privado nacional;9;FRUTAL;MG;2024-12-31;1024431;541081;877355;682399;147076;14502;0;8
BANCO CIFRA S.A.;62421979;BMG - PRUDENCIAL;00030290;00080178;B1;Banco comercial/múltiplo com carteira comercial ou caixa econômica;Bancário;2;Privado nacional;8;SAO PAULO;SP;2024-12-31;1020967;66345;129859;0;891108;33974;2;0
COOPERATIVA DE CRÉDITO DE LIVRE ADMISSÃO DO ESTADO DE SÃO PAULO - SICOOB PAULISTA;10262276;;;;B3S;Cooperativa de crédito singular;Cooperativas;2;Privado nacional;9;PRESIDENTE PRUDENTE;SP;2024-12-31;1020697;645710;915469;855046;105228;7959;0;21
DIBENS LEASING S.A. ARRENDAMENTO MERCANTIL;65654303;ITAU - PRUDENCIAL;00010069;00080099;N1;Instituição não bancária de crédito;Não bancário;2;Privado nacional;19;SAO PAULO;SP;2024-12-31;1015948;0;72035;4412;943913;53074;2;0
COOPERATIVA DE CRÉDITO, POUPANÇA E INVESTIMENTO DO NOROESTE DO ESTADO DE SÃO PAULO - SICREDI NOROESTE SP;3065046;;;;B3S;Cooperativa de crédito singular;Cooperativas;2;Privado nacional;9;SAO JOSE DO RIO PRETO;SP;2024-12-31;1015305;487932;906090;724571;109215;5794;0;15
COOPERATIVA DE ECONOMIA E CRÉDITO MÚTUO UNICRED PONTO CAPITAL - UNICRED PONTO CAPITAL.;2641032;;;;B3S;Cooperativa de crédito singular;Cooperativas;2;Privado nacional;9;SANTA MARIA;RS;2024-12-31;1014749;725776;909790;844310;104960;-2460;0;18
COOPERATIVA DE CRÉDITO DO NORTE CATARINENSE - ACREDICOOP;3461243;;;;B3S;Cooperativa de crédito singular;Cooperativas;2;Privado nacional;9;JOINVILLE;SC;2024-12-31;1009395;837668;881974;744772;127421;7263;0;23
COOPERATIVA DE CRÉDITO CREDIBOM LTDA. - SICOOB CREDIBOM;21670187;;;;B3S;Cooperativa de crédito singular;Cooperativas;2;Privado nacional;9;BOM DESPACHO;MG;2024-12-31;1004788;451758;862299;783277;142490;16582;0;7
COOPERATIVA DE CRÉDITO E INVESTIMENTO COM INTERAÇÃO SOLIDÁRIA LIDERANÇA - CRESOL LIDERANÇA;2934201;;;;B3S;Cooperativa de crédito singular;Cooperativas;2;Privado nacional;9;CHOPINZINHO;PR;2024-12-31;1001008;811552;851215;346349;149793;8127;0;18
JPMORGAN CHASE BANK, NATIONAL ASSOCIATION;46518205;JP MORGAN CHASE - PRUDENCIAL;00020107;00080116;B1;Banco comercial/múltiplo com carteira comercial ou caixa econômica;Bancário;3;Controle estrangeiro;28;SAO PAULO;SP;2024-12-31;999664;0;471591;87077;528072;12427;2;0
COOPERATIVA DE CRÉDITO DE LIVRE ADMISSÃO DE ASSOCIADOS VALE DO RIO DO PEIXE - SICOOB CREDIRIO SC;78865995;;;;B3S;Cooperativa de crédito singular;Cooperativas;2;Privado nacional;9;JOACABA;SC;2024-12-31;995494;452467;899374;748531;96119;8854;0;11
COOPERATIVA DE CRÉDITO E CAPTAÇÃO SICOOB UNICIDADES;3047549;;;;B3S;Cooperativa de crédito singular;Cooperativas;2;Privado nacional;9;RIO VERDE;GO;2024-12-31;987006;707980;825686;587070;161320;2384;0;13
COOPERATIVA DE CRÉDITO DE LIVRE ADMISSÃO UNIÃO E NEGÓCIOS - SICOOB INTEGRAÇÃO;8742188;;;;B3S;Cooperativa de crédito singular;Cooperativas;2;Privado nacional;9;CUIABA;MT;2024-12-31;986787;689059;853010;769607;133778;8533;0;25
COOPERATIVA DE CRÉDITO DE LIVRE ADMISSÃO DE ASSOCIADOS VALE DO CHAPECOZINHO - SICOOB VALCREDI SUL;2090126;;;;B3S;Cooperativa de crédito singular;Cooperativas;2;Privado nacional;9;PASSOS MAIA;SC;2024-12-31;981841;638309;864470;718782;117371;10399;0;17
COOPERATIVA DE CRÉDITO DOS PROFISSIONAIS DOS CREAS E DEMAIS ÁREAS TECNOLÓGICAS - CREDCREA;5979692;;;;B3S;Cooperativa de crédito singular;Cooperativas;2;Privado nacional;9;FLORIANOPOLIS;SC;2024-12-31;966876;604074;836263;770434;130613;7672;0;24
WISE BRASIL INSTITUICAO DE PAGAMENTO LTDA;40571694;WISE BRASIL CC - PRUDENCIAL;;00085647;N4;Instituição de pagamento;Não bancário;3;Controle estrangeiro;41;SAO PAULO;SP;2024-12-31;958469;0;946654;570080;11815;2882;1;0
BANCO WOORI BANK DO BRASIL S.A.;15357060;BCO WOORI BANK DO BRASIL S.A. - PRUDENCIAL;;00081823;B1;Banco comercial/múltiplo com carteira comercial ou caixa econômica;Bancário;3;Controle estrangeiro;8;SAO PAULO;SP;2024-12-31;954200;69576;881536;878411;72664;-5415;2;0
COOPERATIVA DE CRÉDITO CREDICARPA LTDA. - SICOOB CREDICARPA;23949522;;;;B3S;Cooperativa de crédito singular;Cooperativas;2;Privado nacional;9;CARMO DO PARANAIBA;MG;2024-12-31;949753;493512;748671;517692;201082;18669;0;4
COOPERATIVA DE CRÉDITO UNIQUE BR;73647935;;;;B3S;Cooperativa de crédito singular;Cooperativas;2;Privado nacional;9;CAMPO GRANDE;MS;2024-12-31;947654;576469;795369;742567;152285;-3585;0;18
COOPERATIVA DE CRÉDITO, POUPANÇA E INVESTIMENTO DE ARARAQUARA E REGIÃO - SICREDI MORADA DO SOL SP;73113243;;;;B3S;Cooperativa de crédito singular;Cooperativas;2;Privado nacional;9;ARARAQUARA;SP;2024-12-31;940009;563209;843800;675324;96209;8587;0;9
COOPERATIVA DE CRÉDITO ORIGINAL - SICOOB ORIGINAL;81292278;;;;B3S;Cooperativa de crédito singular;Cooperativas;2;Privado nacional;9;SAO LOURENCO D'OESTE;SC;2024-12-31;939102;436676;781874;569946;157228;12858;0;13
COOPERATIVA DE CRÉDITO DE LIVRE ADMISSÃO DE BELO HORIZONTE E CIDADES POLO DO ESTADO DE MINAS GERAIS LTDA. - SICOOB NOSSACOOP;1760242;;;;B3S;Cooperativa de crédito singular;Cooperativas;2;Privado nacional;9;BELO HORIZONTE;MG;2024-12-31;920907;584064;817862;786685;103045;6801;0;39
COOPERATIVA DE CREDITO NOSSO - SICOOB NOSSO;59869560;;;;B3S;Cooperativa de crédito singular;Cooperativas;2;Privado nacional;9;ADAMANTINA;SP;2024-12-31;918900;461037;805775;692212;113125;-17420;0;19
COOPERATIVA DE CRÉDITO E INVESTIMENTO COM INTERAÇÃO SOLIDÁRIA PROGRESSO - CRESOL PROGRESSO;2448310;;;;B3S;Cooperativa de crédito singular;Cooperativas;2;Privado nacional;9;CASCAVEL;PR;2024-12-31;914410;742001;826339;439213;88071;9736;0;16
COOPERATIVA DE CRÉDITO E INVESTIMENTO COM INTERAÇÃO SOLIDÁRIA ESSÊNCIA - CRESOL ESSÊNCIA;6031727;;;;B3S;Cooperativa de crédito singular;Cooperativas;2;Privado nacional;9;SANTO CRISTO;RS;2024-12-31;913999;668211;820011;488440;93988;7207;0;22
CSILATINA ARRENDAMENTO MERCANTIL S.A.;5883884;CSILATINA A.M. S.A. - PRUDENCIAL;;00082970;N1;Instituição não bancária de crédito;Não bancário;3;Controle estrangeiro;19;BARUERI;SP;2024-12-31;912257;604516;759490;512555;152766;19691;2;0
COOPERATIVA DE CRÉDITO CREDIVALE LTDA - SICOOB CREDIVALE;25387655;;;;B3S;Cooperativa de crédito singular;Cooperativas;2;Privado nacional;9;TEOFILO OTONI;MG;2024-12-31;911939;258387;791238;712111;120701;17828;0;25
BANCO FATOR S.A.;33644196;FATOR - PRUDENCIAL;;00080350;B1;Banco comercial/múltiplo com carteira comercial ou caixa econômica;Bancário;2;Privado nacional;8;SAO PAULO;SP;2024-12-31;907885;14138;607432;599693;300453;10838;3;0
BANCO TRAVELEX S.A.;11703662;BANCO TRAVELEX - PRUDENCIAL;00051671;00080783;B1;Banco comercial/múltiplo com carteira comercial ou caixa econômica;Bancário;3;Controle estrangeiro;8;SAO PAULO;SP;2024-12-31;895445;49389;667029;205141;228416;106;2;0
BANCO INVESTCRED UNIBANCO S.A.;61182408;ITAU - PRUDENCIAL;00010069;00080099;B1;Banco comercial/múltiplo com carteira comercial ou caixa econômica;Bancário;2;Privado nacional;2;SAO PAULO;SP;2024-12-31;891646;803688;766174;216801;125472;20850;2;0
SICREDI RECIFE - COOPERATIVA DE CRÉDITO, POUPANÇA E INVESTIMENTO SICREDI RECIFE;70241658;;;;B3S;Cooperativa de crédito singular;Cooperativas;2;Privado nacional;9;RECIFE;PE;2024-12-31;887678;451702;787817;709758;99861;2108;0;7
DEUTSCHE SPARKASSEN LEASING DO BRASIL BANCO MÚLTIPLO S.A.;23511655;DEUTSCHE SPARKASSEN LEASING DO BRASIL - PRUDENCIAL;;00084545;B2;Banco múltiplo sem carteira comercial, banco de câmbio ou investimento;Bancário;3;Controle estrangeiro;8;SAO PAULO;SP;2024-12-31;880865;716378;773910;611269;106955;-5199;2;0
COOPERATIVA DE CRÉDITO DE LIVRE ADMISSÃO DO VALE DO PARANAÍBA LTDA.;24799033;;;;B3S;Cooperativa de crédito singular;Cooperativas;2;Privado nacional;9;QUIRINOPOLIS;GO;2024-12-31;873011;385687;622698;482633;250313;13711;0;16
COOPERATIVA DE CRÉDITO E INVESTIMENTO COM INTERAÇÃO SOLIDÁRIA GRANDES LAGOS PR/SP - CRESOL GRANDES LAGOS PR/SP;6126780;;;;B3S;Cooperativa de crédito singular;Cooperativas;2;Privado nacional;9;GUARAPUAVA;PR;2024-12-31;872736;667817;777676;399938;95060;6121;0;17
COOPERATIVA DE CRÉDITO DE LIVRE ADMISSÃO DO VALE DO PARANAPANEMA;1637949;;;;B3S;Cooperativa de crédito singular;Cooperativas;2;Privado nacional;9;PRESIDENTE PRUDENTE;SP;2024-12-31;870966;355023;725421;652894;145545;10144;0;15
COOPERATIVA DE CRÉDITO DE LIVRE ADMISSÃO DE PERNAMBUCO - SICOOB PERNAMBUCO;3732359;;;;B3S;Cooperativa de crédito singular;Cooperativas;2;Privado nacional;9;SAO JOSE DO EGITO;PE;2024-12-31;869446;645116;752825;672896;116620;17684;0;36
COOPERATIVA DE CRÉDITO E INVESTIMENTO COM INTERAÇÃO SOLIDÁRIA TRIUNFO - CRESOL TRIUNFO;8560508;;;;B3S;Cooperativa de crédito singular;Cooperativas;2;Privado nacional;9;SAO JOAO DO TRIUNFO;PR;2024-12-31;869016;740148;768321;356371;100694;13424;0;13
BITZ INSTITUICAO DE PAGAMENTO S.A.;15011719;BRADESCO - PRUDENCIAL;;00080075;N4;Instituição de pagamento;Não bancário;2;Privado nacional;41;OSASCO;SP;2024-12-31;862760;0;12510;0;850250;-5702;1;0
COOPERATIVA DE CRÉDITO DE LIVRE ADMISSÃO DE ASSOCIADOS NOVOS CAMPOS - SICOOB NOVOS CAMPOS;78862083;;;;B3S;Cooperativa de crédito singular;Cooperativas;2;Privado nacional;9;CAMPOS NOVOS;SC;2024-12-31;862702;537741;757444;549945;105259;1350;0;14
COOPERATIVA DE CRÉDITO POUPANÇA E INVESTIMENTO DA ALTA NOROESTE DE SÃO PAULO - SICREDI ALTA NOROESTE SP;4484490;;;;B3S;Cooperativa de crédito singular;Cooperativas;2;Privado nacional;9;BIRIGUI;SP;2024-12-31;862403;593427;758962;625681;103441;10157;0;11
COOPERATIVA DE CRÉDITO E INVESTIMENTO COM INTERAÇÃO SOLIDÁRIA NORTE PARANAENSE - CRESOL NORTE PARANAENSE;7925729;;;;B3S;Cooperativa de crédito singular;Cooperativas;2;Privado nacional;9;LONDRINA;PR;2024-12-31;861934;694241;781774;524161;80160;1834;0;15
COOPERATIVA DE CRÉDITO CREDIPEU LTDA.  - SICOOB CREDIPEU;66262643;;;;B3S;Cooperativa de crédito singular;Cooperativas;2;Privado nacional;9;POMPEU;MG;2024-12-31;859364;294207;748477;640225;110888;13200;0;2
STARA FINANCEIRA S.A. - CRÉDITO FINANCIAMENTO E INVESTIMENTO;17359351;STARA FINANCEIRA S.A. - CFI - PRUDENCIAL;;00083711;N1;Instituição não bancária de crédito;Não bancário;2;Privado nacional;14;NAO-ME-TOQUE;RS;2024-12-31;857921;826031;674649;668997;183272;7212;2;0
COOPERATIVA DE CRÉDITO SICOOB CREDSEGURO LTDA.;2935307;;;;B3S;Cooperativa de crédito singular;Cooperativas;2;Privado nacional;9;GOIANIA;GO;2024-12-31;855860;394402;635123;588990;220737;11225;0;11
COOPERATIVA DE ECONOMIA E CRÉDITO MÚTUO DOS PROFISSIONAIS DA SAÚDE DA REGIÃO DA ALTA MOGIANA - SICOOB CREDIMOGIANA;69346856;;;;B3S;Cooperativa de crédito singular;Cooperativas;2;Privado nacional;9;FRANCA;SP;2024-12-31;855233;503946;750033;686138;105200;8302;0;9
MERCANTIL FINANCEIRA S.A. - CRÉDITO, FINANCIAMENTO E INVESTIMENTO;33040601;MERCANTIL DO BRASIL - PRUDENCIAL;00020152;00080123;N1;Instituição não bancária de crédito;Não bancário;2;Privado nacional;14;BELO HORIZONTE;MG;2024-12-31;842052;464760;266525;225896;575527;14652;2;0
UNIPRIME PIONEIRA COOPERATIVA DE CRÉDITO;1286361;;;;B3S;Cooperativa de crédito singular;Cooperativas;2;Privado nacional;9;TOLEDO;PR;2024-12-31;840368;609760;738702;726287;101666;6939;0;19
ALFA ARRENDAMENTO MERCANTIL S.A.;46570800;SAFRA - PRUDENCIAL;00010083;00080109;N1;Instituição não bancária de crédito;Não bancário;2;Privado nacional;19;SAO PAULO;SP;2024-12-31;840350;361600;492996;189124;347354;-16013;2;0
COOPERATIVA DE CRÉDITO, POUPANÇA E INVESTIMENTO SICREDI SERIGY - SICREDI SERIGY;2923389;;;;B3S;Cooperativa de crédito singular;Cooperativas;2;Privado nacional;9;ARACAJU;SE;2024-12-31;825661;351780;718594;627386;107067;12156;0;9
COOPERATIVA DE CRÉDITO E INVESTIMENTO COM INTERAÇÃO SOLIDÁRIA DO RIO GRANDE DO SUL - CRESOL RIO GRANDE DO SUL;6139650;;;;B3S;Cooperativa de crédito singular;Cooperativas;2;Privado nacional;9;BENTO GONCALVES;RS;2024-12-31;824493;666678;734100;357038;90393;4891;0;23
INTER DISTRIBUIDORA DE TITULOS E VALORES MOBILIARIOS LTDA;18945670;INTER - PRUDENCIAL;00051884;00080996;N2;Instituição não bancária do mercado de capitais;Não bancário;2;Privado nacional;16;BELO HORIZONTE;MG;2024-12-31;821264;0;399803;108207;421461;28106;2;0
COOPERATIVA DE CRÉDITO DE LIVRE ADMISSÃO E DOS TRANSPORTADORES RODOVIÁRIOS DE VEÍCULOS - SICOOB CREDCEG;7789195;;;;B3S;Cooperativa de crédito singular;Cooperativas;2;Privado nacional;9;SAO BERNARDO DO CAMPO;SP;2024-12-31;808974;574306;635655;622901;173319;29776;0;2
SICOOB CREDINOVA - COOPERATIVA DE CRÉDITO DE LIVRE ADMISSÃO DE NOVA SERRANA E REGIÃO CENTRO-OESTE LTDA.;1667766;;;;B3S;Cooperativa de crédito singular;Cooperativas;2;Privado nacional;9;NOVA SERRANA;MG;2024-12-31;808925;282745;695655;638334;113271;14472;0;10
SOCIÉTÉ GÉNÉRALE EQUIPMENT FINANCE S.A. - ARRENDAMENTO MERCANTIL;62816426;SOCIETE GENERALE - PRUDENCIAL;00031859;00080264;N1;Instituição não bancária de crédito;Não bancário;3;Controle estrangeiro;19;SAO PAULO;SP;2024-12-31;806550;368866;637735;480596;168814;6055;2;0
COOPERATIVA DE CRÉDITO DE PRODUTORES RURAIS E DE LIVRE ADMISSÃO DO TRIÂNGULO LTDA    SICOOB CREDITRIL;41669227;;;;B3S;Cooperativa de crédito singular;Cooperativas;2;Privado nacional;9;UBERLANDIA;MG;2024-12-31;806086;213810;659657;642203;146429;11254;0;9
COOPERATIVA DE CRÉDITO UNIÃO CENTRO OESTE LTDA. - SICOOB UNIÃO CENTRO OESTE;26178111;;;;B3S;Cooperativa de crédito singular;Cooperativas;2;Privado nacional;9;LAGOA DA PRATA;MG;2024-12-31;803911;326237;675693;584648;128218;2966;0;6
COOPERATIVA DE CRÉDITO E INVESTIMENTO COM INTERAÇÃO SOLIDÁRIA HORIZONTE - CRESOL HORIZONTE;5277312;;;;B3S;Cooperativa de crédito singular;Cooperativas;2;Privado nacional;9;UNIAO DA VITORIA;PR;2024-12-31;803428;689497;703830;394072;99598;13257;0;20
COOPERATIVA DE CREDITO DE LIVRE ADMISSAO DO CENTRO NORDESTE MINEIRO LTDA - SICOOB CREDICENM;2173447;;;;B3S;Cooperativa de crédito singular;Cooperativas;2;Privado nacional;9;GUANHAES;MG;2024-12-31;801238;296580;699572;669575;101666;8222;0;25
BANCO MASTER MÚLTIPLO S.A.;33884941;BANCO MASTER - PRUDENCIAL;00050201;00080367;B1;Banco comercial/múltiplo com carteira comercial ou caixa econômica;Bancário;2;Privado nacional;8;RIO DE JANEIRO;RJ;2024-12-31;799930;0;298835;175047;501094;193062;2;0
COOPERATIVA DE CRÉDITO CREDICOPE LTDA. - SICOOB CREDICOPE;38588174;;;;B3S;Cooperativa de crédito singular;Cooperativas;2;Privado nacional;9;CONSELHEIRO PENA;MG;2024-12-31;794438;328214;695944;592174;98494;9297;0;19
COOPERATIVA DE CRÉDITO COOCRELIVRE;53935029;;;;B3S;Cooperativa de crédito singular;Cooperativas;2;Privado nacional;9;ORLANDIA;SP;2024-12-31;794068;198405;556714;458228;237354;15421;0;13
COOPERATIVA DE CRÉDITO DA REGIÃO DO CONTESTADO - CIVIA;10218474;;;;B3S;Cooperativa de crédito singular;Cooperativas;2;Privado nacional;9;SAO BENTO DO SUL;SC;2024-12-31;791152;662700;692085;577352;99067;5230;0;19
ZEMA CRÉDITO, FINANCIAMENTO E INVESTIMENTO S/A;5351887;ZEMA CFI - PRUDENCIAL;;00083584;N1;Instituição não bancária de crédito;Não bancário;2;Privado nacional;14;ARAXA;MG;2024-12-31;790594;745090;613881;581362;176714;21102;2;0
EBANX INSTITUICAO DE PAGAMENTOS LTDA.;21018182;EBANX IP - PRUDENCIAL;;00085094;N4;Instituição de pagamento;Não bancário;2;Privado nacional;41;CURITIBA;PR;2024-12-31;788433;0;736691;727076;51743;19383;1;0
COOPERATIVA DE CRÉDITO CREDPLUS LTDA. - SICOOB CREDPLUS;25536764;;;;B3S;Cooperativa de crédito singular;Cooperativas;2;Privado nacional;9;LUZ;MG;2024-12-31;788431;340095;719444;663333;68986;-12404;0;19
VORTX DISTRIBUIDORA DE TITULOS E VALORES MOBILIARIOS LTDA.;22610500;VORTX DTVM - PRUDENCIAL;00052364;00084538;N2;Instituição não bancária do mercado de capitais;Não bancário;2;Privado nacional;16;SAO PAULO;SP;2024-12-31;781934;0;715858;650725;66076;19318;2;0
AGENCIA DE FOMENTO DO ESTADO DO RIO DE JANEIRO S.A.;5940203;AGENCIA FOMENTO EST RJ S.A. - PRUDENCIAL;;00081139;N1;Instituição não bancária de crédito;Não bancário;1;Público;30;RIO DE JANEIRO;RJ;2024-12-31;780510;341915;237116;114271;543394;33269;1;0
COOPERATIVA DE CREDITO DE LIVRE ADMISSAO DO VALE DO AÇO LTDA - SICOOB VALE DO AÇO;19869338;;;;B3S;Cooperativa de crédito singular;Cooperativas;2;Privado nacional;9;IPATINGA;MG;2024-12-31;778475;291543;662599;628958;115877;584;0;23
DLOCAL BRASIL INSTITUIÇÃO DE PAGAMENTO S.A.;25021356;DLOCAL BRASIL INSTITUIÇÃO DE PAGAMENTO - PRUDENCIA;;00087133;N4;Instituição de pagamento;Não bancário;3;Controle estrangeiro;41;SAO PAULO;SP;2024-12-31;776117;0;614576;101013;161541;20925;1;0
EBURY BANCO DE CÂMBIO S.A.;13059145;EBURY BANCO DE CÂMBIO - PRUDENCIAL;;00080862;B2;Banco múltiplo sem carteira comercial, banco de câmbio ou investimento;Bancário;3;Controle estrangeiro;39;SAO PAULO;SP;2024-12-31;775474;0;683581;14883;91894;8851;2;0
COOPERATIVA DE CRÉDITO CREDIARA LTDA - SICOOB CREDIARA;66398496;;;;B3S;Cooperativa de crédito singular;Cooperativas;2;Privado nacional;9;ARAXA;MG;2024-12-31;771246;374810;662538;550009;108708;10627;0;10
AGROLEND SOCIEDADE DE CREDITO, FINANCIAMENTO E INVESTIMENTO S.A.;43774196;AGROLEND SCFI - PRUDENCIAL;;00085867;N1;Instituição não bancária de crédito;Não bancário;2;Privado nacional;14;SAO PAULO;SP;2024-12-31;769707;0;297672;284496;472035;-1728;2;0
COOPERATIVA DE CRÉDITO DE LIVRE ADMISSÃO DA REGIÃO DE  PARÁ DE MINAS LTDA - SICOOB CREDIRURAL;25387713;;;;B3S;Cooperativa de crédito singular;Cooperativas;2;Privado nacional;9;PARA DE MINAS;MG;2024-12-31;765059;373148;669699;643676;95360;13280;0;7
SICOOB UNIMAIS METROPOLITANA - COOPERATIVA DE CRÉDITO DE LIVRE ADMISSÃO;259231;;;;B3S;Cooperativa de crédito singular;Cooperativas;2;Privado nacional;9;SANTOS;SP;2024-12-31;763729;525688;649542;627936;114187;8815;0;25
COOPERATIVA DE CRÉDITO SICOOB EXTREMO SUL LTDA.;2447120;;;;B3S;Cooperativa de crédito singular;Cooperativas;2;Privado nacional;9;TEIXEIRA DE FREITAS;BA;2024-12-31;749106;328564;562163;467004;186942;23640;0;11
BANCO CREDIT SUISSE (BRASIL) S.A.;32062580;UBS (BRASIL) - PRUDENCIAL;00030771;00080219;B1;Banco comercial/múltiplo com carteira comercial ou caixa econômica;Bancário;3;Controle estrangeiro;8;SAO PAULO;SP;2024-12-31;747843;343204;522283;510896;225560;-2330;2;0
BANCO TRICURY S.A.;57839805;BCO TRICURY S.A. - PRUDENCIAL;;00081696;B2;Banco múltiplo sem carteira comercial, banco de câmbio ou investimento;Bancário;2;Privado nacional;8;SAO PAULO;SP;2024-12-31;747586;441479;451633;433048;295953;21101;2;0
COOPERATIVA DE CRÉDITO CREDIFIEMG LTDA. - SICOOB CREDIFIEMG;7469260;;;;B3S;Cooperativa de crédito singular;Cooperativas;2;Privado nacional;9;BELO HORIZONTE;MG;2024-12-31;747440;356025;652392;646477;95048;8026;0;0
COOPERATIVA DE CRÉDITO DE LIVRE ADMISSÃO SICOOB UNIMAIS CENTRO LESTE PAULISTA - SICOOB UNIMAIS CENTRO LESTE PAULISTA;1259518;;;;B3S;Cooperativa de crédito singular;Cooperativas;2;Privado nacional;9;RIO CLARO;SP;2024-12-31;743126;491431;635433;623144;107694;11630;0;12
STONE SOCIEDADE DE CRÉDITO DIRETO S.A.;34590184;STONE IP - PRUDENCIAL;;00084686;N1;Instituição não bancária de crédito;Não bancário;3;Controle estrangeiro;43;SAO PAULO;SP;2024-12-31;742731;20354;9208;0;733523;-4066;2;0
COOPERATIVA DE CRÉDITO DE LIVRE ADMISSÃO DE  LAGOA DA PRATA E REGIÃO LTDA.   SICOOB LAGOACRED GERAIS;1739375;;;;B3S;Cooperativa de crédito singular;Cooperativas;2;Privado nacional;9;LAGOA DA PRATA;MG;2024-12-31;740493;401775;594282;519715;146211;17142;0;3
COOPERATIVA DE CRÉDITO E INVESTIMENTO COM INTERAÇÃO SOLIDÁRIA CONEXÃO - CRESOL CONEXÃO;11969853;;;;B3S;Cooperativa de crédito singular;Cooperativas;2;Privado nacional;9;MEDIANEIRA;PR;2024-12-31;738603;550913;671803;354138;66800;-4166;0;11
FITBANK INSTITUIÇÃO DE PAGAMENTO S.A.;13203354;FITS IP - PRUDENCIAL;;00085726;N4;Instituição de pagamento;Não bancário;2;Privado nacional;41;SAO PAULO;SP;2024-12-31;735599;0;651456;604910;84143;11802;1;0
WIRECARD BRAZIL INSTITUIÇÃO DE PAGAMENTO S.A.;8718431;PAGSEGURO - PRUDENCIAL;;00084813;N4;Instituição de pagamento;Não bancário;2;Privado nacional;41;SAO PAULO;SP;2024-12-31;733864;0;44753;30174;689110;25014;1;0
COOPERATIVA DE CRÉDITO MÚTUO DOS ADVOGADOS DE SANTA CATARINA;5861932;;;;B3S;Cooperativa de crédito singular;Cooperativas;2;Privado nacional;9;SAO JOSE;SC;2024-12-31;732012;268834;629442;613775;102571;11110;0;13
COOPERATIVA DE CRÉDITO DE LIVRE ADMISSÃO DA GRANDE GOIÂNIA LTDA.;10209619;;;;B3S;Cooperativa de crédito singular;Cooperativas;2;Privado nacional;9;GOIANIA;GO;2024-12-31;728828;462873;592242;509067;136585;7445;0;5
LEBES FINANCEIRA S.A. - CRÉDITO, FINANCIAMENTO E INVESTIMENTO;11271860;LEBES FINANCEIRA SCFI - PRUDENCIAL;;00083656;N1;Instituição não bancária de crédito;Não bancário;2;Privado nacional;14;ELDORADO;RS;2024-12-31;724470;548625;583855;546178;140615;9411;2;0
COOPERATIVA DE CRÉDITO DE LIVRE ADMISSÃO DO VALE DO ARAGUAIA LTDA.;24830879;;;;B3S;Cooperativa de crédito singular;Cooperativas;2;Privado nacional;9;MINEIROS;GO;2024-12-31;723380;585717;407081;383195;316298;4731;0;4
WISE BRASIL CORRETORA DE CÂMBIO LTDA;36588217;WISE BRASIL CC - PRUDENCIAL;;00085647;N2;Instituição não bancária do mercado de capitais;Não bancário;3;Controle estrangeiro;21;SAO PAULO;SP;2024-12-31;717299;0;582409;0;134890;1698;2;0
COOPERATIVA DE CRÉDITO SICOOB 3 COLINAS;4013172;;;;B3S;Cooperativa de crédito singular;Cooperativas;2;Privado nacional;9;FRANCA;SP;2024-12-31;715391;241089;637566;613277;77824;10383;0;11
CREDI-SHOP S/A - INSTITUIÇÃO DE PAGAMENTO;62895230;CREDI SHOP S.A. - PRUDENCIAL;;00084923;N4;Instituição de pagamento;Não bancário;2;Privado nacional;41;TERESINA;PI;2024-12-31;707895;493469;392219;16000;315676;12714;1;0
COOPERATIVA DE CREDITO CREDIMOTA   SICOOB CREDIMOTA;66788142;;;;B3S;Cooperativa de crédito singular;Cooperativas;2;Privado nacional;9;CANDIDO MOTA;SP;2024-12-31;705983;444751;636257;526597;69726;-15238;0;21
SENFFNET INSTITUIÇÃO DE PAGAMENTO LTDA.;3877288;SENFFNET IP - PRUDENCIAL;;00083670;N4;Instituição de pagamento;Não bancário;2;Privado nacional;41;CURITIBA;PR;2024-12-31;700347;485284;630886;48252;69461;10463;1;0
CREDIARE S.A. - CRÉDITO, FINANCIAMENTO E INVESTIMENTO;5676026;CREDIARE CFI - PRUDENCIAL;;00085427;N1;Instituição não bancária de crédito;Não bancário;2;Privado nacional;14;FARROUPILHA;RS;2024-12-31;697591;576322;614160;481444;83431;-1073;2;0
COOPERATIVA DE CRÉDITO CREDIMATA LTDA. - SICOOB CREDIMATA;1152097;;;;B3S;Cooperativa de crédito singular;Cooperativas;2;Privado nacional;9;VOLTA GRANDE;MG;2024-12-31;695367;301597;603275;519359;92091;7985;0;21
COOPERATIVA DE CRÉDITO SICOOB UNI SUDESTE;86389236;;;;B3S;Cooperativa de crédito singular;Cooperativas;2;Privado nacional;9;UBA;MG;2024-12-31;695138;422504;611194;578317;83944;10104;0;31
COOPERATIVA DE CRÉDITO DE LIVRE ADMISSÃO DA REGIÃO LESTE DA BACIA DO RIO DOCE LTDA   SICOOB CREDILESTE;5158093;;;;B3S;Cooperativa de crédito singular;Cooperativas;2;Privado nacional;9;CARATINGA;MG;2024-12-31;691013;434858;590417;547562;100596;7949;0;4
TORO CORRETORA DE TÍTULOS E VALORES MOBILIÁRIOS S.A.;29162769;SANTANDER - PRUDENCIAL;00030379;00080185;N2;Instituição não bancária do mercado de capitais;Não bancário;3;Controle estrangeiro;15;SAO PAULO;SP;2024-12-31;688910;0;367730;311131;321179;1344;2;0
SICREDI NORTE - COOPERATIVA DE CRÉDITO;83315408;;;;B3S;Cooperativa de crédito singular;Cooperativas;2;Privado nacional;9;BELEM;PA;2024-12-31;684484;315029;636972;531577;47513;3458;0;11
BANCO VR S.A.;78626983;VR - PRUDENCIAL;00050524;00080408;B1;Banco comercial/múltiplo com carteira comercial ou caixa econômica;Bancário;2;Privado nacional;8;SAO PAULO;SP;2024-12-31;680786;23868;645859;617186;34928;-17;2;0
COOPERATIVA DE CRÉDITO CENTRO LESTE NORTE MARANHENSE - SICOOB CENTROLESTE;9403026;;;;B3S;Cooperativa de crédito singular;Cooperativas;2;Privado nacional;9;GRAJAU;MA;2024-12-31;679564;496949;570072;344775;109491;17163;0;24
COOPERATIVA DE CRÉDITO SICOOB ALIANÇA;6174009;;;;B3S;Cooperativa de crédito singular;Cooperativas;2;Privado nacional;9;APUCARANA;PR;2024-12-31;678091;398318;581271;477425;96820;8174;0;37
BANCO SENFF S.A.;11970623;SENFFNET IP - PRUDENCIAL;;00083670;B1;Banco comercial/múltiplo com carteira comercial ou caixa econômica;Bancário;2;Privado nacional;8;CURITIBA;PR;2024-12-31;676932;429945;548699;529439;128233;16543;2;0
COOPERATIVA DE CRÉDITO CREDIJEQUITINHONHA LTDA. - SICOOB CREDIJEQUITINHONHA;71243034;;;;B3S;Cooperativa de crédito singular;Cooperativas;2;Privado nacional;9;CAPELINHA;MG;2024-12-31;676018;217646;552907;506963;123111;12680;0;25
COOPERATIVA DE CREDITO DE LIVRE ADMISSAO DE PARA DE MINAS LTDA - SICOOB ASCICRED;1009908;;;;B3S;Cooperativa de crédito singular;Cooperativas;2;Privado nacional;9;PARA DE MINAS;MG;2024-12-31;673703;211832;595210;579200;78493;3680;0;4
BANCO XCMG BRASIL S.A.;36658769;BANCO XCMG BRASIL - PRUDENCIAL;;00085300;B2;Banco múltiplo sem carteira comercial, banco de câmbio ou investimento;Bancário;3;Controle estrangeiro;8;POUSO ALEGRE;MG;2024-12-31;669027;604213;412210;381587;256817;13738;2;0
COOPERATIVA DE CRÉDITO DO CENTRO SUL MINEIRO LTDA. - SICOOB CENTRO SUL MINEIRO;71238232;;;;B3S;Cooperativa de crédito singular;Cooperativas;2;Privado nacional;9;CARMOPOLIS DE MINAS;MG;2024-12-31;667149;303673;559977;485593;107171;10347;0;13
COOPERATIVA DE CREDITO DE LIVRE ADMISSÃO DO VALE DO SÃO PATRICIO LTDA.;968602;;;;B3S;Cooperativa de crédito singular;Cooperativas;2;Privado nacional;9;GOIANESIA;GO;2024-12-31;665689;420661;514220;372827;151469;7041;0;4
EDENRED SOLUCOES E INSTITUICAO DE PAGAMENTO AHA S.A.;59158642;EDENRED SOLUCOES E IP AHA - PRUDENCIAL;;00084916;N4;Instituição de pagamento;Não bancário;3;Controle estrangeiro;41;BARUERI;SP;2024-12-31;664956;37363;668203;167451;-3247;-32374;1;0
COOPERATIVA DE CRÉDITO CREDSAOPAULO - SICOOB CREDSAOPAULO;2197569;;;;B3S;Cooperativa de crédito singular;Cooperativas;2;Privado nacional;9;SAO JOSE DOS CAMPOS;SP;2024-12-31;652447;322056;573614;556254;78833;6096;0;15
COOPERATIVA DE CRÉDITO RURAL COOPAVEL;76461557;;;;B3S;Cooperativa de crédito singular;Cooperativas;2;Privado nacional;9;CASCAVEL;PR;2024-12-31;646184;432655;423267;406794;222916;24952;0;2
COOPERATIVA DE CRÉDITO DE LIVRE ADMISSÃO DE ASSOCIADOS DO MEIO OESTE CATARINENSE - SICOOB CREDIMOC SC;80959638;;;;B3S;Cooperativa de crédito singular;Cooperativas;2;Privado nacional;9;XANXERE;SC;2024-12-31;645265;236798;549799;510537;95466;9554;0;4
MIRAE ASSET (BRASIL) CORRETORA DE CÂMBIO, TÍTULOS  E VALORES MOBILIÁRIOS LTDA.;12392983;MIRAE ASSET (BRASIL) CCTVM - PRUDENCIAL;;00082932;N2;Instituição não bancária do mercado de capitais;Não bancário;3;Controle estrangeiro;15;SAO PAULO;SP;2024-12-31;639857;0;290719;230951;349138;10887;2;0
STARK SOCIEDADE DE CRÉDITO DIRETO S.A.;39908427;STARK SCD - PRUDENCIAL;;00085513;N1;Instituição não bancária de crédito;Não bancário;2;Privado nacional;43;SAO PAULO;SP;2024-12-31;639555;0;493890;0;145665;18673;1;0
COOPERATIVA DE CRÉDITO DA SERRA CATARINENSE - CREDICOMIN;9590601;;;;B3S;Cooperativa de crédito singular;Cooperativas;2;Privado nacional;9;LAGES;SC;2024-12-31;638115;409089;559821;477313;78294;3903;0;12
COOPERATIVA DE CRÉDITO MONTECREDI LTDA. - SICOOB MONTECREDI;71392047;;;;B3S;Cooperativa de crédito singular;Cooperativas;2;Privado nacional;9;MONTE CARMELO;MG;2024-12-31;634822;229657;557956;434675;76866;7912;0;1
COOPERATIVA DE CRÉDITO DE LIVRE ADMISSÃO DE SANTO ANTÔNIO DO MONTE LTDA.   SICOOB CREDIMONTE;41707258;;;;B3S;Cooperativa de crédito singular;Cooperativas;2;Privado nacional;9;SANTO ANTONIO DO MONTE;MG;2024-12-31;631016;351855;564635;480832;66381;-5533;0;8
COOPERATIVA DE CREDITO DE LIVRE ADMISSAO DE RUBIATABA E REGIAO LTDA;73422792;;;;B3S;Cooperativa de crédito singular;Cooperativas;2;Privado nacional;9;RUBIATABA;GO;2024-12-31;624515;281985;506130;414762;118386;9870;0;12
COOPERATIVA DE CRÉDITO CREDINACIONAL LTDA. - SICOOB CREDINACIONAL;25420696;;;;B3S;Cooperativa de crédito singular;Cooperativas;2;Privado nacional;9;ABAETE;MG;2024-12-31;624006;284633;548219;456992;75787;658;0;12
COOPERATIVA DE CRÉDITO E INVESTIMENTO COM INTERAÇÃO SOLIDÁRIA ATIVA - CRESOL ATIVA;7946451;;;;B3S;Cooperativa de crédito singular;Cooperativas;2;Privado nacional;9;TANGARA;SC;2024-12-31;619172;492631;547177;289791;71995;1095;0;22
COOPERATIVA DE CRÉDITO DE LIVRE ADMISSÃO DO TOCANTINS LTDA;26960328;;;;B3S;Cooperativa de crédito singular;Cooperativas;2;Privado nacional;9;PARAISO DO NORTE DO TOCANTINS;TO;2024-12-31;619147;360170;528943;451982;90205;12816;0;16
AME DIGITAL BRASIL INSTITUICAO DE PAGAMENTO LTDA;32778350;AME DIGITAL BRASIL IP - PRUDENCIAL;;00086488;N4;Instituição de pagamento;Não bancário;2;Privado nacional;41;SAO PAULO;SP;2024-12-31;616717;0;76580;37669;540137;-3350;1;0
UNIPRIME CENTRAL NACIONAL - CENTRAL NACIONAL DE COOPERATIVA DE CREDITO;3046391;;;;B3C;Central/confederação de cooperativas de crédito;Cooperativas;2;Privado nacional;9;LONDRINA;PR;2024-12-31;615907;0;588211;2788;27695;0;0;1
BOLT CARD INSTITUIÇÃO DE PAGAMENTOS LTDA.;28080769;COBUCCIO SCFI - PRUDENCIAL;;00085173;N4;Instituição de pagamento;Não bancário;2;Privado nacional;41;MONTE BELO;MG;2024-12-31;615789;600249;523780;0;92009;29812;1;0
COOPERATIVA DE CRÉDITO SICOOB MÉDIO OESTE;7318874;;;;B3S;Cooperativa de crédito singular;Cooperativas;2;Privado nacional;9;ASSIS CHATEAUBRIAND;PR;2024-12-31;613593;428612;521349;393810;92244;10873;0;9
COOPERATIVA DE CRÉDITO ARACREDI LTDA. - SICOOB ARACREDI;68987;;;;B3S;Cooperativa de crédito singular;Cooperativas;2;Privado nacional;9;ARAGUARI;MG;2024-12-31;613264;338198;535624;342432;77641;2711;0;12
COOPERATIVA DE CRÉDITO  DE FRONTEIRAS  LTDA. - SICOOB FRONTEIRAS;3612764;;;;B3S;Cooperativa de crédito singular;Cooperativas;2;Privado nacional;9;CACOAL;RO;2024-12-31;609395;402399;526906;453185;82490;5210;0;23
CREDIT SUISSE (BRASIL) S.A. CORRETORA DE TÍTULOS E VALORES MOBILIÁRIOS;42584318;UBS (BRASIL) - PRUDENCIAL;00030771;00080219;N2;Instituição não bancária do mercado de capitais;Não bancário;3;Controle estrangeiro;15;SAO PAULO;SP;2024-12-31;605673;2966;266720;58918;338953;-20141;2;0
WORLDPAY DO BRASIL INSTITUICAO DE PAGAMENTO LTDA;991143;WORLDPAY DO BRASIL IP - PRUDENCIAL;;00086110;N4;Instituição de pagamento;Não bancário;3;Controle estrangeiro;41;SAO PAULO;SP;2024-12-31;603394;0;558240;0;45154;-937;1;0
COOPERATIVA DE CRÉDITO E INVESTIMENTO COM INTERAÇÃO SOLIDÁRIA ORIGENS - CRESOL ORIGENS;5220243;;;;B3S;Cooperativa de crédito singular;Cooperativas;2;Privado nacional;9;SARANDI;RS;2024-12-31;599248;509108;532824;315959;66424;5196;0;18
BRADESCO-KIRTON CORRETORA DE CÂMBIO S.A.;58229246;BRADESCO - PRUDENCIAL;00010045;00080075;N2;Instituição não bancária do mercado de capitais;Não bancário;2;Privado nacional;21;OSASCO;SP;2024-12-31;596763;0;58389;0;538374;19113;2;0
COOPERATIVA DE CRÉDITO E INVESTIMENTO COM INTERAÇÃO SOLIDÁRIA COOPERAR - CRESOL COOPERAR;5983995;;;;B3S;Cooperativa de crédito singular;Cooperativas;2;Privado nacional;9;HUMAITA;RS;2024-12-31;595081;433051;537622;285164;57459;7091;0;18
COOPERATIVA DE CRÉDITO COPERSUL LTDA - SICOOB COPERSUL;18966739;;;;B3S;Cooperativa de crédito singular;Cooperativas;2;Privado nacional;9;TRES PONTAS;MG;2024-12-31;587132;183293;520446;410588;66686;9452;0;4
ACESSO SOLUÇÕES DE PAGAMENTO S.A. - INSTITUIÇÃO DE PAGAMENTO;13140088;VOTORANTIM - PRUDENCIAL;;00080484;N4;Instituição de pagamento;Não bancário;2;Privado nacional;41;SAO PAULO;SP;2024-12-31;582871;222355;547272;280951;35600;-23734;1;0
COOPERATIVA DE CRÉDITO CREDIVERDE LTDA. - SICOOB CREDIVERDE;25528753;;;;B3S;Cooperativa de crédito singular;Cooperativas;2;Privado nacional;9;DIVINOPOLIS;MG;2024-12-31;581256;284026;487518;460217;93738;11229;0;15
BLU INSTITUIÇÃO DE PAGAMENTO LTDA.;10506341;BLU IP - PRUDENCIAL;;00086677;N4;Instituição de pagamento;Não bancário;2;Privado nacional;41;RIO DE JANEIRO;RJ;2024-12-31;578633;0;543117;56906;35516;5726;1;0
SICOOB AC CREDI - COOPERATIVA DE CRÉDITO DE LIVRE ADMISSÃO DO LESTE E NORDESTE MINEIRO LTDA.;1559914;;;;B3S;Cooperativa de crédito singular;Cooperativas;2;Privado nacional;9;GOVERNADOR VALADARES;MG;2024-12-31;577925;280103;487620;460515;90306;9443;0;16
COOPERATIVA DE ECONOMIA E CRÉDITO MÚTUO UNICRED PROSPERAR LTDA. - UNICRED PROSPERAR;1705236;;;;B3S;Cooperativa de crédito singular;Cooperativas;2;Privado nacional;9;SANTANA DO LIVRAMENTO;RS;2024-12-31;577371;352156;508607;482771;68765;3043;0;4
COOPERATIVA DE CRÉDITO DE LIVRE ADMISSÃO DO ALTO SÃO FRANCISCO LTDA.;41805003;;;;B3S;Cooperativa de crédito singular;Cooperativas;2;Privado nacional;9;PIUMHI;MG;2024-12-31;577110;305394;504657;391565;72453;3767;0;6
COOPERATIVA DE CRÉDITO E INVESTIMENTO COM INTERAÇÃO SOLIDÁRIA VALE DAS ÁGUAS PR/MG - CRESOL VALE DAS ÁGUAS PR/MG;4663561;;;;B3S;Cooperativa de crédito singular;Cooperativas;2;Privado nacional;9;LARANJEIRAS DO SUL;PR;2024-12-31;574464;466988;480248;201100;94216;5774;0;16
COOPERATIVA DE CRÉDITO MÚTUO DOS EMPREGADOS DA EMBRAER- SICOOB COOPEREMB;46642294;;;;B3S;Cooperativa de crédito singular;Cooperativas;2;Privado nacional;9;SAO JOSE DOS CAMPOS;SP;2024-12-31;571530;408236;160345;129391;411185;25679;0;18
COOPERATIVA DE CRÉDITO DE LIVRE ADMISSÃO CENTRO OESTE LTDA.;7502031;;;;B3S;Cooperativa de crédito singular;Cooperativas;2;Privado nacional;9;GOIANESIA;GO;2024-12-31;567893;300523;429987;378108;137906;19297;0;10
COOPERATIVA DE CREDITO SULCREDI AMPLEA;8253539;;;;B3S;Cooperativa de crédito singular;Cooperativas;2;Privado nacional;9;SAO MIGUEL D'OESTE;SC;2024-12-31;566248;201376;521840;470640;44407;2597;0;6
GUIDE INVESTIMENTOS S.A. CORRETORA DE VALORES;65913436;SAFRA - PRUDENCIAL;00010083;00080109;N2;Instituição não bancária do mercado de capitais;Não bancário;2;Privado nacional;15;SAO PAULO;SP;2024-12-31;563671;0;168094;11143;395577;-23595;2;0
COOPERATIVA DE CRÉDITO DE LIVRE ADMISSÃO DA REGIÃO CENTRAL DE RONDÔNIA   SICOOB OUROCREDI;2144899;;;;B3S;Cooperativa de crédito singular;Cooperativas;2;Privado nacional;9;OURO PRETO DO OESTE;RO;2024-12-31;563018;375618;448847;283730;114171;11962;0;14
COOPERATIVA DE CRÉDITO E INVESTIMENTO COM INTERAÇÃO SOLIDÁRIA TRANSFORMAÇÃO - CRESOL TRANSFORMAÇÃO;4261151;;;;B3S;Cooperativa de crédito singular;Cooperativas;2;Privado nacional;9;DONA EMMA;SC;2024-12-31;561720;402314;498167;281935;63553;5064;0;13
COOPERATIVA DE CRÉDITO E INVESTIMENTO COM INTERAÇÃO SOLIDÁRIA CONFIANÇA - CRESOL CONFIANÇA;7252614;;;;B3S;Cooperativa de crédito singular;Cooperativas;2;Privado nacional;9;PAIM FILHO;RS;2024-12-31;556307;398438;498056;219875;58251;2422;0;14
MODAL DISTRIBUIDORA DE TITULOS E VALORES MOBILIARIOS LTDA;5389174;XP - PRUDENCIAL;00052120;00082475;N2;Instituição não bancária do mercado de capitais;Não bancário;2;Privado nacional;16;RIO DE JANEIRO;RJ;2024-12-31;554597;0;12173;0;542424;4907;3;0
COOPERATIVA DE CRÉDITO DE LIVRE ADMISSÃO DO VALE DO RIO GRANDE LTDA. - SICOOB UBERABA;25683475;;;;B3S;Cooperativa de crédito singular;Cooperativas;2;Privado nacional;9;UBERABA;MG;2024-12-31;553420;338780;476462;403414;76957;11420;0;6
SOCIEDADE COOPERATIVA DE CRÉDITO COOPERE LTDA.  - SICOOB COOPERE;73398646;;;;B3S;Cooperativa de crédito singular;Cooperativas;2;Privado nacional;9;VALENTE;BA;2024-12-31;552634;258078;445993;391164;106641;4677;0;23
COOPERATIVA DE CRÉDITO CREDICAMPO LTDA.- SICOOB CREDICAMPO;21661202;;;;B3S;Cooperativa de crédito singular;Cooperativas;2;Privado nacional;9;ENTRE RIOS DE MINAS;MG;2024-12-31;550323;300546;449083;413102;101240;11084;0;11
COOPERATIVA DE CRÉDITO, POUPANÇA E INVESTIMENTO DA REGIÃO DAS FLORES, DAS ÁGUAS E DOS VENTOS SP - SICREDI FORÇA DOS VENTOS SP;57647653;;;;B3S;Cooperativa de crédito singular;Cooperativas;2;Privado nacional;9;JAGUARIUNA;SP;2024-12-31;548208;297612;504354;416115;43855;2679;0;8
COOPERATIVA DE CRÉDITO GUARANICREDI LTDA. - SICOOB GUARANICREDI;26014175;;;;B3S;Cooperativa de crédito singular;Cooperativas;2;Privado nacional;9;GUARANI;MG;2024-12-31;546071;165825;496633;455212;49438;5237;0;9
EFÍ S.A. - INSTITUIÇÃO DE PAGAMENTO;9089356;EFI S.A. IP - PRUDENCIAL;;00084978;N4;Instituição de pagamento;Não bancário;2;Privado nacional;41;OURO PRETO;MG;2024-12-31;544124;24959;487525;430708;56598;6743;1;0
QUERO-QUERO VERDECARD INSTITUIÇÃO DE PAGAMENTO S.A.;1722480;QUERO-QUERO VERDECARD IP - PRUDENCIAL;;00085678;N4;Instituição de pagamento;Não bancário;2;Privado nacional;41;CACHOEIRINHA;RS;2024-12-31;541011;304850;439777;10233;101234;12016;1;0
COOPERATIVA DE CRÉDITO DE LIVRE ADMISSÃO BURITIS - SICOOB BURITIS;5247312;;;;B3S;Cooperativa de crédito singular;Cooperativas;2;Privado nacional;9;RONDONOPOLIS;MT;2024-12-31;537143;362117;479832;419526;57311;-12687;0;21
COOPERATIVA DE CRÉDITO DE LIVRE ADMISSÃO DO ESTADO DO RIO DE JANEIRO - SICOOB FLUMINENSE;2931668;;;;B3S;Cooperativa de crédito singular;Cooperativas;2;Privado nacional;9;CAMPOS DOS GOYTACAZES;RJ;2024-12-31;528628;355147;460180;407926;68448;530;0;19
COOPERATIVA DE CRÉDITO E INVESTIMENTO COM INTERAÇÃO SOLIDÁRIA ALTO VALE - CRESOL ALTO VALE;7465539;;;;B3S;Cooperativa de crédito singular;Cooperativas;2;Privado nacional;9;WITMARSUM;SC;2024-12-31;524712;430863;443221;242744;81491;5327;0;19
COOPERATIVA DE CRÉDITO DE LIVRE ADMISSÃO DE RIO VERDE E REGIÃO LTDA.;9033698;;;;B3S;Cooperativa de crédito singular;Cooperativas;2;Privado nacional;9;RIO VERDE;GO;2024-12-31;520740;312277;437969;388569;82771;2522;0;3
COOPERATIVA DE CRÉDITO SICOOB SERTÃO LTDA;2057584;;;;B3S;Cooperativa de crédito singular;Cooperativas;2;Privado nacional;9;PINTADAS;BA;2024-12-31;519490;274834;420711;385890;98779;10775;0;22
COOPERATIVA DE CRÉDITO DO DISTRITO FEDERAL E ENTORNO LTDA;1187961;;;;B3S;Cooperativa de crédito singular;Cooperativas;2;Privado nacional;9;BRASILIA;DF;2024-12-31;518035;236010;433878;347695;84157;4056;0;6
REPOM S.A.;65697260;EDENRED SOLUCOES E IP AHA - PRUDENCIAL;;00084916;N4;Instituição de pagamento;Não bancário;3;Controle estrangeiro;41;BARUERI;SP;2024-12-31;505822;168808;361295;31507;144527;9250;1;0
DAYCOVAL CORRETORA DE TÍTULOS E VALORES MOBILIÁRIOS LTDA.;49241570;BCO DAYCOVAL S.A - PRUDENCIAL;00051987;00081744;N2;Instituição não bancária do mercado de capitais;Não bancário;2;Privado nacional;15;SAO PAULO;SP;2024-12-31;503106;0;277524;0;225582;4331;2;0
GENIAL INSTITUCIONAL CORRETORA DE CÂMBIO, TÍTULOS E VALORES MOBILIÁRIOS S.A.;5816451;GENIAL - PRUDENCIAL;00051839;00080941;N2;Instituição não bancária do mercado de capitais;Não bancário;2;Privado nacional;15;RIO DE JANEIRO;RJ;2024-12-31;500678;1835;386149;2747;114529;-2467;4;2
SANTANDER DISTRIBUIDORA DE TÍTULOS E VALORES MOBILIÁRIOS S.A.;3502968;SANTANDER - PRUDENCIAL;00030379;00080185;N2;Instituição não bancária do mercado de capitais;Não bancário;3;Controle estrangeiro;16;SAO PAULO;SP;2024-12-31;493374;0;10736;0;482637;10277;2;0
BANCO MERCANTIL DE INVESTIMENTOS S/A;34169557;MERCANTIL DO BRASIL - PRUDENCIAL;00020152;00080123;B2;Banco múltiplo sem carteira comercial, banco de câmbio ou investimento;Bancário;2;Privado nacional;13;BELO HORIZONTE;MG;2024-12-31;492290;78;352220;328311;140071;4031;2;0
ACG INSTITUIÇÃO DE PAGAMENTO S.A.;10868663;ACG IP - PRUDENCIAL;;00086093;N4;Instituição de pagamento;Não bancário;2;Privado nacional;41;SAO PAULO;SP;2024-12-31;490377;155976;442141;102720;48236;10144;1;0
COOPERATIVA DE CRÉDITO DA REGIÃO CENTRAL DE MINAS LTDA. - SICOOB UNIÃO CENTRAL;22749014;;;;B3S;Cooperativa de crédito singular;Cooperativas;2;Privado nacional;9;PARAOPEBA;MG;2024-12-31;487751;174587;397957;347887;89795;11012;0;10
GENIAL INVESTIMENTOS CORRETORA DE VALORES MOBILIÁRIOS S.A.;27652684;GENIAL - PRUDENCIAL;00051839;00080941;N2;Instituição não bancária do mercado de capitais;Não bancário;2;Privado nacional;15;RIO DE JANEIRO;RJ;2024-12-31;487258;0;239700;73541;247558;-2405;4;0
SUMUP SOCIEDADE DE CRÉDITO DIRETO S.A.;37241230;SUMUP IP - PRUDENCIAL;;00085238;N1;Instituição não bancária de crédito;Não bancário;3;Controle estrangeiro;43;SAO PAULO;SP;2024-12-31;487210;21986;392060;371988;95150;-1755;2;0
COOPERATIVA DE ECONOMIA E CRÉDITO MÚTUO DOS EMPREGADOS DE FURNAS E DAS DEMAIS EMPRESAS DO SISTEMA ELETROBRÁS LTDA. - SICOOB CECREMEF;33370115;;;;B3S;Cooperativa de crédito singular;Cooperativas;2;Privado nacional;9;RIO DE JANEIRO;RJ;2024-12-31;485556;171919;438121;430250;47435;907;0;16
COOPERATIVA DE CREDITO CREDIAGRO LTDA. - SICOOB CREDIAGRO;429890;;;;B3S;Cooperativa de crédito singular;Cooperativas;2;Privado nacional;9;CAMPOS ALTOS;MG;2024-12-31;482115;240676;424274;285233;57841;3454;0;4
DM INSTITUICAO DE PAGAMENTO S.A.;16581207;DM SCFI - PRUDENCIAL;;00083467;N4;Instituição de pagamento;Não bancário;2;Privado nacional;41;SAO JOSE DOS CAMPOS;SP;2024-12-31;481325;0;268836;108974;212490;-12936;1;0
COOPERATIVA DE CRÉDITO DE LIVRE ADMISSÃO LTDA. - SICOOB CREDIJUSTRA;37079720;;;;B3S;Cooperativa de crédito singular;Cooperativas;2;Privado nacional;9;BRASILIA;DF;2024-12-31;477095;249676;396177;389043;80918;7241;0;13
COOPERATIVA DE CRÉDITO E INVESTIMENTO COM INTERAÇÃO SOLIDÁRIA PLANALTO SUL - CRESOL PLANALTO SUL;2766672;;;;B3S;Cooperativa de crédito singular;Cooperativas;2;Privado nacional;9;SAO JOAQUIM;SC;2024-12-31;476939;369353;418641;210806;58298;2978;0;14
COOPERATIVA DE CRÉDITO DE LIVRE ADMISSÃO DE BOA ESPERANÇA LTDA. - SICOOB BELCREDI;869687;;;;B3S;Cooperativa de crédito singular;Cooperativas;2;Privado nacional;9;BOA ESPERANCA;MG;2024-12-31;473137;156400;411258;339296;61878;5598;0;1
COOPERATIVA E ECONOMIA E CRÉDITO MÚTUO DOS MÉDICOS DO PLANALTO MÉDIO DO RIO GRANDE DO SUL LTDA. - CREDISIS/CREDIPLAN;97259253;;;;B3S;Cooperativa de crédito singular;Cooperativas;2;Privado nacional;9;PASSO FUNDO;RS;2024-12-31;473005;111485;434292;427732;38712;3850;0;4
SICOOB CREDIGOIÁS COOPERATIVA DE CRÉDITO LTDA.;37255049;;;;B3S;Cooperativa de crédito singular;Cooperativas;2;Privado nacional;9;GOIANIA;GO;2024-12-31;471476;235627;333705;260566;137770;8017;0;0
BULLLA INSTITUICAO DE PAGAMENTO S.A.;8422119;BULLLA IP - PRUDENCIAL;;00084985;N4;Instituição de pagamento;Não bancário;2;Privado nacional;41;SAO PAULO;SP;2024-12-31;465745;1543;307741;103038;158004;45540;1;0
AL5 S.A. CRÉDITO, FINANCIAMENTO E INVESTIMENTO;27214112;AL5 S.A. SCFI - PRUDENCIAL;;00084734;N1;Instituição não bancária de crédito;Não bancário;2;Privado nacional;14;CUIABA;MT;2024-12-31;465257;150029;391074;386198;74184;-9276;2;0
COOPERATIVA DE CRÉDITO E ECONOMIA COM INTERAÇÃO SOLIDÁRIA - CRESOL ALIANÇA;7412987;;;;B3S;Cooperativa de crédito singular;Cooperativas;2;Privado nacional;9;CHAPECO;SC;2024-12-31;464497;346612;415028;269529;49469;6570;0;14
TODESCREDI S/A - CRÉDITO, FINANCIAMENTO E INVESTIMENTO;9473806;TODESCREDI S/A - CFI - PRUDENCIAL;;00083546;N1;Instituição não bancária de crédito;Não bancário;2;Privado nacional;14;BENTO GONCALVES;RS;2024-12-31;464137;484232;388022;382282;76115;7189;2;0
COOPERATIVA DE CRÉDITO UNIÃO DO CENTRO OESTE DE MINAS LTDA. - SICOOB CENTRO UNIÃO;65239402;;;;B3S;Cooperativa de crédito singular;Cooperativas;2;Privado nacional;9;CARMO DO CAJURU;MG;2024-12-31;461880;169911;392095;343818;69785;8540;0;5
CALCARD S.A. - INSTITUIÇÃO DE PAGAMENTOS;8611734;CALCARD IP - PRUDENCIAL;;00088170;N4;Instituição de pagamento;Não bancário;2;Privado nacional;41;PALHOCA;SC;2024-12-31;461097;299285;380434;26292;80663;19352;1;0
COOPERATIVA DE CRÉDITO DE LIVRE ADMISSÃO UNIÃO DO CENTRO OESTE DE MINAS LTDA - SICOOB CREDESP;1703620;;;;B3S;Cooperativa de crédito singular;Cooperativas;2;Privado nacional;9;BOM DESPACHO;MG;2024-12-31;460784;248546;395664;383720;65120;155;0;5
SUPERLÓGICA SOCIEDADE DE CRÉDITO DIRETO S.A.;43599047;SUPERLÓGICA SCD PRUDENCIAL;;00085843;N1;Instituição não bancária de crédito;Não bancário;2;Privado nacional;43;BARUERI;SP;2024-12-31;460514;0;446556;442144;13958;5146;2;0
COOPERATIVA DE CRÉDITO DE LIVRE ADMISSÃO DE ASSOCIADOS URUBICI - SICOOB CREDIARAUCÁRIA/SC;2587492;;;;B3S;Cooperativa de crédito singular;Cooperativas;2;Privado nacional;9;URUBICI;SC;2024-12-31;459280;278071;391215;321296;68066;5198;0;11
COOPERATIVA DE ECONOMIA E CRÉDITO MÚTUO UNICRED COALIZÃO LTDA - UNICRED COALIZÃO;4445917;;;;B3S;Cooperativa de crédito singular;Cooperativas;2;Privado nacional;9;CAMPOS DOS GOYTACAZES;RJ;2024-12-31;456098;260432;391159;348651;64939;1950;0;14
COOPERATIVA DE CRÉDITO CREDIALP LTDA - SICOOB CREDIALP;25353939;;;;B3S;Cooperativa de crédito singular;Cooperativas;2;Privado nacional;9;ALPINOPOLIS;MG;2024-12-31;451255;247041;382901;250459;68354;10861;0;5
COOPERATIVA DE ECONOMIA E CRÉDITO MÚTUO DOS INTEGRANTES DO MINISTÉRIO PÚBLICO E DA DEFENSORIA PÚBLICA NO ESTADO DO RIO DE JANEIRO LIMITADA. - SICOOB COMPERJ;4694278;;;;B3S;Cooperativa de crédito singular;Cooperativas;2;Privado nacional;9;RIO DE JANEIRO;RJ;2024-12-31;446868;166253;401525;394559;45343;3621;0;6
COOPERATIVA DE CRÉDITO DA REGIÃO E COLAR METROPOLITANO DO VALE DO AÇO LTDA. - SICOOB COSMIPA;17361536;;;;B3S;Cooperativa de crédito singular;Cooperativas;2;Privado nacional;9;IPATINGA;MG;2024-12-31;445698;276305;342176;319644;103523;5508;0;21
COOPERATIVA DE CRÉDITO E INVESTIMENTO COM INTERAÇÃO SOLIDÁRIA ALTERNATIVA - CRESOL ALTERNATIVA;7215632;;;;B3S;Cooperativa de crédito singular;Cooperativas;2;Privado nacional;9;RIO DO SUL;SC;2024-12-31;443125;353480;394521;228274;48604;3413;0;16
BOC BRASIL ARRENDAMENTO MERCANTIL S/A;69720910;BANK OF CHINA (BRASIL) - PRUDENCIAL;00032119;00080295;N1;Instituição não bancária de crédito;Não bancário;3;Controle estrangeiro;19;SAO PAULO;SP;2024-12-31;441225;383866;232333;167896;208892;5393;2;0
COOPERATIVA DE CRÉDITO UNIPRIME SUL;1572667;;;;B3S;Cooperativa de crédito singular;Cooperativas;2;Privado nacional;9;ERECHIM;RS;2024-12-31;439434;303020;397107;390439;42326;1768;0;6
COOPERATIVA DE CRÉDITO CARLOS CHAGAS LTDA. - SICOOB CARLOS CHAGAS;41753500;;;;B3S;Cooperativa de crédito singular;Cooperativas;2;Privado nacional;9;CARLOS CHAGAS;MG;2024-12-31;436501;183995;327264;264968;109237;10679;0;7
COOPERATIVA DE CRÉDITO E ECONOMIA COM INTERAÇÃO SOLIDÁRIA CRESOL EVOLUÇÃO;2844024;;;;B3S;Cooperativa de crédito singular;Cooperativas;2;Privado nacional;9;DIONISIO CERQUEIRA;SC;2024-12-31;430158;298565;383983;201247;46175;6270;0;12
COOPERATIVA DE CRÉDITO E INVESTIMENTO COM INTERAÇÃO SOLIDÁRIA CENTRO NORTE - CRESOL CENTRO NORTE;5211129;;;;B3S;Cooperativa de crédito singular;Cooperativas;2;Privado nacional;9;MARCELINO RAMOS;RS;2024-12-31;429750;353975;389283;223981;40468;673;0;9
BANQI INSTITUICAO DE PAGAMENTO LTDA.;30723871;BANQI IP - PRUDENCIAL;;00085829;N4;Instituição de pagamento;Não bancário;2;Privado nacional;41;SAO PAULO;SP;2024-12-31;426283;0;82754;47425;343529;-297;1;0
BARI COMPANHIA HIPOTECÁRIA;14511781;BANCO BARI DE INVESTIMENTO E FINANCI. - PRUDENCIAL;00051774;00080893;N1;Instituição não bancária de crédito;Não bancário;2;Privado nacional;29;CURITIBA;PR;2024-12-31;423372;342691;351467;316021;71905;2494;2;0
COOPERATIVA DE CRÉDITO CREDIRAMA LTDA - SICOOB CREDIRAMA;3412878;;;;B3S;Cooperativa de crédito singular;Cooperativas;2;Privado nacional;9;ITURAMA;MG;2024-12-31;422678;205122;313643;235838;109035;11670;0;5
COOPERATIVA DE CRÉDITO DE LIVRE ADMISSÃO DE ANÁPOLIS E REGIÃO LTDA;33615055;;;;B3S;Cooperativa de crédito singular;Cooperativas;2;Privado nacional;9;ANAPOLIS;GO;2024-12-31;420986;245475;337229;311787;83756;6024;0;7
VIA CERTA FINANCIADORA S.A. - CRÉDITO, FINANCIAMENTO E INVESTIMENTOS;5192316;VIA CERTA CFI - PRUDENCIAL;;00080831;N1;Instituição não bancária de crédito;Não bancário;2;Privado nacional;14;SANTO CRISTO;RS;2024-12-31;420686;396784;369505;339273;51180;10462;2;0
CREDIBRF - COOPERATIVA DE CRÉDITO;82096447;;;;B3S;Cooperativa de crédito singular;Cooperativas;2;Privado nacional;9;CURITIBA;PR;2024-12-31;420020;165360;244868;223273;175153;12353;0;18
COOPERATIVA DE CRÉDITO SACRAMENTO LTDA - SICOOB SACRAMENTO;71154256;;;;B3S;Cooperativa de crédito singular;Cooperativas;2;Privado nacional;9;SACRAMENTO;MG;2024-12-31;419941;251939;365325;262942;54617;2383;0;3
COOPERATIVA DE CRÉDITO E ECONOMIA COM INTERAÇÃO SOLIDÁRIA - CRESOL INTERAÇÃO;8055016;;;;B3S;Cooperativa de crédito singular;Cooperativas;2;Privado nacional;9;XAVANTINA;SC;2024-12-31;419885;290000;371233;192268;48653;5817;0;8
BEM - DISTRIBUIDORA DE TITULOS E VALORES MOBILIARIOS LTDA;66670;BRADESCO - PRUDENCIAL;00010045;00080075;N2;Instituição não bancária do mercado de capitais;Não bancário;2;Privado nacional;16;OSASCO;SP;2024-12-31;419804;0;201962;0;217842;16928;2;0
KREDILIG S.A. - CRÉDITO, FINANCIAMENTO E INVESTIMENTO;6040559;KREDILIG S.A. - CFI - PRUDENCIAL;;00083498;N1;Instituição não bancária de crédito;Não bancário;2;Privado nacional;14;BIGUACU;SC;2024-12-31;418730;478153;209461;125551;209269;20105;2;0
COOPERATIVA DE CRÉDITO CREDIBELO LTDA. - SICOOB CREDIBELO;71237184;;;;B3S;Cooperativa de crédito singular;Cooperativas;2;Privado nacional;9;CAMPO BELO;MG;2024-12-31;415891;167840;366695;304429;49196;5953;0;7
COOPERATIVA DE CRÉDITO DE LIVRE ADMISSÃO SICOOB CREDIACIL;8795285;;;;B3S;Cooperativa de crédito singular;Cooperativas;2;Privado nacional;9;LEME;SP;2024-12-31;413775;230504;363827;357433;49948;8777;0;5
COOPERATIVA DE CREDITO DO MERCADO IMOBILIÁRIO - SICOOB IMOB.VC;14913919;;;;B3S;Cooperativa de crédito singular;Cooperativas;2;Privado nacional;9;BELO HORIZONTE;MG;2024-12-31;411996;157466;352791;348570;59205;7288;0;4
U4C INSTITUIÇÃO DE PAGAMENTO S.A.;30980539;OKTO IP - PRUDENCIAL;;00086323;N4;Instituição de pagamento;Não bancário;2;Privado nacional;41;SAO PAULO;SP;2024-12-31;411761;0;404042;400497;7718;-2575;1;0
COOPERATIVA DE CRÉDITO NOSSA SENHORA DO DESTERRO - SICOOB CREDISC;3419786;;;;B3S;Cooperativa de crédito singular;Cooperativas;2;Privado nacional;9;FLORIANOPOLIS;SC;2024-12-31;410927;256548;365437;358178;45490;585;0;9
OLIVEIRA TRUST DISTRIBUIDORA DE TÍTULOS E VALORES MOBILIARIOS S.A.;36113876;OLIVEIRA TRUST DTVM S.A. - PRUDENCIAL;;00084040;N2;Instituição não bancária do mercado de capitais;Não bancário;2;Privado nacional;16;RIO DE JANEIRO;RJ;2024-12-31;410815;0;330526;206194;80289;40626;3;0
COOPERATIVA DE CRÉDITO DE LIVRE ADMISSÃO DO ESTADO DO ACRE LTDA.;1608685;;;;B3S;Cooperativa de crédito singular;Cooperativas;2;Privado nacional;9;RIO BRANCO;AC;2024-12-31;409240;267934;352875;247003;56365;5757;0;2
COOPERATIVA DE CREDITO DE LIVRE ADMISSAO DE PITANGUI E REGIAO LTDA. - SICOOB CREDPIT;4181542;;;;B3S;Cooperativa de crédito singular;Cooperativas;2;Privado nacional;9;PITANGUI;MG;2024-12-31;407790;200391;352189;337788;55600;5017;0;7
COOPERATIVA DE CRÉDITO DE LIVRE ADMISSÃO DO SUL CATARINENSE - ACENTRA;3427097;;;;B3S;Cooperativa de crédito singular;Cooperativas;2;Privado nacional;9;CRICIUMA;SC;2024-12-31;407001;322503;350270;306192;56730;4063;0;13
COOPERATIVA DE CRÉDITO E INVESTIMENTO COM INTERAÇÃO SOLIDÁRIA DE GOIÁS - CRESOL GOIÁS;4490531;;;;B3S;Cooperativa de crédito singular;Cooperativas;2;Privado nacional;9;ORIZONA;GO;2024-12-31;405420;356006;333911;177032;71509;-1549;0;12
BNY MELLON SERVIÇOS FINANCEIROS DISTRIBUIDORA DE TÍTULOS E VALORES MOBILIÁRIOS S.A.;2201501;BNY MELLON - PRUDENCIAL;00051808;00080910;N2;Instituição não bancária do mercado de capitais;Não bancário;3;Controle estrangeiro;16;RIO DE JANEIRO;RJ;2024-12-31;401531;0;145559;0;255973;12760;2;0
SEM PARAR SOCIEDADE DE CRÉDITO DIRETO S.A.;45879000;SEM PARAR IP - PRUDENCIAL;;00086158;N1;Instituição não bancária de crédito;Não bancário;3;Controle estrangeiro;43;SAO PAULO;SP;2024-12-31;401037;272637;43412;0;357626;14516;2;0
COOPERATIVA DE CRÉDITO UNICRED AMPLA LTDA - UNICRED AMPLA;71163315;;;;B3S;Cooperativa de crédito singular;Cooperativas;2;Privado nacional;9;SETE LAGOAS;MG;2024-12-31;400325;247962;336734;302516;63591;5263;0;8
COOPERATIVA DE CRÉDITO DE LIVRE ADMISSÃO E DOS ADVOGADOS LTDA. - SICOOB CREDIJUR;2480577;;;;B3S;Cooperativa de crédito singular;Cooperativas;2;Privado nacional;9;GOIANIA;GO;2024-12-31;400092;188353;326768;315191;73325;4015;0;3
COOPERATIVA DE CRÉDITO DO VALE DO SÃO FRANCISCO - SICREDI VALE DO SÃO FRANCISCO;4237413;;;;B3S;Cooperativa de crédito singular;Cooperativas;2;Privado nacional;9;PETROLINA;PE;2024-12-31;399090;188615;346195;298013;52895;1771;0;6
CREDISAN COOPERATIVA DE CRÉDITO;62109566;;;;B3S;Cooperativa de crédito singular;Cooperativas;2;Privado nacional;9;SAO JOAO DA BOA VISTA;SP;2024-12-31;396134;130560;338446;298600;57688;4279;0;15
CONTA SIMPLES SOCIEDADE DE CRÉDITO DIRETO S.A.;53720128;CONTA SIMPLES SCD - PRUDENCIAL;;00087384;N1;Instituição não bancária de crédito;Não bancário;3;Controle estrangeiro;43;SAO PAULO;SP;2024-12-31;394959;232304;328548;0;66411;-5235;2;0
COOPERATIVA DE CRÉDITO DE LIVRE ADMISSÃO DO NOROESTE DE MINAS GERAIS LTDA.   SICOOB CREDIPINHO;71154876;;;;B3S;Cooperativa de crédito singular;Cooperativas;2;Privado nacional;9;JOAO PINHEIRO;MG;2024-12-31;393617;242860;335422;260218;58195;5065;0;12
UNIPRIME DO IGUAÇU - COOPERATIVA DE CRÉDITO, POUPANÇA E INVESTIMENTO;1848322;;;;B3S;Cooperativa de crédito singular;Cooperativas;2;Privado nacional;9;PATO BRANCO;PR;2024-12-31;393077;247737;344605;336698;48472;1159;0;19
DELCRED SOCIEDADE DE CRÉDITO DIRETO S.A.;38224857;DELCRED SCD - PRUDENCIAL;;00085393;N1;Instituição não bancária de crédito;Não bancário;2;Privado nacional;43;ARACAJU;SE;2024-12-31;392496;5785;367388;355095;25107;14030;2;0
COOPERATIVA DE CRÉDITO DE LIVRE ADMISSÃO DE PITANGUI, PAPAGAIOS, MARAVILHAS E REGIÃO LTDA. - SICOOB CREDICOOP;41931221;;;;B3S;Cooperativa de crédito singular;Cooperativas;2;Privado nacional;9;PITANGUI;MG;2024-12-31;389751;189087;338370;261301;51381;4576;0;3
CLARA INSTITUICAO DE PAGAMENTO LTDA.;41538335;CLARA IP - PRUDENCIAL;;00087205;N4;Instituição de pagamento;Não bancário;3;Controle estrangeiro;41;SAO PAULO;SP;2024-12-31;389017;264483;354725;71996;34292;-2682;1;0
COOPERATIVA DE CRÉDITO E INVESTIMENTO COM INTERAÇÃO SOLIDÁRIA NASCENTE - CRESOL NASCENTE;5494591;;;;B3S;Cooperativa de crédito singular;Cooperativas;2;Privado nacional;9;ALFREDO WAGNER;SC;2024-12-31;388239;309464;343224;132251;45015;3560;0;8
SIMPALA S.A. CRÉDITO, FINANCIAMENTO E INVESTIMENTO;34991938;SIMPALA CFI - PRUDENCIAL;;00085070;N1;Instituição não bancária de crédito;Não bancário;2;Privado nacional;14;PORTO ALEGRE;RS;2024-12-31;387783;163417;378485;366776;9298;-2933;2;0
COOPERATIVA DE CRÉDITO DE LIVRE ADMISSÃO DO ESTADO DE GOIÁS;4406371;;;;B3S;Cooperativa de crédito singular;Cooperativas;2;Privado nacional;9;GOIANIA;GO;2024-12-31;387598;201794;334280;281688;53319;4640;0;13
COOPERATIVA DE CRÉDITO DOS PROFISSIONAIS DA SAÚDE E LIVRE ADMISSÃO DO SUL DE MINAS LTDA;71418784;;;;B3S;Cooperativa de crédito singular;Cooperativas;2;Privado nacional;9;VARGINHA;MG;2024-12-31;386207;140472;336640;308539;49567;4519;0;13
COOPERATIVA DE CRÉDITO SICOOB COSTA DO DESCOBRIMENTO LTDA.;1205736;;;;B3S;Cooperativa de crédito singular;Cooperativas;2;Privado nacional;9;ITAMARAJU;BA;2024-12-31;385144;179823;327502;281587;57642;11178;0;9
WILL S.A. INSTITUICAO DE PAGAMENTO;36272465;WILL IP - PRUDENCIAL;;00084600;N4;Instituição de pagamento;Não bancário;2;Privado nacional;41;SAO PAULO;SP;2024-12-31;384777;0;359178;0;25599;52639;1;0
COOPERATIVA DE CRÉDITO DOS SERVIDORES MILITARES, POLÍCIA CIVIL E DA SECRETARIA DE EDUCAÇÃO DO ESTADO DE MINAS GERAIS LTDA - SICOOB COOPEMG;3269540;;;;B3S;Cooperativa de crédito singular;Cooperativas;2;Privado nacional;9;BELO HORIZONTE;MG;2024-12-31;379972;282872;302177;295239;77796;6134;0;0
COOPERATIVA DE CRÉDITO UNICRED COOMARCA LTDA. - COOMARCA;4355489;;;;B3S;Cooperativa de crédito singular;Cooperativas;2;Privado nacional;9;FLORIANOPOLIS;SC;2024-12-31;379946;210766;343646;321739;36301;1942;0;2
COOPERATIVA DE CRÉDITO DO VALE EUROPEU - SICOOB EURO VALE;82133182;;;;B3S;Cooperativa de crédito singular;Cooperativas;2;Privado nacional;9;TIMBO;SC;2024-12-31;378789;241033;327787;312977;51003;4892;0;14
COOPERATIVA DE CRÉDITO DOS INTEGRANTES DO PODER JUDICIÁRIO E DO MINISTÉRIO PÚBLICO DO ESTADO DE MINAS GERAIS LTDA. - SICOOB JUS-MP;3519240;;;;B3S;Cooperativa de crédito singular;Cooperativas;2;Privado nacional;9;BELO HORIZONTE;MG;2024-12-31;378662;183320;310333;306202;68329;2705;0;5
COOPERATIVA DE CRÉDITO DE LIVRE ADMISSÃO DE PIRACANJUBA LTDA. - SICOOB CERRADO;5222094;;;;B3S;Cooperativa de crédito singular;Cooperativas;2;Privado nacional;9;PIRACANJUBA;GO;2024-12-31;378274;321830;326765;229069;51509;1991;0;3
COOPERATIVA DE CRÉDITO DE LIVRE ADMISSÃO DE ASSOCIADOS DO PLANALTO SERRANO - SICOOB CREDISERRA SC;1692448;;;;B3S;Cooperativa de crédito singular;Cooperativas;2;Privado nacional;9;URUPEMA;SC;2024-12-31;376913;232185;320288;197597;56624;6889;0;4
COOPERATIVA DE CREDITO DO PLANALTO SUL - SICOOB CREDISSERRANA;3033469;;;;B3S;Cooperativa de crédito singular;Cooperativas;2;Privado nacional;9;LAGES;SC;2024-12-31;371583;262652;330155;273967;41429;3604;0;8
COOPERATIVA DE CRÉDITO CREDINORTE LTDA. - SICOOB CREDINORTE;64276058;;;;B3S;Cooperativa de crédito singular;Cooperativas;2;Privado nacional;9;NANUQUE;MG;2024-12-31;369201;181259;270984;213989;98216;9464;0;6
COOPERATIVA DE CRÉDITO DE LIVRE ADMISSÃO DO CENTRO-SUL GOIANO LTDA;33579731;;;;B3S;Cooperativa de crédito singular;Cooperativas;2;Privado nacional;9;MORRINHOS;GO;2024-12-31;368177;237766;294360;227714;73817;6140;0;9
COOPERATIVA DE CRÉDITO RURAL DE IRAÍ DE MINAS LTDA -SICOOB CREDIMIL;71207740;;;;B3S;Cooperativa de crédito singular;Cooperativas;2;Privado nacional;9;IRAI DE MINAS;MG;2024-12-31;367498;133109;303872;202713;63626;6715;0;0
SOCINAL S.A. - CRÉDITO, FINANCIAMENTO E INVESTIMENTO;3881423;SOCINAL S.A. CFI - PRUDENCIAL;;00083577;N1;Instituição não bancária de crédito;Não bancário;2;Privado nacional;14;ARARUAMA;RJ;2024-12-31;365487;323320;308190;303078;57297;5674;2;0
COOPERATIVA DE CRÉDITO SICOOB CONFIANÇA;7097064;;;;B3S;Cooperativa de crédito singular;Cooperativas;2;Privado nacional;9;MARECHAL CANDIDO RONDON;PR;2024-12-31;361970;209881;324731;280726;37239;2687;0;10
COOPERATIVA DE ECONOMIA E CRÉDITO MÚTUO DOS SERVIDORES DO PODER JUDICIÁRIO, DO TRIBUNAL DE CONTAS ESTADUAL E DEMAIS ÓRGÃOS PÚBLICOS MUNICIPAIS, ESTADUAIS E FEDERAIS NO ESTADO DO RIO DE JANEIRO LTDA.;2000895;;;;B3S;Cooperativa de crédito singular;Cooperativas;2;Privado nacional;9;RIO DE JANEIRO;RJ;2024-12-31;359826;250088;257850;242891;101976;9603;0;0
COOPERATIVA DE CRÉDITO E INVESTIMENTO COM INTERAÇÃO SOLIDÁRIA MISSÕES FRONTEIRA RS - CRESOL MISSÕES FRONTEIRA RS;8488377;;;;B3S;Cooperativa de crédito singular;Cooperativas;2;Privado nacional;9;GUARANI DAS MISSOES;RS;2024-12-31;357819;283537;316924;157385;40896;3488;0;11
COOPERATIVA DE CRÉDITO DOS SERVIDORES DOS PODERES LEGISLATIVOS DO ESTADO DE MINAS GERAIS E DO SEU ÓRGÃO AUXILIAR E DE LIVRE ADMISSÃO LTDA. - SICOOB COFAL;21797311;;;;B3S;Cooperativa de crédito singular;Cooperativas;2;Privado nacional;9;BELO HORIZONTE;MG;2024-12-31;357810;80794;296950;286870;60860;3459;0;3
BMP SOCIEDADE DE CRÉDITO DIRETO S.A;34337707;BMP SCMEPP LTDA - PRUDENCIAL;00052137;00083292;N1;Instituição não bancária de crédito;Não bancário;2;Privado nacional;43;SAO PAULO;SP;2024-12-31;356430;2048;193581;0;162849;46920;2;0
COOPERATIVA DE CRÉDITO E ECONOMIA COM INTERAÇÃO SOLIDÁRIA - CRESOL ENCOSTAS DA SERRA GERAL;3485130;;;;B3S;Cooperativa de crédito singular;Cooperativas;2;Privado nacional;9;SANTA ROSA DE LIMA;SC;2024-12-31;354209;232160;321162;228628;33047;2642;0;12
BANCO LOSANGO S.A. - BANCO MÚLTIPLO;33254319;BRADESCO - PRUDENCIAL;00010045;00080075;B2;Banco múltiplo sem carteira comercial, banco de câmbio ou investimento;Bancário;2;Privado nacional;8;OSASCO;SP;2024-12-31;354069;16076;109537;0;244532;6454;2;0
BK INSTITUIÇÃO DE PAGAMENTO S.A.;16814330;BK IP - PRUDENCIAL;;00088101;N4;Instituição de pagamento;Não bancário;2;Privado nacional;41;BARUERI;SP;2024-12-31;350464;0;312452;136138;38012;4505;1;0
COOPERATIVA DE CRÉDITO DO VALE DO ITAJAÍ E VALE DO ITAPOCÚ - SICOOB MULTICREDI;2883398;;;;B3S;Cooperativa de crédito singular;Cooperativas;2;Privado nacional;9;BLUMENAU;SC;2024-12-31;348595;251995;266994;259641;81601;850;0;10
COOPERATIVA DE CRÉDITO DE LIVRE ADMISSÃO DO CENTRO SUL DE MATO GROSSO DO SUL - SICOOB CENTRO SUL MS;10319386;;;;B3S;Cooperativa de crédito singular;Cooperativas;2;Privado nacional;9;DOURADOS;MS;2024-12-31;345383;285962;302519;261571;42864;-4160;0;7
COOPERATIVA DE CRÉDITO DE LIVRE ADMISSÃO DE PEDRO LEOPOLDO LTDA - SICOOB CREDIPEL;71441406;;;;B3S;Cooperativa de crédito singular;Cooperativas;2;Privado nacional;9;PEDRO LEOPOLDO;MG;2024-12-31;344086;164674;296190;273543;47896;5535;0;10
COOPERATIVA DE CRÉDITO DE LIVRE ADMISSÃO DE ASSOCIADOS DO SUL DO BRASIL - CREVISC;10143743;;;;B3S;Cooperativa de crédito singular;Cooperativas;2;Privado nacional;9;GUARAMIRIM;SC;2024-12-31;343255;220881;299984;283164;43271;-51;0;10
PLUXEE INSTITUIÇÃO DE PAGAMENTO BRASIL S.A.;30798783;PLUXEE IP - PRUDENCIAL;;00087889;N4;Instituição de pagamento;Não bancário;3;Controle estrangeiro;41;SAO PAULO;SP;2024-12-31;339709;0;281641;144322;58068;-5679;1;0
AGORACRED S/A SOCIEDADE DE CRÉDITO, FINANCIAMENTO E INVESTIMENTO;36321990;AGORACRED S/A SCFI - PRUDENCIAL;;00083618;N1;Instituição não bancária de crédito;Não bancário;2;Privado nacional;14;VITORIA;ES;2024-12-31;336751;365125;248254;225790;88497;13746;2;0
COOPERATIVA DE CRÉDITO DA GRANDE FLORIANÓPOLIS - ÚNILOS;2405189;;;;B3S;Cooperativa de crédito singular;Cooperativas;2;Privado nacional;9;FLORIANOPOLIS;SC;2024-12-31;335442;200761;288497;278189;46945;3104;0;8
CREDIALIANÇA COOPERATIVA DE CRÉDITO RURAL;78157146;;;;B3S;Cooperativa de crédito singular;Cooperativas;2;Privado nacional;9;ROLANDIA;PR;2024-12-31;333870;149460;273389;259059;60481;2707;0;13
COOPERATIVA DE CREDITO, POUPANCA E INVESTIMENTO DO RIO DE JANEIRO - SICREDI RIO RJ;72128440;;;;B3S;Cooperativa de crédito singular;Cooperativas;2;Privado nacional;9;RIO DE JANEIRO;RJ;2024-12-31;333683;193173;273249;248974;60434;3767;0;11
COOPERATIVA DE CRÉDITO E ECONOMIA COM INTERAÇÃO SOLIDÁRIA DE JACUTINGA - CRESOL JACUTINGA;2904125;;;;B3S;Cooperativa de crédito singular;Cooperativas;2;Privado nacional;9;JACUTINGA;RS;2024-12-31;333125;248521;298139;149557;34986;2950;0;15
COOPERATIVA DE CRÉDITO E ECONOMIA COM INTERAÇÃO SOLIDÁRIA - CRESOL MAIS;5269976;;;;B3S;Cooperativa de crédito singular;Cooperativas;2;Privado nacional;9;QUILOMBO;SC;2024-12-31;331626;218477;287335;170725;44291;3535;0;13
SANTINVEST S.A. - CREDITO, FINANCIAMENTO E INVESTIMENTOS;122327;SANTINVEST - PRUDENCIAL;;00080446;N1;Instituição não bancária de crédito;Não bancário;2;Privado nacional;14;FLORIANOPOLIS;SC;2024-12-31;330271;291276;175495;161927;154776;6381;6;0
COOPERATIVA DE CRÉDITO DE LIVRE ADMISSÃO DE CARMO DO RIO CLARO LTDA - SICOOB CREDICARMO;25743311;;;;B3S;Cooperativa de crédito singular;Cooperativas;2;Privado nacional;9;CARMO DO RIO CLARO;MG;2024-12-31;329659;157617;259221;196495;70437;5306;0;2
LAUNCH PAD SOCIEDADE DE CRÉDITO DIRETO S.A.;45220646;LAUNCH PAD SCD - PRUDENCIAL;;00086048;N1;Instituição não bancária de crédito;Não bancário;3;Controle estrangeiro;43;BELO HORIZONTE;MG;2024-12-31;326733;0;295458;271660;31275;7476;2;0
COOPERATIVA DE CRÉDITO, POUPANÇA E INVESTIMENTO SICREDI CENTRO PERNAMBUCANA;41255225;;;;B3S;Cooperativa de crédito singular;Cooperativas;2;Privado nacional;9;CARUARU;PE;2024-12-31;325942;144783;259751;236709;66191;3935;0;8
COOPERATIVA DE CRÉDITO DE LIVRE ADMISSÃO DE CAMPOS GERAIS E CAMPO DO MEIO LTDA - SICOOB CREDCAM;71146450;;;;B3S;Cooperativa de crédito singular;Cooperativas;2;Privado nacional;9;CAMPOS GERAIS;MG;2024-12-31;325799;129732;282801;196742;42998;5580;0;2
COOPERATIVA DE ECONOMIA E CRÉDITO MÚTUO NOS ESTADOS DE ALAGOAS, SERGIPE E BAHIA - SICOOB LESTE;2493000;;;;B3S;Cooperativa de crédito singular;Cooperativas;2;Privado nacional;9;MACEIO;AL;2024-12-31;324516;179322;259552;239694;64963;1941;0;8
COOPERATIVA DE CRÉDITO RURAL DE ABELARDO LUZ - SULCREDI/CREDILUZ;1073966;;;;B3S;Cooperativa de crédito singular;Cooperativas;2;Privado nacional;9;ABELARDO LUZ;SC;2024-12-31;324258;215518;261506;254891;62751;2941;0;16
NEGRESCO S.A. - CREDITO, FINANCIAMENTO E INVESTIMENTOS;4379829;NEGRESCO S.A. - CFI - PRUDENCIAL;;00083450;N1;Instituição não bancária de crédito;Não bancário;2;Privado nacional;14;CURITIBA;PR;2024-12-31;322833;324177;216176;181183;106658;22795;2;0
COOPERATIVA DE CREDITO DE LIVRE ADMISSÃO DO VALE DO GORUTUBA LTDA - SICOOB CREDIVAG;25404542;;;;B3S;Cooperativa de crédito singular;Cooperativas;2;Privado nacional;9;JANAUBA;MG;2024-12-31;321817;118409;256514;223902;65303;7205;0;8
COOPERATIVA DE CRÉDITO E INVESTIMENTO COM INTERAÇÃO SOLIDÁRIA CENTRO SERRA - CRESOL CENTRO SERRA;1155801;;;;B3S;Cooperativa de crédito singular;Cooperativas;2;Privado nacional;9;CURITIBANOS;SC;2024-12-31;321115;255395;275634;127382;45481;6228;0;13
COOPERATIVA DE ECONOMIA E CRÉDITO MÚTUO UNICRED HORIZONTES LTDA - UNICRED HORIZONTES;1526924;;;;B3S;Cooperativa de crédito singular;Cooperativas;2;Privado nacional;9;IJUI;RS;2024-12-31;315720;188194;253128;233262;62593;6072;0;3
SICREDI CREDUNI - COOPERATIVA DE ECONOMIA E CRÉDITO MÚTUO DOS SERV DAS INST PÚBLICAS DE ENSINO SUPERIOR DO ESTADO DA PARAÍBA E DAS DEMAIS INSTITUIÇÕES E ÓRGÃOS PÚBLICOS NO ESTADO DA PARAÍBA;3428338;;;;B3S;Cooperativa de crédito singular;Cooperativas;2;Privado nacional;9;CAMPINA GRANDE;PB;2024-12-31;314858;207980;249902;225083;64955;2438;0;9
FINAMAX S.A. - CREDITO, FINANCIAMENTO E INVESTIMENTO;411939;FINAMAX S.A. CFI - PRUDENCIAL;;00083436;N1;Instituição não bancária de crédito;Não bancário;2;Privado nacional;14;JUNDIAI;SP;2024-12-31;313762;192170;283707;279697;30055;183;4;0
COOPERATIVA DE CRÉDITO DE LIVRE ADMISSÃO DE PALMEIRAS E REGIÃO LTDA.;37631058;;;;B3S;Cooperativa de crédito singular;Cooperativas;2;Privado nacional;9;PALMEIRAS DE GOIAS;GO;2024-12-31;309112;198174;197513;126235;111599;8475;0;5
COOPERATIVA DE ECONOMIA E CRÉDITO MÚTUO - SICOOB COOPERAC;8071414;;;;B3S;Cooperativa de crédito singular;Cooperativas;2;Privado nacional;9;RIBEIRAO PRETO;SP;2024-12-31;307257;98059;272501;266937;34756;1103;0;7
COOPERATIVA DE CRÉDITO SICOOB COOPMIL;62673470;;;;B3S;Cooperativa de crédito singular;Cooperativas;2;Privado nacional;9;SAO PAULO;SP;2024-12-31;306710;238895;220788;199768;85922;-1751;0;24
COOPERATIVA DE CRÉDITO DOS SERVIDORES PÚBLICOS NO ESTADO DA BAHIA LTDA. - SICOOB CRED EXECUTIVO;4321309;;;;B3S;Cooperativa de crédito singular;Cooperativas;2;Privado nacional;9;SALVADOR;BA;2024-12-31;305944;199876;262426;257605;43518;7431;0;7
HS FINANCEIRA S/A CREDITO, FINANCIAMENTO E INVESTIMENTOS;7512441;HS FINANCEIRA - PRUDENCIAL;;00083522;N1;Instituição não bancária de crédito;Não bancário;2;Privado nacional;14;DOIS IRMAOS;RS;2024-12-31;305651;310538;240295;202907;65356;665;2;0
COOPERATIVA DE CRÉDITO E ECONOMIA COM INTERAÇÃO SOLIDÁRIA DE ARATIBA - CRESOL ARATIBA;4565791;;;;B3S;Cooperativa de crédito singular;Cooperativas;2;Privado nacional;9;ARATIBA;RS;2024-12-31;304734;199234;274308;158892;30426;3678;0;5
COOPERATIVA DE CRÉDITO, POUPANÇA E INVESTIMENTO DOS JUÍZES E CARREIRAS PÚBLICAS DO DIREITO DO ESTADO DO RIO GRANDE DO SUL - SICREDI AJURIS RS;3750034;;;;B3S;Cooperativa de crédito singular;Cooperativas;2;Privado nacional;9;PORTO ALEGRE;RS;2024-12-31;303705;48123;278895;269081;24810;2026;0;1
COOPERATIVA DE CRÉDITO, POUPANÇA E INVESTIMENTO SICREDI INTEGRAÇÃO BAHIA - SICREDI INTEGRAÇÃO BAHIA;97489280;;;;B3S;Cooperativa de crédito singular;Cooperativas;2;Privado nacional;9;ITABUNA;BA;2024-12-31;298661;150629;248964;205405;49697;3836;0;6
VIC-DISTRIBUIDORA DE TITULOS E VALORES MOBILIARIOS S/A;14388516;VIC DTVM S/A - PRUDENCIAL;;00084002;N2;Instituição não bancária do mercado de capitais;Não bancário;2;Privado nacional;16;RIO DE JANEIRO;RJ;2024-12-31;297152;10192;104877;0;192276;15919;2;0
COOPERATIVA DE CRÉDITO DE TIROS E MATUTINA LTDA.- SICOOB CREDITIROS;42880617;;;;B3S;Cooperativa de crédito singular;Cooperativas;2;Privado nacional;9;TIROS;MG;2024-12-31;296790;184088;253519;154727;43271;-3629;0;1
COOPERATIVA DE ECONOMIA E CRÉDITO MÚTUO DO VALE DAS ANTAS LTDA. - UNICRED PIONEIRA;94243839;;;;B3S;Cooperativa de crédito singular;Cooperativas;2;Privado nacional;9;CASCA;RS;2024-12-31;296217;210894;262219;252939;33998;4172;0;4
BGC LIQUIDEZ DISTRIBUIDORA DE TÍTULOS E VALORES MOBILIÁRIOS LTDA;33862244;BGC LIQUIDEZ DTVM LTDA - PRUDENCIAL;;00084033;N2;Instituição não bancária do mercado de capitais;Não bancário;3;Controle estrangeiro;16;RIO DE JANEIRO;RJ;2024-12-31;296079;0;85839;0;210240;14432;3;0
COOPERATIVA DE CRÉDITO CREDIVAZ LTDA. - SICOOB CREDIVAZ;803287;;;;B3S;Cooperativa de crédito singular;Cooperativas;2;Privado nacional;9;VAZANTE;MG;2024-12-31;295678;175662;236052;209821;59626;-1568;0;4
COOPERATIVA DE CRÉDITO SICOOB NORTE SUL LTDA;2876918;;;;B3S;Cooperativa de crédito singular;Cooperativas;2;Privado nacional;9;GANDU;BA;2024-12-31;295366;170508;258665;226808;36701;3422;0;9
GAZINCRED S.A. SOCIEDADE DE CRÉDITO, FINANCIAMENTO E INVESTIMENTO;11760553;GAZINCRED SCFI - PRUDENCIAL;;00080824;N1;Instituição não bancária de crédito;Não bancário;2;Privado nacional;14;DOURADINA;PR;2024-12-31;295035;254355;137499;109081;157537;19190;2;0
COOPERATIVA DE CRÉDITO DE LIVRE ADMISSÃO SICOOB CREDMISSÃO LTDA. - SICOOB CREDMISSÃO;1667352;;;;B3S;Cooperativa de crédito singular;Cooperativas;2;Privado nacional;9;PIRAPORA;MG;2024-12-31;292755;215853;254702;197340;38054;5785;0;6
BARRACRED - COOPERATIVA DE ECONOMIA E CRÉDITO MÚTUO;1439107;;;;B3S;Cooperativa de crédito singular;Cooperativas;2;Privado nacional;9;BARRA BONITA;SP;2024-12-31;290489;198626;15882;0;274607;17645;0;0
COOPERATIVA DE CRÉDITO DO VALE DOS PINHAIS - SICOOB VALE DOS PINHAIS;86791837;;;;B3S;Cooperativa de crédito singular;Cooperativas;2;Privado nacional;9;CACADOR;SC;2024-12-31;287398;202972;259270;231129;28128;-925;0;8
COOPERATIVA DE CRÉDITO DO SUDOESTE BAIANO LTDA - SICOOB CREDICONQUISTA;2282165;;;;B3S;Cooperativa de crédito singular;Cooperativas;2;Privado nacional;9;VITORIA DA CONQUISTA;BA;2024-12-31;285080;126820;236749;225244;48331;5554;0;7
COOPERATIVA DE CRÉDITO DOS PROFISSIONAIS DE SAÚDE E DE LIVRE ADMISSÃO DO TRIÂNGULO MINEIRO E SUL DE MINAS LTDA. - UNICRED PROGRESSO;71432926;;;;B3S;Cooperativa de crédito singular;Cooperativas;2;Privado nacional;9;UBERABA;MG;2024-12-31;284280;116962;250546;226994;33734;2014;0;4
IDEAL CORRETORA DE TÍTULOS E VALORES MOBILIÁRIOS S.A.;31749596;ITAU - PRUDENCIAL;00010069;00080099;N2;Instituição não bancária do mercado de capitais;Não bancário;2;Privado nacional;15;SAO PAULO;SP;2024-12-31;283809;0;9541;97;274267;3406;2;0
OXY COMPANHIA HIPOTECÁRIA;18282093;OXY CH - PRUDENCIAL;;00085520;N1;Instituição não bancária de crédito;Não bancário;2;Privado nacional;29;PORTO ALEGRE;RS;2024-12-31;282385;201342;243204;148962;39182;2100;2;0
COOPERATIVA DE ECONOMIA E CRÉDITO DE LIVRE ADMISSÃO LTDA. - SICOOB EMPRESARIAL;5856736;;;;B3S;Cooperativa de crédito singular;Cooperativas;2;Privado nacional;9;BRASILIA;DF;2024-12-31;281533;97409;216670;207116;64863;7761;0;7
GREENPASS TECNOLOGIA E INSTITUICAO DE PAGAMENTO HUE S.A.;28581308;EDENRED SOLUCOES E IP AHA - PRUDENCIAL;;00084916;N4;Instituição de pagamento;Não bancário;3;Controle estrangeiro;41;BARUERI;SP;2024-12-31;280224;0;299456;0;-19232;-32656;1;0
SICOOB CRESSEM - COOPERATIVA DE ECONOMIA E CRÉDITO MÚTUO DOS SERVIDORES MUNICIPAIS DA REGIÃO METROPOLITANA DO VALE DO PARAÍBA E LITORAL NORTE;54190525;;;;B3S;Cooperativa de crédito singular;Cooperativas;2;Privado nacional;9;SAO JOSE DOS CAMPOS;SP;2024-12-31;277329;169883;119296;104387;158033;9319;0;12
COOPERATIVA DE ECONOMIA E CRÉDITO MÚTUO DOS FUNCIONÁRIOS DA SECRETARIA DE ESTADO DA FAZENDA  DO ESTADO DE MINAS GERAIS E DE LIVRE ADMISSÃO LTDA - SICOOB COOPSEF;16721078;;;;B3S;Cooperativa de crédito singular;Cooperativas;2;Privado nacional;9;BELO HORIZONTE;MG;2024-12-31;276761;91627;190892;175138;85869;2964;0;0
AGÊNCIA DE FOMENTO DO ESTADO DO AMAZONAS S.A. - AFEAM;3183937;AFEAM - PRUDENCIAL;;00081108;N1;Instituição não bancária de crédito;Não bancário;1;Público;30;MANAUS;AM;2024-12-31;275959;37304;150173;8861;125786;9065;2;0
AGENCIA DE FOMENTO DE GOIAS S/A;3918382;AGENCIA FOMENTO GOIAS - PRUDENCIAL;;00081050;N1;Instituição não bancária de crédito;Não bancário;1;Público;30;GOIANIA;GO;2024-12-31;275912;119884;73159;55417;202753;3093;2;0
VITREO DISTRIBUIDORA DE TÍTULOS E VALORES MOBILIÁRIOS S.A.;34711571;BTG PACTUAL - PRUDENCIAL;00049944;00080336;N2;Instituição não bancária do mercado de capitais;Não bancário;2;Privado nacional;16;RIO DE JANEIRO;RJ;2024-12-31;275204;0;129401;116503;145802;5682;2;0
COOPERATIVA DE CRÉDITO, POUPANÇA E INVESTIMENTO BANDEIRANTES - SICREDI BANDEIRANTES SP;4853988;;;;B3S;Cooperativa de crédito singular;Cooperativas;2;Privado nacional;9;SAO CARLOS;SP;2024-12-31;273922;168162;238962;218761;34960;2417;0;8
PAGUEVELOZ INSTITUIÇÃO DE PAGAMENTO LTDA.;3816413;PAGUEVELOZ IP - PRUDENCIAL;;00086505;N4;Instituição de pagamento;Não bancário;3;Controle estrangeiro;41;BLUMENAU;SC;2024-12-31;273778;0;199150;72171;74628;19132;1;0
LAR COOPERATIVA DE CRÉDITO - LAR CREDI;39343350;;;;B3S;Cooperativa de crédito singular;Cooperativas;2;Privado nacional;9;MEDIANEIRA;PR;2024-12-31;269360;156180;221492;218653;47868;5498;0;35
COOPERATIVA DE CRÉDITO CREDIBAM LTDA. - SICOOB CREDIBAM;66259110;;;;B3S;Cooperativa de crédito singular;Cooperativas;2;Privado nacional;9;BAMBUI;MG;2024-12-31;268682;108236;212242;182572;56441;7274;0;3
LIONS TRUST DISTRIBUIDORA DE TÍTULOS E VALORES MOBILIÁRIOS LTDA.;40768766;LIONS TRUST DTVM PRUDENCIAL;;00085654;N2;Instituição não bancária do mercado de capitais;Não bancário;2;Privado nacional;16;SAO PAULO;SP;2024-12-31;266760;0;263040;259193;3720;1670;2;0
MERCADO BITCOIN INSTITUICAO DE PAGAMENTO LTDA;11351086;MERCADO BITCOIN - PRUDENCIAL;;00087061;N4;Instituição de pagamento;Não bancário;2;Privado nacional;41;SAO PAULO;SP;2024-12-31;264419;0;248630;239255;15789;3058;1;0
COOPERATIVA DE CRÉDITO COOPCRED;53623781;;;;B3S;Cooperativa de crédito singular;Cooperativas;2;Privado nacional;9;VALPARAISO;SP;2024-12-31;263327;104590;226780;189352;36548;4434;0;7
COOPERATIVA DE CRÉDITO SICREDI ALTO SERTÃO PARAIBANO - SICREDI ALTO SERTÃO PARAIBANO;9343038;;;;B3S;Cooperativa de crédito singular;Cooperativas;2;Privado nacional;9;SOUSA;PB;2024-12-31;262812;116731;191252;177369;71560;3671;0;7
COOPERATIVA DE CREDITO CLASSICA DO ESTADO DO RIO DE JANEIRO - SICOOB EMPRESAS RJ;4120633;;;;B3S;Cooperativa de crédito singular;Cooperativas;2;Privado nacional;9;RIO DE JANEIRO;RJ;2024-12-31;261988;61434;215640;208326;46348;2369;0;7
COOPERATIVA DE CRÉDITO HORIZONTE - SICOOB HORIZONTE;7194313;;;;B3S;Cooperativa de crédito singular;Cooperativas;2;Privado nacional;9;ARAPONGAS;PR;2024-12-31;260371;143577;230795;219182;29576;867;0;8
COOPERATIVA DE CRÉDITO DOS MAGISTRADOS, SERVIDORES DA JUSTIÇA DO ESTADO DE GOIÁS E EMPREGADOS DA CELG LTDA.;9552111;;;;B3S;Cooperativa de crédito singular;Cooperativas;2;Privado nacional;9;GOIANIA;GO;2024-12-31;259536;130989;196803;184443;62733;4234;0;2
COOPERATIVA DE CRÉDITO E ECONOMIA COM INTERAÇÃO SOLIDÁRIA CRESOL VALE;7320890;;;;B3S;Cooperativa de crédito singular;Cooperativas;2;Privado nacional;9;VITOR MEIRELES;SC;2024-12-31;259465;213256;228467;104255;30998;2716;0;8
SUL AMERICA INVESTIMENTOS DISTRIBUIDORA DE TITULOS E VALORES MOBILIARIOS S.A.;32206435;SUL AMERICA INVEST DTVM S.A. - PRUDENCIAL;;00084026;N2;Instituição não bancária do mercado de capitais;Não bancário;3;Controle estrangeiro;16;SAO PAULO;SP;2024-12-31;257401;0;47769;0;209632;24278;3;0
COOPERATIVA DE CRÉDITO DE LIVRE ADMISSÃO DE JATAÍ E REGIÃO LTDA.;10143499;;;;B3S;Cooperativa de crédito singular;Cooperativas;2;Privado nacional;9;JATAI;GO;2024-12-31;256670;188593;219283;182746;37387;816;0;5
COOPERATIVA DE CRÉDITO DE LIVRE ADMISSÃO CREDFAZ LTDA. - SICOOB CREDFAZ;952415;;;;B3S;Cooperativa de crédito singular;Cooperativas;2;Privado nacional;9;BRASILIA;DF;2024-12-31;255738;138216;138713;127282;117025;7665;0;5
COOPERATIVA DE CRÉDITO DE LIVRE ADMISSÃO DE SANTA CRUZ DAS PALMEIRAS E REGIÃO;6910457;;;;B3S;Cooperativa de crédito singular;Cooperativas;2;Privado nacional;9;SANTA CRUZ DAS PALMEIRAS;SP;2024-12-31;255214;124147;224404;208673;30810;1720;0;3
WESTERN UNION CORRETORA DE CÂMBIO S.A.;13728156;WESTERN UNION - PRUDENCIAL;00051767;00080886;N2;Instituição não bancária do mercado de capitais;Não bancário;3;Controle estrangeiro;21;SAO PAULO;SP;2024-12-31;253911;0;106476;0;147434;6823;2;0
COOPERATIVA DE ECONOMIA E CRÉDITO MÚTUO DOS PROFISSIONAIS DA ÁREA NOTARIAL E REGISTRAL - COOPNORE;7714057;;;;B3S;Cooperativa de crédito singular;Cooperativas;2;Privado nacional;9;PORTO ALEGRE;RS;2024-12-31;253183;96718;231671;217753;21512;1039;0;3
AVENUE SECURITIES DISTRIBUIDORA DE TÍTULOS E VALORES MOBILIÁRIOS LTDA.;61384004;AVENUE SECURITIES BI - PRUDENCIAL;;00088008;N2;Instituição não bancária do mercado de capitais;Não bancário;2;Privado nacional;16;SAO PAULO;SP;2024-12-31;252940;0;212773;177135;40167;-19272;2;0
CREDISIS CAPITALCREDI - COOPERATIVA DE CRÉDITO DE LIVRE ADMISSÃO DO ACRE LTDA;5439425;;;;B3S;Cooperativa de crédito singular;Cooperativas;2;Privado nacional;9;RIO BRANCO;AC;2024-12-31;247480;90486;209118;201710;38362;276;0;3
PINBANK BRASIL INSTITUIÇÃO DE PAGAMENTO S.A.;17079937;PINBANK BRASIL IP - PRUDENCIAL;;00086361;N4;Instituição de pagamento;Não bancário;3;Controle estrangeiro;41;SAO PAULO;SP;2024-12-31;246585;0;218460;154864;28125;4617;1;0
COOPERATIVA DE CRÉDITO DE LIVRE ADMISSÃO DE ASSOCIADOS LTDA. - SICOOB JUDICIÁRIO;37076205;;;;B3S;Cooperativa de crédito singular;Cooperativas;2;Privado nacional;9;BRASILIA;DF;2024-12-31;245830;139290;184771;181136;61058;3746;0;12
EDENRED SOLUCOES DE MOBILIDADE E INSTITUICAO DE PAGAMENTO HU S.A.;18587586;EDENRED SOLUCOES E IP AHA - PRUDENCIAL;;00084916;N4;Instituição de pagamento;Não bancário;3;Controle estrangeiro;41;BARUERI;SP;2024-12-31;244313;31528;197414;55089;46899;-14886;1;0
CALCRED S.A. - CRÉDITO, FINANCIAMENTO E INVESTIMENTO;37122487;CALCARD IP - PRUDENCIAL;;00088170;N1;Instituição não bancária de crédito;Não bancário;2;Privado nacional;14;PALHOCA;SC;2024-12-31;243473;178324;199948;180077;43525;6943;2;0
COOPERATIVA DE CREDITO CREDLIDER - SICOOB CREDLIDER;5463934;;;;B3S;Cooperativa de crédito singular;Cooperativas;2;Privado nacional;9;VOTUPORANGA;SP;2024-12-31;243079;39644;207108;185341;35971;3988;0;3
COOPERATIVA DE CRÉDITO DE LIVRE ADMISSÃO SICOOB COOPJUS LTDA.;25363615;;;;B3S;Cooperativa de crédito singular;Cooperativas;2;Privado nacional;9;BELO HORIZONTE;MG;2024-12-31;242632;129338;165768;157474;76864;1326;0;4
COOPERATIVA DE CRÉDITO DE LIVRE ADMISSÃO DE ITAJUBÁ LTDA - SICOOB SUDESTE MAIS;4079285;;;;B3S;Cooperativa de crédito singular;Cooperativas;2;Privado nacional;9;ITAJUBA;MG;2024-12-31;235959;133934;210690;202877;25269;596;0;14
INOVANTI INSTITUIÇÃO DE PAGAMENTO S.A.;37511258;INOVANTI IP - PRUDENCIAL;;00087456;N4;Instituição de pagamento;Não bancário;2;Privado nacional;41;SAO PAULO;SP;2024-12-31;233413;0;217718;202638;15695;7875;1;0
TENTOS S.A. CRÉDITO, FINANCIAMENTO E INVESTIMENTO;41498340;TENTOS CFI - PRUDENCIAL;;00085788;N1;Instituição não bancária de crédito;Não bancário;2;Privado nacional;14;IJUI;RS;2024-12-31;233277;219641;182639;174858;50638;-337;2;0
COOPERATIVA DE CRÉDITO CREDICAMPINA LTDA. - SICOOB CREDICAMPINA;1609345;;;;B3S;Cooperativa de crédito singular;Cooperativas;2;Privado nacional;9;CAMPINA VERDE;MG;2024-12-31;233253;156030;199623;122857;33630;3348;0;1
COOPERATIVA DE CRÉDITO CREDIESMERALDAS LTDA. - SICOOB CREDIESMERALDAS;68512748;;;;B3S;Cooperativa de crédito singular;Cooperativas;2;Privado nacional;9;ESMERALDAS;MG;2024-12-31;231838;89985;211060;202257;20777;1829;0;14
MONTE BRAVO CORRETORA DE TÍTULOS E VALORES MOBILIÁRIOS S.A.;50489148;MONTE BRAVO CTVM - PRUDENCIAL;;00087281;N2;Instituição não bancária do mercado de capitais;Não bancário;2;Privado nacional;15;SAO PAULO;SP;2024-12-31;231791;0;113571;0;118220;-16723;2;9
COOPERATIVA DE CRÉDITO E ECONOMIA COM INTERAÇÃO SOLIDÁRIA - CRESOL DESENVOLVIMENTO;5425526;;;;B3S;Cooperativa de crédito singular;Cooperativas;2;Privado nacional;9;CONCORDIA;SC;2024-12-31;230732;157888;208861;131693;21871;1902;0;8
ATIVA INVESTIMENTOS S.A. CORRETORA DE TÍTULOS, CÂMBIO E VALORES;33775974;ATIVA S.A. CTCV - PRUDENCIAL;;00082547;N2;Instituição não bancária do mercado de capitais;Não bancário;2;Privado nacional;15;RIO DE JANEIRO;RJ;2024-12-31;230383;0;176838;88827;53546;-1620;3;0
COOPERATIVA DE CRÉDITO E ECONOMIA COM INTERAÇÃO SOLIDÁRIA DE SÃO VALENTIM - CRESOL SÃO VALENTIM;3015152;;;;B3S;Cooperativa de crédito singular;Cooperativas;2;Privado nacional;9;SAO VALENTIM;RS;2024-12-31;229371;157655;204795;109221;24576;2381;0;9
COOPERATIVA DE CREDITO POTIGUAR - SICOOB POTIGUAR;2382755;;;;B3S;Cooperativa de crédito singular;Cooperativas;2;Privado nacional;9;NATAL;RN;2024-12-31;228140;125716;191574;181127;36565;3268;0;5
ONEKEY PAYMENTS INSTITUICAO DE PAGAMENTO SA;35210410;ONEKEY PAYMENTS IP - PRUDENCIAL;;00087535;N4;Instituição de pagamento;Não bancário;3;Controle estrangeiro;41;BARUERI;SP;2024-12-31;228006;0;219870;177351;8135;-470;1;0
AGÊNCIA DE FOMENTO DO ESTADO DE MATO GROSSO S/A - DESENVOLVE MT;6284531;AGÊNCIA DE FOMENTO MATO GROSSO - PRUDENCIAL;;00081146;N1;Instituição não bancária de crédito;Não bancário;1;Público;30;CUIABA;MT;2024-12-31;225903;108314;7228;2382;218676;4593;1;0
COOPERATIVA DE CRÉDITO VALE DO CANOAS - SICOOB/SC CREDICANOAS;707903;;;;B3S;Cooperativa de crédito singular;Cooperativas;2;Privado nacional;9;ABDON BATISTA;SC;2024-12-31;224988;126428;185829;149796;39160;260;0;5
COOPERATIVA DE CRÉDITO DE LIVRE ADMISSÃO DE ARCOS LTDA. - SICOOB ARCOMCREDI;71230338;;;;B3S;Cooperativa de crédito singular;Cooperativas;2;Privado nacional;9;ARCOS;MG;2024-12-31;224071;97627;190117;186679;33953;4419;0;2
COOPERATIVA DE CRÉDITO DE LIVRE ADMISSÃO DA REGIÃO DE SÃO SEBASTIÃO DO PARAÍSO LTDA. - SICOOB PARAÍSOCRED;1657678;;;;B3S;Cooperativa de crédito singular;Cooperativas;2;Privado nacional;9;SAO SEBASTIAO DO PARAISO;MG;2024-12-31;222572;125097;199409;195245;23163;578;0;7
BRADESCO S.A. CORRETORA DE TITULOS E VALORES MOBILIARIOS;61855045;BRADESCO - PRUDENCIAL;00010045;00080075;N2;Instituição não bancária do mercado de capitais;Não bancário;2;Privado nacional;15;OSASCO;SP;2024-12-31;222239;0;146136;0;76104;133;3;0
COOPERATIVA DE ECONOMIA E CRÉDITO MÚTUO DOS SERVIDORES DA FEDERAÇÃO DO COMÉRCIO, SESC E SENAC DE SÃO PAULO;62928320;;;;B3S;Cooperativa de crédito singular;Cooperativas;2;Privado nacional;9;SAO PAULO;SP;2024-12-31;220496;164912;21530;0;198966;11889;0;0
COOPERATIVA DE CRÉDITO RURAL E ECONOMIA COM INTERAÇÃO SOLIDÁRIA DE GETÚLIO VARGAS - CRESOL GETÚLIO VARGAS;5241145;;;;B3S;Cooperativa de crédito singular;Cooperativas;2;Privado nacional;9;GETULIO VARGAS;RS;2024-12-31;219710;146827;195849;116578;23861;2065;0;9
C&A PAY SOCIEDADE DE CRÉDITO DIRETO S.A.;49173791;C&A PAY SCD - PRUDENCIAL;;00086787;N1;Instituição não bancária de crédito;Não bancário;3;Controle estrangeiro;43;BARUERI;SP;2024-12-31;218586;0;84413;0;134174;2217;2;0
COOPERATIVA DE CRÉDITO DE LIVRE ADMISSÃO DO BRASIL CENTRAL LTDA. - SICOOB EXECUTIVO;694877;;;;B3S;Cooperativa de crédito singular;Cooperativas;2;Privado nacional;9;BRASILIA;DF;2024-12-31;217965;134835;175417;170358;42547;2208;0;8
STONEX DISTRIBUIDORA DE TÍTULOS E VALORES MOBILIÁRIOS LTDA.;62090873;STONEX DTVM - PRUDENCIAL;00052041;00084088;N2;Instituição não bancária do mercado de capitais;Não bancário;3;Controle estrangeiro;16;SAO PAULO;SP;2024-12-31;217100;0;34734;21506;182366;24918;2;0
COOPERATIVA DE CRÉDITO DE LIVRE ADMISSÃO DA MARGEM ESQUERDA DO URUCUIA E SÃO FRANCISCO LTDA - SICOOB CREDICHAPADA;14046512;;;;B3S;Cooperativa de crédito singular;Cooperativas;2;Privado nacional;9;CHAPADA GAUCHA;MG;2024-12-31;215945;152823;176589;93554;39356;1443;0;4
COOPERATIVA DE CRÉDITO, POUPANÇA E INVESTIMENTO EMPREENDEDORES - SICREDI EMPREENDEDORES PR;7070495;;;;B3S;Cooperativa de crédito singular;Cooperativas;2;Privado nacional;9;CURITIBA;PR;2024-12-31;215273;101666;193908;173991;21365;1360;0;5
COOPERATIVA DE CREDITO DE LIVRE ADMISSÃO DA REGIÃO SUDESTE DE MINAS GERAIS LTDA. - SICOOB CREDISUCESSO;42887133;;;;B3S;Cooperativa de crédito singular;Cooperativas;2;Privado nacional;9;BOM SUCESSO;MG;2024-12-31;214244;65921;185282;179776;28962;4218;0;6
COOPERATIVA DE CRÉDITO SICOOB COOPEMAR LTDA;4174720;;;;B3S;Cooperativa de crédito singular;Cooperativas;2;Privado nacional;9;MAIRI;BA;2024-12-31;213844;69990;185283;180395;28561;3625;0;9
ABASTECE AI CLUBE AUTOMOBILISTA INSTITUIÇÃO DE PAGAMENTO LTDA.;9515813;ABASTECE AI IP - PRUDENCIAL;;00087690;N4;Instituição de pagamento;Não bancário;2;Privado nacional;41;SAO PAULO;SP;2024-12-31;213732;0;204419;37091;9313;-8023;1;0
COOPERATIVA DE ECONOMIA E CRÉDITO MÚTUO DE LIVRE ADMISSÃO DE ARARAQUARA E REGIÃO - SICOOB;53236808;;;;B3S;Cooperativa de crédito singular;Cooperativas;2;Privado nacional;9;ARARAQUARA;SP;2024-12-31;212914;58017;191440;181583;21474;1607;0;4
COOPERATIVA DE CRÉDITO E INVESTIMENTO COM INTERAÇÃO SOLIDÁRIA TRANSAMAZÔNICA - CRESOL TRANSAMAZÔNICA;24431221;;;;B3S;Cooperativa de crédito singular;Cooperativas;2;Privado nacional;9;PACAJA;PA;2024-12-31;212088;180818;184603;138450;27485;1518;0;12
GREEN NET INSTITUIÇÃO DE PAGAMENTO LTDA;10314753;STRADA PAY IP - PRUDENCIAL;;00085362;N4;Instituição de pagamento;Não bancário;3;Controle estrangeiro;41;CUIABA;MT;2024-12-31;210491;0;163253;96099;47238;-7079;1;0
COOPERATIVA DE CRÉDITO DE LIVRE ADMISSÃO CREDIEMBRAPA LTDA - SICOOB.;2338666;;;;B3S;Cooperativa de crédito singular;Cooperativas;2;Privado nacional;9;BRASILIA;DF;2024-12-31;208987;125530;152346;146339;56641;5469;0;2
COOPERATIVA DE CRÉDITO E ECONOMIA COM INTERAÇÃO SOLIDÁRIA - CRESOL INOVAÇÃO;5070112;;;;B3S;Cooperativa de crédito singular;Cooperativas;2;Privado nacional;9;CORONEL MARTINS;SC;2024-12-31;207388;161372;180427;103817;26961;2216;0;10
COOPERATIVA DE CRÉDITO DE LIVRE ADMISSÃO DE CERES E RIALMA LTDA;9576849;;;;B3S;Cooperativa de crédito singular;Cooperativas;2;Privado nacional;9;CERES;GO;2024-12-31;204948;59990;175249;155176;29699;943;0;4
COOPERATIVA DE CRÉDITO DOS INTEGRANTES DO MINISTÉRIO PÚBLICO E DO PODER JUDICIÁRIO NOS ESTADOS DO AMAPÁ E CEARÁ E LIVRE ADMISSÃO NO ESTADO DO PARÁ - SICOOB COIMPPA;84156470;;;;B3S;Cooperativa de crédito singular;Cooperativas;2;Privado nacional;9;BELEM;PA;2024-12-31;203945;97443;126760;117195;77185;5341;0;0
PROVER PROMOCAO DE VENDAS INSTITUICAO DE PAGAMENTO LTDA;20308187;AVANCARD PROVER IP - PRUDENCIAL;;00087212;N4;Instituição de pagamento;Não bancário;2;Privado nacional;41;MANAUS;AM;2024-12-31;202648;0;129923;49781;72725;2495;1;0
MERCEDES-BENZ LEASING DO BRASIL ARRENDAMENTO MERCANTIL S.A.;162760;MERCEDES-BENZ - PRUDENCIAL;00051262;00080563;N1;Instituição não bancária de crédito;Não bancário;3;Controle estrangeiro;19;SAO BERNARDO DO CAMPO;SP;2024-12-31;202371;17227;61040;0;141331;6262;2;0
ALESTA SOCIEDADE DE CREDITO DIRETO S.A.;38316293;ALESTA SOCIEDADE DE CREDITO DIRETO - PRUDENCIAL;;00085379;N1;Instituição não bancária de crédito;Não bancário;3;Controle estrangeiro;43;JAGUARIUNA;SP;2024-12-31;197021;144991;10643;0;186377;32411;2;0
TIVIO CAPITAL DISTRIBUIDORA DE TÍTULOS E VALORES MOBILIÁRIOS S.A.;3384738;BRADESCO - PRUDENCIAL;00010045;00080075;N2;Instituição não bancária do mercado de capitais;Não bancário;2;Privado nacional;16;OSASCO;SP;2024-12-31;194764;0;135337;0;59427;-26018;2;0
COOPERATIVA DE CRÉDITO DA REGIÃO DO VALE DO RIO GRANDE LTDA. - SICOOB CREDILEITE;86585049;;;;B3S;Cooperativa de crédito singular;Cooperativas;2;Privado nacional;9;UBERABA;MG;2024-12-31;194418;96186;171183;157773;23235;996;0;4
COOPERATIVA DE CRÉDITO SICOOB UNI SUL MS;37554441;;;;B3S;Cooperativa de crédito singular;Cooperativas;2;Privado nacional;9;DOURADOS;MS;2024-12-31;191356;129128;144458;128662;46898;-908;0;5
COOPERATIVA DE CREDITO RURAL SEARA - CREDISEARA;204963;;;;B3S;Cooperativa de crédito singular;Cooperativas;2;Privado nacional;9;SEARA;SC;2024-12-31;190146;102981;166797;162493;23349;-3910;0;5
SINOSSERRA FINANCEIRA S/A - SOCIEDADE DE CRÉDITO, FINANCIAMENTO E INVESTIMENTO;22639377;SINOSSERRA FINANCEIRA S/A - PRUDENCIAL;;00084552;N1;Instituição não bancária de crédito;Não bancário;2;Privado nacional;14;NOVO HAMBURGO;RS;2024-12-31;188358;177768;175544;163993;12814;1997;2;0
PAY4FUN INSTITUICAO DE PAGAMENTO S.A.;20757199;PAY4FUN IP S.A. - PRUDENCIAL;;00086299;N4;Instituição de pagamento;Não bancário;2;Privado nacional;41;SAO PAULO;SP;2024-12-31;186654;0;137996;123985;48658;-4910;1;0
OPEA SOCIEDADE DE CRÉDITO DIRETO S.A.;39519944;OPEA SCD - PRUDENCIAL;;00085269;N1;Instituição não bancária de crédito;Não bancário;3;Controle estrangeiro;43;SAO PAULO;SP;2024-12-31;186026;0;177770;171940;8256;873;2;0
COOPERATIVA DE CRÉDITO SICOOB ITAPAGIPE LTDA - SICOOB ITAPAGIPE;71506513;;;;B3S;Cooperativa de crédito singular;Cooperativas;2;Privado nacional;9;ITAPAGIPE;MG;2024-12-31;184845;75036;140392;95414;44453;2989;0;0
BANESTES DISTRIBUIDORA DE TITULOS E VALORES MOBILIARIOS S/A;28156057;BANESTES - PRUDENCIAL;00030159;00080147;N2;Instituição não bancária do mercado de capitais;Não bancário;1;Público;16;VITORIA;ES;2024-12-31;184585;0;10246;0;174339;29730;2;0
COOPERATIVA DE CRÉDITO DE LIVRE ADMISSÃO DE ASSOCIADOS - SICOOB CRUZ ALTA;73326449;;;;B3S;Cooperativa de crédito singular;Cooperativas;2;Privado nacional;9;CRUZ ALTA;RS;2024-12-31;182539;105438;155937;150212;26603;2042;0;6
BEES INSTITUICAO DE PAGAMENTO LTDA.;35523352;BEES IP - PRUDENCIAL;;00087731;N4;Instituição de pagamento;Não bancário;3;Controle estrangeiro;41;SAO PAULO;SP;2024-12-31;182164;0;144231;137165;37932;2667;1;0
COOPERATIVA DE CRÉDITO LIVRE ADMISSÃO SICOOB OURICRED;2179673;;;;B3S;Cooperativa de crédito singular;Cooperativas;2;Privado nacional;9;OURINHOS;SP;2024-12-31;180445;64450;152116;149010;28330;1851;0;3
RPW S/A SOCIEDADE DE CRÉDITO, FINANCIAMENTO E INVESTIMENTO;6249129;RPW S/A SCFI - PRUDENCIAL;;00083209;N1;Instituição não bancária de crédito;Não bancário;2;Privado nacional;14;SAO PAULO;SP;2024-12-31;180097;140155;157507;149970;22590;1220;2;0
BANCO DE LA PROVINCIA DE BUENOS AIRES;44189447;BCO LA PROVINCIA B AIRES BCE - PRUDENCIAL;;00081263;B1;Banco comercial/múltiplo com carteira comercial ou caixa econômica;Bancário;3;Controle estrangeiro;28;SAO PAULO;SP;2024-12-31;177031;23638;30505;23506;146526;3254;2;0
REAG TRUST DISTRIBUIDORA DE TÍTULOS E VALORES MOBILIÁRIOS S.A.;34829992;REAG DTVM - PRUDENCIAL;;00085111;N2;Instituição não bancária do mercado de capitais;Não bancário;2;Privado nacional;16;SAO PAULO;SP;2024-12-31;176730;0;164026;146300;12704;3369;2;0
COOPER CARD INSTITUIÇÃO DE PAGAMENTO LTDA.;5938780;COOPER CARD IP - PRUDENCIAL;;00086134;N4;Instituição de pagamento;Não bancário;2;Privado nacional;41;BARUERI;SP;2024-12-31;176532;124696;126565;780;49967;4901;1;0
COOPERATIVA DE CRÉDITO, POUPANÇA E INVESTIMENTO DOS INTEGRANTES DA MAGISTRATURA E DO MINISTÉRIO PÚBLICO NO ESTADO DO PARANÁ - SICREDI CREDJURIS;4886317;;;;B3S;Cooperativa de crédito singular;Cooperativas;2;Privado nacional;9;CURITIBA;PR;2024-12-31;175964;41862;149310;136925;26655;1799;0;2
CREDISIS SUDOESTE/RO - COOPERATIVA DE CRÉDITO E INVESTIMENTO DO SUDOESTE DE RONDÔNIA;3985375;;;;B3S;Cooperativa de crédito singular;Cooperativas;2;Privado nacional;9;ROLIM DE MOURA;RO;2024-12-31;175902;133391;145812;121267;30090;3772;0;5
BANCO ITAUBANK S.A.;60394079;ITAU - PRUDENCIAL;00010069;00080099;B1;Banco comercial/múltiplo com carteira comercial ou caixa econômica;Bancário;2;Privado nacional;8;SAO PAULO;SP;2024-12-31;175712;0;15881;0;159831;4361;2;0
EQI INVESTIMENTOS CORRETORA DE TÍTULOS E VALORES MOBILIÁRIOS S.A.;47965438;EQI INVESTIMENTOS CTVM - PRUDENCIAL;;00087119;N2;Instituição não bancária do mercado de capitais;Não bancário;2;Privado nacional;15;SAO PAULO;SP;2024-12-31;175711;0;88685;20166;87026;861;2;0
PLANTAE S.A. - CRÉDITO, FINANCIAMENTO E INVESTIMENTO;35551187;PLANTAE CFI - PRUDENCIAL;;00085630;N1;Instituição não bancária de crédito;Não bancário;2;Privado nacional;14;PRESIDENTE PRUDENTE;SP;2024-12-31;175284;25593;148813;146919;26472;174;2;0
CAPPTA INSTITUIÇÃO DE PAGAMENTO S.A.;13966572;CAPPTA IP - PRUDENCIAL;;00087827;N4;Instituição de pagamento;Não bancário;2;Privado nacional;41;SAO PAULO;SP;2024-12-31;175208;0;168532;90108;6676;10316;1;0
COOPERATIVA DE CREDITO E ECONOMIA COM INTERAÇÃO SOLIDÁRIA - CRESOL SERRA MAR;7958405;;;;B3S;Cooperativa de crédito singular;Cooperativas;2;Privado nacional;9;RIO FORTUNA;SC;2024-12-31;174092;122658;150749;106091;23343;1680;0;5
LATAM TECNOLOGIA INSTITUICAO DE PAGAMENTO LTDA;33630661;GOWD IP - PRUDENCIAL;;00087023;N4;Instituição de pagamento;Não bancário;2;Privado nacional;41;MARINGA;PR;2024-12-31;169165;0;161078;3880;8087;2704;1;0
COOPERATIVA DE CRÉDITO E INVESTIMENTO COM INTERAÇÃO SOLIDÁRIA DE NOVA MUTUM E REGIÃO - CRESOL MATO GROSSO;50735161;;;;B3S;Cooperativa de crédito singular;Cooperativas;2;Privado nacional;9;NOVA MUTUM;MT;2024-12-31;169091;127678;151575;73645;17516;245;0;6
BECKER FINANCEIRA S.A. - CRÉDITO, FINANCIAMENTO E INVESTIMENTO;20443996;BECKER FINANCEIRA S.A. - CFI - PRUDENCIAL;;00084507;N1;Instituição não bancária de crédito;Não bancário;2;Privado nacional;14;CERRO LARGO;RS;2024-12-31;168489;136713;125560;15326;42928;24616;2;0
COOPERATIVA DE CRÉDITO CREDICAPI LTDA - SICOOB CREDICAPI;804046;;;;B3S;Cooperativa de crédito singular;Cooperativas;2;Privado nacional;9;CAPITOLIO;MG;2024-12-31;167882;97281;139306;111500;28576;2731;0;0
NUPAY FOR BUSINESS INSTITUICAO DE PAGAMENTO LTDA.;32219232;NU PAGAMENTOS - PRUDENCIAL;;00084693;N4;Instituição de pagamento;Não bancário;2;Privado nacional;41;SAO PAULO;SP;2024-12-31;167753;0;12094;32;155658;6351;1;0
COOPERATIVA DE CRÉDITO DE LIVRE ADMISSÃO DA REGIÃO DE GUAXUPÉ LTDA. - SICOOB ACICREDI;1699652;;;;B3S;Cooperativa de crédito singular;Cooperativas;2;Privado nacional;9;GUAXUPE;MG;2024-12-31;167569;89363;138882;134909;28687;3399;0;4
BRINKS PAY INSTITUICAO DE PAGAMENTO LTDA;9437293;BRINKS PAY IP - PRUDENCIAL;;00086811;N4;Instituição de pagamento;Não bancário;3;Controle estrangeiro;41;SAO PAULO;SP;2024-12-31;165425;0;123323;91005;42102;-317;1;0
SICOOB CREDIMONTES - COOPERATIVA DE CRÉDITO DE LIVRE ADMISSÃO REGIONAL DE MONTES CLAROS LTDA;2031139;;;;B3S;Cooperativa de crédito singular;Cooperativas;2;Privado nacional;9;MONTES CLAROS;MG;2024-12-31;164185;65150;132698;123786;31487;3325;0;4
COOPERATIVA DE ECONOMIA E CRÉDITO MÚTUO DOS FUNCIONÁRIOS DO ATACADÃO;52046299;;;;B3S;Cooperativa de crédito singular;Cooperativas;2;Privado nacional;9;SAO PAULO;SP;2024-12-31;163972;81871;24277;0;139695;10838;0;0
COBUCCIO S/A - SOCIEDADE DE CRÉDITO, FINANCIAMENTO E INVESTIMENTOS;36947229;COBUCCIO SCFI - PRUDENCIAL;;00085173;N1;Instituição não bancária de crédito;Não bancário;2;Privado nacional;14;MONTE BELO;MG;2024-12-31;161913;488;153785;132030;8128;386;3;0
COOPERATIVA DE CRÉDITO DE LIVRE ADMISSÃO DE ASSOCIADOS DE JARAGUÁ DO SUL E REGIÃO - SICOOB CEJASCRED;12384953;;;;B3S;Cooperativa de crédito singular;Cooperativas;2;Privado nacional;9;JARAGUA DO SUL;SC;2024-12-31;160214;66032;131802;128720;28411;3232;0;4
COOPERATIVA DE CRÉDITO DE LIVRE ADMISSÃO DFMIL LTDA. - SICOOB DFMIL;4649337;;;;B3S;Cooperativa de crédito singular;Cooperativas;2;Privado nacional;9;BRASILIA;DF;2024-12-31;159831;88748;132188;128365;27643;928;0;0
BANRISUL S/A - CORRETORA DE VALORES MOBILIARIOS E CAMBIO;93026847;BANRISUL - PRUDENCIAL;00030173;00080154;N2;Instituição não bancária do mercado de capitais;Não bancário;1;Público;15;PORTO ALEGRE;RS;2024-12-31;159270;0;20389;2088;138881;13131;2;0
COOPERATIVA DE CRÉDITO E ECONOMIA COM INTERAÇÃO SOLIDÁRIA - CRESOL XANXERÊ;7509426;;;;B3S;Cooperativa de crédito singular;Cooperativas;2;Privado nacional;9;XANXERE;SC;2024-12-31;157269;115959;138612;82420;18657;2177;0;5
GPATIVA - COOPERATIVA DE ECONOMIA E CRÉDITO MÚTUO DOS EMPREGADOS DO GRUPO PÃO DE AÇÚCAR;46277273;;;;B3S;Cooperativa de crédito singular;Cooperativas;2;Privado nacional;9;SAO PAULO;SP;2024-12-31;155526;67502;46812;0;108713;9413;0;0
COOPERATIVA DE CRÉDITO DE RIO RUFINO - SICOOB CREDIUNIÃO;2448839;;;;B3S;Cooperativa de crédito singular;Cooperativas;2;Privado nacional;9;RIO RUFINO;SC;2024-12-31;154392;109871;131641;98478;22751;1525;0;3
TULLETT PREBON BRASIL CORRETORA DE VALORES E CÂMBIO LTDA;61747085;TULLETT PREBON BRASIL S.A. CTVM - PRUDENCIAL;00052027;00082619;N2;Instituição não bancária do mercado de capitais;Não bancário;3;Controle estrangeiro;15;SAO PAULO;SP;2024-12-31;152142;0;66584;619;85558;790;4;0
COOPERATIVA DE CREDITO E ECONOMIA COM INTERAÇÃO SOLIDARIA - CRESOL LITORAL;5410056;;;;B3S;Cooperativa de crédito singular;Cooperativas;2;Privado nacional;9;JAGUARUNA;SC;2024-12-31;151958;119692;136683;94133;15274;1173;0;6
COOPERATIVA DE CRÉDITO DE LIVRE ADMISSÃO DO OESTE MARANHENSE - SICOOB OESTE MARANHENSE;9424988;;;;B3S;Cooperativa de crédito singular;Cooperativas;2;Privado nacional;9;ACAILANDIA;MA;2024-12-31;150558;80642;118905;105161;31653;4400;0;11
COOPERATIVA DE ECONOMIA E CRÉDITO MÚTUO DOS EMPREGADOS DA JOHNSON & JOHNSON;45691128;;;;B3S;Cooperativa de crédito singular;Cooperativas;2;Privado nacional;9;SAO JOSE DOS CAMPOS;SP;2024-12-31;150055;96979;10756;0;139300;7391;0;0
COOPERATIVA DE CRÉDITO DE LIVRE ADMISSÃO SICOOB UNIÃO SUDESTE;7946216;;;;B3S;Cooperativa de crédito singular;Cooperativas;2;Privado nacional;9;SANTO ANDRE;SP;2024-12-31;149671;71688;138013;136762;11658;-4483;0;7
OSLO CAPITAL DISTRIBUIDORA DE TÍTULOS E VALORES MOBILIÁRIOS S.A;13673855;OSLO CAPITAL DTVM S.A. - PRUDENCIAL;;00084253;N2;Instituição não bancária do mercado de capitais;Não bancário;2;Privado nacional;16;SAO PAULO;SP;2024-12-31;148294;0;135549;124611;12744;-934;2;0
COOPERATIVA DE CRÉDITO RURAL DOS FORNECEDORES DE CANA DA REGIÃO DE CATANDUVA-COFOCRED;49654502;;;;B3S;Cooperativa de crédito singular;Cooperativas;2;Privado nacional;9;CATANDUVA;SP;2024-12-31;147866;50700;11305;0;136561;11220;0;0
COOPERATIVA DE CRÉDITO SICOOB IPÊ - SICOOB IPÊ;24610065;;;;B3S;Cooperativa de crédito singular;Cooperativas;2;Privado nacional;9;CAMPO GRANDE;MS;2024-12-31;146480;113391;126481;122243;19999;1623;0;2
COOPERATIVA DE ECONOMIA E CRÉDITO MÚTUO DOS TRABALHADORES DO GRUPO SÃO MARTINHO   USICRED;2562412;;;;B3S;Cooperativa de crédito singular;Cooperativas;2;Privado nacional;9;PRADOPOLIS;SP;2024-12-31;144673;111053;6985;2213;137688;9403;0;0
COOPERATIVA DE ECONOMIA E CRÉDITO MÚTUO DOS MILITARES ESTADUAIS DE SANTA CATARINA - CREDPOM;4572960;;;;B3S;Cooperativa de crédito singular;Cooperativas;2;Privado nacional;9;FLORIANOPOLIS;SC;2024-12-31;144603;71601;130248;127918;14355;584;0;6
COOPERATIVA DE CRÉDITO CREDINOSSO LTDA - SICOOB CREDINOSSO;6324872;;;;B3S;Cooperativa de crédito singular;Cooperativas;2;Privado nacional;9;MONTES CLAROS;MG;2024-12-31;143435;68633;127818;124681;15617;838;0;3
PAGCERTO INSTITUICAO DE PAGAMENTO LTDA.;17819084;PAGCERTO IP - PRUDENCIAL;;00087724;N4;Instituição de pagamento;Não bancário;3;Controle estrangeiro;41;ARACAJU;SE;2024-12-31;143041;0;131195;130170;11846;-578;1;0
COOPERATIVA DE CRÉDITO DE LIVRE ADMISSÃO DO CIRCUITO DAS ÁGUAS - SICOOB CIRCUITO DAS ÁGUAS;3941182;;;;B3S;Cooperativa de crédito singular;Cooperativas;2;Privado nacional;9;AGUAS DE LINDOIA;SP;2024-12-31;140227;61583;125801;119802;14426;841;0;5
COOPERATIVA DE CRÉDITO, POUPANÇA E INVESTIMENTO DOS MILITARES ESTADUAIS E SERVIDORES DA SEGURANÇA DO ESTADO DO RIO GRANDE DO SUL - SICREDI TRADIÇÃO RS;3212823;;;;B3S;Cooperativa de crédito singular;Cooperativas;2;Privado nacional;9;PORTO ALEGRE;RS;2024-12-31;138827;67271;120370;108184;18457;750;0;3
COTACAO DISTRIBUIDORA DE TITULOS E VALORES MOBILIARIOS S.A;17354911;RENDIMENTO - PRUDENCIAL;00051468;00080659;N2;Instituição não bancária do mercado de capitais;Não bancário;2;Privado nacional;16;SAO PAULO;SP;2024-12-31;138162;0;99816;0;38346;7323;5;0
COOPERATIVA DE CRÉDITO CREDIMAC LTDA - SICOOB CREDIMAC;64480833;;;;B3S;Cooperativa de crédito singular;Cooperativas;2;Privado nacional;9;MARTINHO CAMPOS;MG;2024-12-31;138087;72909;109607;96737;28480;2139;0;1
COOPERATIVA DE ECONOMIA E CRÉDITO MÚTUO SICOOB METALCRED;4833655;;;;B3S;Cooperativa de crédito singular;Cooperativas;2;Privado nacional;9;SAO PAULO;SP;2024-12-31;138016;89785;94122;89707;43894;1111;0;6
COOPERATIVA DE CRÉDITO E INVESTIMENTOS DE RONDÔNIA - SICOOB CREDJURD;4751713;;;;B3S;Cooperativa de crédito singular;Cooperativas;2;Privado nacional;9;PORTO VELHO;RO;2024-12-31;137058;88975;98083;94463;38975;4643;0;4
ACQIO ADQUIRENCIA INSTITUICAO DE PAGAMENTO S.A.;33171211;ACQIO ADQUIRENCIA IP - PRUDENCIAL;;00086653;N4;Instituição de pagamento;Não bancário;3;Controle estrangeiro;41;SAO PAULO;SP;2024-12-31;135755;0;126326;80673;9429;-8161;1;0
COOPERATIVA DE CRÉDITO DE LIVRE ADMISSÃO DO ESTADO DO PARÁ - SICOOB COOESA;83836114;;;;B3S;Cooperativa de crédito singular;Cooperativas;2;Privado nacional;9;BELEM;PA;2024-12-31;135690;85664;113521;109485;22169;1703;0;4
SCOTIABANK BRASIL S.A. CORRETORA DE TÍTULOS E VALORES MOBILIÁRIOS;39696805;SCOTIABANK BRASIL - PRUDENCIAL;00052230;00081452;N2;Instituição não bancária do mercado de capitais;Não bancário;3;Controle estrangeiro;15;SAO PAULO;SP;2024-12-31;135681;0;70210;0;65471;-94;2;0
HAITONG SECURITIES DO BRASIL CORRETORA DE CÂMBIO E VALORES MOBILIÁRIOS S.A.;33894445;HAITONG - PRUDENCIAL;00051482;00080666;N2;Instituição não bancária do mercado de capitais;Não bancário;3;Controle estrangeiro;15;SAO PAULO;SP;2024-12-31;135260;0;21114;0;114146;7581;2;0
MAF DISTRIBUIDORA DE TÍTULOS E VALORES MOBILIÁRIOS S.A.;36864992;MAF-BRL TRUST - PRUDENCIAL;00052560;00084277;N2;Instituição não bancária do mercado de capitais;Não bancário;2;Privado nacional;16;SAO PAULO;SP;2024-12-31;134912;0;73902;63351;61009;33;3;0
ROADCARD INSTITUICAO DE PAGAMENTO INTEGRADO DA LOGISTICA S.A.;12815827;ROADCARD IP - PRUDENCIAL;;00087906;N4;Instituição de pagamento;Não bancário;2;Privado nacional;41;BARUERI;SP;2024-12-31;134698;0;102657;79917;32041;8435;1;0
CARTOS SOCIEDADE DE CRÉDITO DIRETO S.A.;21332862;CARTOS SCD - PRUDENCIAL;;00084442;N1;Instituição não bancária de crédito;Não bancário;2;Privado nacional;43;SAO PAULO;SP;2024-12-31;134251;663;129652;119800;4598;731;2;0
GREENCRED - COOPERATIVA DE CREDITO;2347114;;;;B3S;Cooperativa de crédito singular;Cooperativas;2;Privado nacional;9;CURITIBA;PR;2024-12-31;133742;50572;105176;99735;28566;1224;0;2
CONFIDENCE CORRETORA DE CÂMBIO S.A.;4913129;BANCO TRAVELEX - PRUDENCIAL;00051671;00080783;N2;Instituição não bancária do mercado de capitais;Não bancário;3;Controle estrangeiro;21;SAO PAULO;SP;2024-12-31;133076;0;32425;0;100651;4580;18;0
COOPERATIVA DE CRÉDITO DE LIVRE ADMISSÃO DE ASSOCIADOS DE DORES DO INDAIÁ LTDA - SICOOB COOPCREDI;2254376;;;;B3S;Cooperativa de crédito singular;Cooperativas;2;Privado nacional;9;DORES DO INDAIA;MG;2024-12-31;132413;47061;112287;110231;20126;2509;0;1
COOPERATIVA DE CRÉDITO DOS EMPREGADOS DO GRUPO VALLOUREC NO BRASIL - COOVALL LTDA.;64293582;;;;B3S;Cooperativa de crédito singular;Cooperativas;2;Privado nacional;9;BELO HORIZONTE;MG;2024-12-31;129807;116393;13000;0;116807;6598;0;1
CREDISIS CREDIBRÁS COOPERATIVA DE CRÉDITO E INVESTIMENTO DE LIVRE ADMISSÃO DO OESTE DE RONDÔNIA;5597773;;;;B3S;Cooperativa de crédito singular;Cooperativas;2;Privado nacional;9;NOVA BRASILANDIA;RO;2024-12-31;129417;95452;96589;82955;32828;3374;0;3
COOPERATIVA DE CRÉDITO, POUPANÇA E INVESTIMENTO DOS PROFESSORES, FUNCIONÁRIOS E ALUNOS DA UNIVERSIDADE DE CAXIAS DO SUL - SICREDI EDUCAÇÃO RS;4525997;;;;B3S;Cooperativa de crédito singular;Cooperativas;2;Privado nacional;9;CAXIAS DO SUL;RS;2024-12-31;127263;92203;107706;96180;19557;2507;0;1
STONEX BANCO DE CÂMBIO S.A.;28811341;STONEX DTVM - PRUDENCIAL;00052041;00084088;B2;Banco múltiplo sem carteira comercial, banco de câmbio ou investimento;Bancário;3;Controle estrangeiro;39;SAO PAULO;SP;2024-12-31;125574;0;47511;0;78062;19413;2;0
LECCA CRÉDITO, FINANCIAMENTO E INVESTIMENTO S/A;7652226;LECCA - PRUDENCIAL;;00080680;N1;Instituição não bancária de crédito;Não bancário;2;Privado nacional;14;RIO DE JANEIRO;RJ;2024-12-31;125554;68233;106720;98001;18835;-471;2;0
COOPERATIVA DE CRÉDITO MÚTUO DOS EMPREGADOS DA MAXION - CREDMAXION;58290800;;;;B3S;Cooperativa de crédito singular;Cooperativas;2;Privado nacional;9;CRUZEIRO;SP;2024-12-31;125342;92376;2679;0;122663;7040;0;1
BANCO RNX S.A.;80271455;BANCO RNX S.A. - PRUDENCIAL;;00081775;B2;Banco múltiplo sem carteira comercial, banco de câmbio ou investimento;Bancário;2;Privado nacional;8;CURITIBA;PR;2024-12-31;123225;96035;102442;94315;20783;585;2;0
RENDIMENTOPAY INSTITUIÇÃO DE PAGAMENTO S.A.;13776742;RENDIMENTO - PRUDENCIAL;;00080659;N4;Instituição de pagamento;Não bancário;2;Privado nacional;41;SAO PAULO;SP;2024-12-31;122483;11422;109865;68988;12618;2661;1;0
SEFER INVESTIMENTOS DISTRIBUIDORA DE TÍTULOS E VALORES MOBILIÁRIOS LTDA;329598;SEFER INVESTIMENTOS DTVM - PRUDENCIAL;;00083924;N2;Instituição não bancária do mercado de capitais;Não bancário;3;Controle estrangeiro;16;SAO PAULO;SP;2024-12-31;120948;0;112881;49617;8067;-7020;2;0
COOPERATIVA DE ECONOMIA E CRÉDITO MÚTUO DE LIVRE ADMISSÃO DOS SERVIDORES DA UNIVERSIDADE FEDERAL DE VIÇOSA LTDA. - SICOOB UFVCREDI;2794761;;;;B3S;Cooperativa de crédito singular;Cooperativas;2;Privado nacional;9;VICOSA;MG;2024-12-31;120919;55396;84483;82325;36436;2159;0;2
FINSOL SOCIEDADE DE CRÉDITO AO MICROEMPREENDEDOR E À EMPRESA DE PEQUENO PORTE S.A.;18810553;OMNI - PRUDENCIAL;00050940;00080460;N1;Instituição não bancária de crédito;Não bancário;2;Privado nacional;10;SAO PAULO;SP;2024-12-31;120446;118379;86859;81163;33587;2596;2;0
GOOGLE PAY BRASIL INSTITUICAO DE PAGAMENTO LTDA.;43394419;GOOGLE PAY BRASIL IP - PRUDENCIAL;;00086684;N4;Instituição de pagamento;Não bancário;3;Controle estrangeiro;41;SAO PAULO;SP;2024-12-31;120100;0;6613;0;113487;3730;1;0
COOPERATIVA DE CRÉDITO SICOOB CREDCOOP LTDA.;2528151;;;;B3S;Cooperativa de crédito singular;Cooperativas;2;Privado nacional;9;VITORIA DA CONQUISTA;BA;2024-12-31;120049;86135;89199;86875;30850;1772;0;4
COOPERATIVA DE CRÉDITO MÚTUO DOS CORRETORES DE SEGUROS DO ESTADO DE SÃO PAULO - SICOOB CREDICOR/SP;8030602;;;;B3S;Cooperativa de crédito singular;Cooperativas;2;Privado nacional;9;SAO PAULO;SP;2024-12-31;119429;7455;104747;103516;14681;1987;0;0
PICPAY INVEST DISTRIBUIDORA DE TÍTULOS E VALORES MOBILIÁRIOS LTDA;7138049;PICPAY - PRUDENCIAL;00052632;00088022;N2;Instituição não bancária do mercado de capitais;Não bancário;2;Privado nacional;16;SAO PAULO;SP;2024-12-31;119350;0;54948;33388;64402;-6062;2;0
AGÊNCIA DE FOMENTO E DESENVOLVIMENTO DO ESTADO DO PIAUÍ S.A.;11836226;PIAUÍ FOMENTO - PRUDENCIAL;;00081160;N1;Instituição não bancária de crédito;Não bancário;1;Público;30;TERESINA;PI;2024-12-31;118846;82748;41767;39329;77079;184;1;0
COOPERATIVA DE CRÉDITO DE LIVRE ADMISSÃO DE RORAIMA LTDA.;2137018;;;;B3S;Cooperativa de crédito singular;Cooperativas;2;Privado nacional;9;BOA VISTA;RR;2024-12-31;118085;71882;93860;73331;24225;1303;0;5
COOPERATIVA DE CRÉDITO MÚTUO DO CEARÁ - SICOOB CEARÁ;3620772;;;;B3S;Cooperativa de crédito singular;Cooperativas;2;Privado nacional;9;FORTALEZA;CE;2024-12-31;118073;83801;100441;97052;17632;1964;0;2
COOPERATIVA DE CRÉDITO RURAL - CREDICANA;44373041;;;;B3S;Cooperativa de crédito singular;Cooperativas;2;Privado nacional;9;ASSIS;SP;2024-12-31;116562;36091;96745;93818;19816;1385;0;1
MICROINVEST S.A. SOCIEDADE DE CRÉDITO A MICROEMPREENDEDOR;5076239;ITAU - PRUDENCIAL;00010069;00080099;N1;Instituição não bancária de crédito;Não bancário;2;Privado nacional;10;SAO PAULO;SP;2024-12-31;116402;0;2375;0;114027;3173;2;0
CENTROCRED S.A. CRÉDITO, FINANCIAMENTO E INVESTIMENTOS;26225776;CENTROCRED CFI - PRUDENCIAL;;00084727;N1;Instituição não bancária de crédito;Não bancário;2;Privado nacional;14;SANTA CRUZ DO SUL;RS;2024-12-31;115881;112294;74872;69980;41009;7273;2;0
COOPERATIVA DE ECONOMIA E CRÉDITO MÚTUO DOS EMPREGADOS DO GRUPO FEMSA BRASIL;43488782;;;;B3S;Cooperativa de crédito singular;Cooperativas;2;Privado nacional;9;SAO PAULO;SP;2024-12-31;115727;81348;6761;0;108966;9971;0;0
CM CAPITAL MARKETS CORRETORA DE CÂMBIO, TÍTULOS E VALORES MOBILIÁRIOS LTDA;2685483;CM CAPITAL MARKETS - PRUDENCIAL;;00080549;N2;Instituição não bancária do mercado de capitais;Não bancário;3;Controle estrangeiro;15;SAO PAULO;SP;2024-12-31;115566;0;97480;49793;18086;-11709;2;0
CREDITÁ S/A CRÉDITO, FINANCIAMENTO E INVESTIMENTO;12599971;CREDITÁ S.A. CFI - PRUDENCIAL;;00083687;N1;Instituição não bancária de crédito;Não bancário;2;Privado nacional;14;PORTO ALEGRE;RS;2024-12-31;115295;81139;64126;60512;51170;-6768;2;0
COOPERATIVA DE CRÉDITO NO PIAUÍ - SICOOB PIAUÍ;5477038;;;;B3S;Cooperativa de crédito singular;Cooperativas;2;Privado nacional;9;TERESINA;PI;2024-12-31;115246;57500;95507;90595;19739;331;0;4
TRANSFEERA INSTITUIÇÃO DE PAGAMENTO S.A;27084098;TRANSFEERA IP - PRUDENCIAL;;00087353;N4;Instituição de pagamento;Não bancário;2;Privado nacional;41;CURITIBA;PR;2024-12-31;115083;0;109869;103600;5215;-1244;1;0
GALAX PAY INSTITUIÇÃO DE PAGAMENTO S.A.;30765018;CELCOIN IP - PRUDENCIAL;;00085960;N4;Instituição de pagamento;Não bancário;2;Privado nacional;41;BARUERI;SP;2024-12-31;114993;0;102193;506;12800;3064;1;0
FLAGSHIP INSTITUICAO DE PAGAMENTOS LTDA;23114447;FLAGSHIP IP - PRUDENCIAL;;00086282;N4;Instituição de pagamento;Não bancário;2;Privado nacional;41;SAO PAULO;SP;2024-12-31;113842;0;96491;92822;17352;1803;1;0
COOPERATIVA DE CREDITO E ECONOMIA COM INTERAÇÃO SOLIDÁRIA - CRESOL TREZE DE MAIO;9330158;;;;B3S;Cooperativa de crédito singular;Cooperativas;2;Privado nacional;9;TREZE DE MAIO;SC;2024-12-31;112828;73063;102389;73539;10439;1612;0;3
COOPERATIVA DE CREDITO E ECONOMIA COM INTERAÇÃO SOLIDÁRIA - CRESOL JACINTO MACHADO;9463721;;;;B3S;Cooperativa de crédito singular;Cooperativas;2;Privado nacional;9;JACINTO MACHADO;SC;2024-12-31;112511;64777;100241;68550;12270;884;0;3
BANCO DE LA NACION ARGENTINA;33042151;BCO LA NACION ARGENTINA - PRUDENCIAL;;00081270;B1;Banco comercial/múltiplo com carteira comercial ou caixa econômica;Bancário;3;Controle estrangeiro;28;SAO PAULO;SP;2024-12-31;112490;56132;74681;69722;37809;-2239;2;0
SRM BANK INSTITUIÇÃO DE PAGAMENTO S/A;22575466;SRM BANK IP - PRUDENCIAL;;00086024;N4;Instituição de pagamento;Não bancário;2;Privado nacional;41;SAO PAULO;SP;2024-12-31;112467;0;104960;101225;7507;1428;1;0
BELLUNO INSTITUICAO DE PAGAMENTO LTDA;25238191;BELLUNO IP - PRUDENCIAL;;00086983;N4;Instituição de pagamento;Não bancário;2;Privado nacional;41;JARAGUA DO SUL;SC;2024-12-31;112334;0;108455;11763;3879;-424;1;0
GETNET SOCIEDADE DE CREDITO DIRETO S.A.;42054886;SANTANDER - PRUDENCIAL;00030379;00080185;N1;Instituição não bancária de crédito;Não bancário;3;Controle estrangeiro;43;SAO PAULO;SP;2024-12-31;111794;147;4582;0;107212;53923;2;0
NOVA FUTURA CORRETORA DE TÍTULOS E VALORES MOBILIÁRIOS LTDA.;4257795;NOVA FUTURA CTVM LTDA - PRUDENCIAL;;00083759;N2;Instituição não bancária do mercado de capitais;Não bancário;2;Privado nacional;15;SAO PAULO;SP;2024-12-31;110566;0;77400;50016;33166;-759;4;0
SERVNET INSTITUIÇÃO DE PAGAMENTO LTDA.;29759316;SERVNET IP - PRUDENCIAL;;00086701;N4;Instituição de pagamento;Não bancário;2;Privado nacional;41;UBERLANDIA;MG;2024-12-31;110337;15541;99827;8382;10510;-412;1;0
AGIBANK FINANCEIRA S.A. - CRÉDITO, FINANCIAMENTO E INVESTIMENTO;13660104;AGIBANK - PRUDENCIAL;00051956;00083694;N1;Instituição não bancária de crédito;Não bancário;2;Privado nacional;14;CAMPINAS;SP;2024-12-31;109880;0;73900;0;35980;4034;2;0
COOPERATIVA DE CRÉDITO DE LIVRE ADMISSÃO - SICOOB COPESITA;19875244;;;;B3S;Cooperativa de crédito singular;Cooperativas;2;Privado nacional;9;TIMOTEO;MG;2024-12-31;109710;61110;76320;72416;33390;2106;0;3
COOPERATIVA DE ECONOMIA E CRÉDITO MÚTUO DOS SERVIDORES DA JUSTIÇA DO ESTADO DE MINAS GERAIS LTDA. - SICOOB CREDJUS;4894460;;;;B3S;Cooperativa de crédito singular;Cooperativas;2;Privado nacional;9;BELO HORIZONTE;MG;2024-12-31;109346;43450;58552;53203;50793;2109;0;2
ATRIA S.A.- CRÉDITO, FINANCIAMENTO E INVESTIMENTO;5956581;ATRIA S.A. - CFI - PRUDENCIAL;;00083508;N1;Instituição não bancária de crédito;Não bancário;2;Privado nacional;14;ARAUCARIA;PR;2024-12-31;109255;26556;17765;0;91489;6288;2;0
REVOLUT SOCIEDADE DE CRÉDITO DIRETO S.A.;51342763;REVOLUT SCD - PRUDENCIAL;;00087054;N1;Instituição não bancária de crédito;Não bancário;3;Controle estrangeiro;43;SAO PAULO;SP;2024-12-31;107774;1;17147;8062;90627;-15236;2;0
COOPERATIVA DE ECONOMIA E CRÉDITO MÚTUO DOS SERVIDORES PÚBLICOS - SICOOB COOPERPLAN CREDSEF;3603683;;;;B3S;Cooperativa de crédito singular;Cooperativas;2;Privado nacional;9;BRASILIA;DF;2024-12-31;107622;76537;78657;74248;28965;3166;0;1
COOPERATIVA DE CRÉDITO DE LIVRE ADMISSÃO DE VITÓRIA DA CONQUISTA;2833202;;;;B3S;Cooperativa de crédito singular;Cooperativas;2;Privado nacional;9;VITORIA DA CONQUISTA;BA;2024-12-31;107552;73104;88377;72670;19175;960;0;3
COOPERATIVA DE CRÉDITO COGEM;44401800;;;;B3S;Cooperativa de crédito singular;Cooperativas;2;Privado nacional;9;SAO BERNARDO DO CAMPO;SP;2024-12-31;106668;80241;17497;2636;89170;5481;0;9
FIDÚCIA SOCIEDADE DE CRÉDITO AO MICROEMPREENDEDOR E À EMPRESA DE PEQUENO PORTE LIMITADA.;4307598;FIDUCIA SCMEPP LTDA - PRUDENCIAL;;00083010;N1;Instituição não bancária de crédito;Não bancário;2;Privado nacional;10;SOROCABA;SP;2024-12-31;106124;2307;97506;93595;8618;1194;2;0
FAIR CORRETORA DE CAMBIO S.A.;32648370;FAIR CC S.A. - PRUDENCIAL;;00081919;N2;Instituição não bancária do mercado de capitais;Não bancário;2;Privado nacional;21;SAO PAULO;SP;2024-12-31;106087;0;70260;0;35827;771;3;0
COOPERATIVA DE CRÉDITO RURAL E ECONOMIA COM INTERAÇÃO SOLIDÁRIA DE ÁUREA - CRESOL ÁUREA;2904138;;;;B3S;Cooperativa de crédito singular;Cooperativas;2;Privado nacional;9;AUREA;RS;2024-12-31;105820;84811;92787;47285;13033;1215;0;4
ÓRAMA DISTRIBUIDORA DE TÍTULOS E VALORES MOBILIÁRIOS S.A.;13293225;BTG PACTUAL - PRUDENCIAL;00049944;00080336;N2;Instituição não bancária do mercado de capitais;Não bancário;2;Privado nacional;16;RIO DE JANEIRO;RJ;2024-12-31;105689;0;3791;504;101899;-17333;2;0
WESTERN ASSET MANAGEMENT COMPANY DISTRIBUIDORA DE TÍTULOS E VALORES MOBILIÁRIOS LIMITADA;7437241;WESTERN ASSET DTVM LTDA. - PRUDENCIAL;;00083900;N2;Instituição não bancária do mercado de capitais;Não bancário;3;Controle estrangeiro;16;SAO PAULO;SP;2024-12-31;103445;0;19139;0;84306;-5263;2;0
COOPERATIVA DE CRÉDITO, POUPANÇA E INVESTIMENTO DOS POLICIAIS FEDERAIS DO RIO GRANDE DO SUL E SANTA CATARINA - SICREDI POL RS/SC;3000142;;;;B3S;Cooperativa de crédito singular;Cooperativas;2;Privado nacional;9;PORTO ALEGRE;RS;2024-12-31;102216;57655;94924;81824;7292;-267;0;2
COOPERATIVA DE ECONOMIA E CRÉDITO DE LIVRE ADMISSÃO DOS EMPREGADOS DOS CORREIOS LTDA. - SICOOB COOPERCORREIOS;3862898;;;;B3S;Cooperativa de crédito singular;Cooperativas;2;Privado nacional;9;BELO HORIZONTE;MG;2024-12-31;101809;59156;65222;62265;36587;1218;0;2
COOPERATIVA DE CRÉDITO MÚTUO DOS DESPACHANTES DE TRÂNSITO DE SANTA CATARINA E RIO GRANDE DO SUL - SICOOB CREDITRAN;4715685;;;;B3S;Cooperativa de crédito singular;Cooperativas;2;Privado nacional;9;FLORIANOPOLIS;SC;2024-12-31;101383;37548;71800;59865;29582;4148;0;2
COOPERATIVA DE CRÉDITO MÚTUO DOS PROFISSIONAIS DA SAÚDE E LIVRE ADMISSÃO DE TEÓFILO OTONI LTDA. - UNICRED TRÊS VALES;1709266;;;;B3S;Cooperativa de crédito singular;Cooperativas;2;Privado nacional;9;TEOFILO OTONI;MG;2024-12-31;100852;57399;86668;77035;14185;1042;0;0
COOPERATIVA DE CRÉDITO, POUPANÇA E INVESTIMENTO DO SISTEMA DE JUSTIÇA NO ESTADO DO CEARÁ - SICREDI COOPERJURIS;8041950;;;;B3S;Cooperativa de crédito singular;Cooperativas;2;Privado nacional;9;FORTALEZA;CE;2024-12-31;100416;51762;88829;82316;11587;469;0;2
BRL TRUST DISTRIBUIDORA DE TÍTULOS E VALORES MOBILIÁRIOS S.A.;13486793;MAF-BRL TRUST - PRUDENCIAL;00052560;00084277;N2;Instituição não bancária do mercado de capitais;Não bancário;2;Privado nacional;16;SAO PAULO;SP;2024-12-31;100308;0;80932;54214;19376;8015;1;0
COOPERATIVA DE CRÉDITO, POUPANÇA E INVESTIMENTO DOS PROFISSIONAIS MÉDICOS E DA SAÚDE DE CURITIBA E REGIÃO METROPOLITANA - SICREDI MEDICRED PR;2924977;;;;B3S;Cooperativa de crédito singular;Cooperativas;2;Privado nacional;9;CURITIBA;PR;2024-12-31;99911;41970;85997;74021;13914;666;0;2
COOPERATIVA DE CRÉDITO MÚTUO DE LIVRE ADMISSÃO DA REGIÃO ADMINISTRATIVA DE SOROCABA - SICOOB COOPERASO;10175348;;;;B3S;Cooperativa de crédito singular;Cooperativas;2;Privado nacional;9;SOROCABA;SP;2024-12-31;99765;42671;83547;79672;16219;1331;0;4
COOPERATIVA DE CRÉDITO E ECONOMIA COM INTERAÇÃO SOLIDÁRIA - CRESOL COOPERACRED;9488496;;;;B3S;Cooperativa de crédito singular;Cooperativas;2;Privado nacional;9;SAO JOAO DO SUL;SC;2024-12-31;99507;74784;88758;56839;10749;629;0;4
JBCRED S.A. SOCIEDADE DE CREDITO, FINANCIAMENTO E INVESTIMENTO;4230630;JBCRED S.A. SCFI - PRUDENCIAL;;00083137;N1;Instituição não bancária de crédito;Não bancário;2;Privado nacional;14;SAO PAULO;SP;2024-12-31;99484;58408;10847;0;88636;4598;2;0
BBVA BRASIL BANCO DE INVESTIMENTO S.A.;45283173;BBVA BRASIL BI S.A. - PRUDENCIAL;;00081366;B2;Banco múltiplo sem carteira comercial, banco de câmbio ou investimento;Bancário;3;Controle estrangeiro;13;SAO PAULO;SP;2024-12-31;98727;0;26059;0;72668;-37153;2;0
GALAPAGOS CAPITAL DISTRIBUIDORA DE TÍTULOS E VALORES MOBILIÁRIOS S.A.;28650236;GALAPAGOS CAPITAL DTVM - PRUDENCIAL;;00087092;N2;Instituição não bancária do mercado de capitais;Não bancário;2;Privado nacional;16;SAO PAULO;SP;2024-12-31;95663;0;67310;63898;28353;-1750;2;0
COOPERATIVA DE ECONOMIA E CRÉDITO MÚTUO DOS MAGISTRADOS DE SÃO PAULO - MAGISCRED;51489318;;;;B3S;Cooperativa de crédito singular;Cooperativas;2;Privado nacional;9;SAO PAULO;SP;2024-12-31;95647;25528;77961;76791;17686;833;0;0
AGENCIA DE FOMENTO DO RIO GRANDE DO NORTE S.A.;3848103;AGENCIA DE FOMENTO DO RN S.A. - PRUDENCIAL;;00081043;N1;Instituição não bancária de crédito;Não bancário;1;Público;30;NATAL;RN;2024-12-31;95556;53582;28991;10097;66565;1943;2;0
COOPERATIVA DE CRÉDITO, POUPANÇA E INVESTIMENTO DOS ESCRIVÃES, NOTÁRIOS E REGISTRADORES NO ESTADO DO PARANÁ - SICREDI CREDENOREG PR;6078926;;;;B3S;Cooperativa de crédito singular;Cooperativas;2;Privado nacional;9;CURITIBA;PR;2024-12-31;95230;29058;75928;67357;19302;2981;0;1
COOPERATIVA DE CRÉDITO DE SÃO FRANCISCO DE SALES LTDA. - SICOOB CREDISALES;1374196;;;;B3S;Cooperativa de crédito singular;Cooperativas;2;Privado nacional;9;SAO FRANCISCO DE SALES;MG;2024-12-31;94505;47708;73293;47736;21212;1197;0;0
EAGLE INSTITUICAO DE PAGAMENTO LTDA.;11414839;EAGLE SCD - PRUDENCIAL;;00086172;N4;Instituição de pagamento;Não bancário;2;Privado nacional;41;PORTO ALEGRE;RS;2024-12-31;94016;0;8094;0;85922;59509;1;0
ADVANCED CORRETORA DE CÂMBIO LTDA;92856905;ADVANCED CC LTDA - PRUDENCIAL;;00082004;N2;Instituição não bancária do mercado de capitais;Não bancário;2;Privado nacional;21;SAO PAULO;SP;2024-12-31;93146;0;76208;0;16939;6072;2;0
SICOOB CRED COPERCANA COOPERATIVA DE CRÉDITO;64739121;;;;B3S;Cooperativa de crédito singular;Cooperativas;2;Privado nacional;9;SERTAOZINHO;SP;2024-12-31;92308;34955;54466;52270;37842;2281;0;1
COOPERATIVA DE CRÉDITO DE LIVRE ADMISSÃO SUL MARANHENSE - SICOOB SUL MARANHENSE;26526166;;;;B3S;Cooperativa de crédito singular;Cooperativas;2;Privado nacional;9;BALSAS;MA;2024-12-31;92255;68739;67666;64828;24589;2860;0;0
SITA SOCIEDADE CORRETORA DE CAMBIO E VALORES MOBILIARIOS S.A;17315359;SITA SCCVM S.A. - PRUDENCIAL;;00082743;N2;Instituição não bancária do mercado de capitais;Não bancário;2;Privado nacional;15;BELO HORIZONTE;MG;2024-12-31;92177;3055;33876;0;58300;1805;2;0
ALFA CORRETORA DE CAMBIO E VALORES MOBILIARIOS S.A.;62178421;SAFRA - PRUDENCIAL;00010083;00080109;N2;Instituição não bancária do mercado de capitais;Não bancário;2;Privado nacional;15;SAO PAULO;SP;2024-12-31;92060;0;56865;0;35194;5323;2;0
COOPERATIVA DE ECONOMIA E CRÉDITO MÚTUO DOS FUNCIONÁRIOS DA NESTLÉ - CREDI NESTLÉ;62562012;;;;B3S;Cooperativa de crédito singular;Cooperativas;2;Privado nacional;9;SAO PAULO;SP;2024-12-31;92048;41212;2391;0;89658;3704;0;1
ZERO INSTITUIÇÃO DE PAGAMENTO S.A.;26264220;ZERO IP - PRUDENCIAL;;00087896;N4;Instituição de pagamento;Não bancário;2;Privado nacional;41;RECIFE;PE;2024-12-31;91830;0;44584;33503;47246;20980;1;0
PARATI - CREDITO, FINANCIAMENTO E INVESTIMENTO S.A.;3311443;AME DIGITAL BRASIL IP - PRUDENCIAL;;00086488;N1;Instituição não bancária de crédito;Não bancário;2;Privado nacional;14;SAO PAULO;SP;2024-12-31;91232;35223;76708;35941;14524;2069;2;0
SUPERDIGITAL INSTITUIÇÃO DE PAGAMENTO S.A.;9554480;SANTANDER - PRUDENCIAL;;00080185;N4;Instituição de pagamento;Não bancário;3;Controle estrangeiro;41;SAO PAULO;SP;2024-12-31;91223;0;69036;62;22186;-297061;1;0
NVIO BRASIL BITSO INSTITUIÇÃO DE PAGAMENTO LTDA;35136120;NVIO BRASIL BITSO IP - PRUDENCIAL;;00086945;N4;Instituição de pagamento;Não bancário;3;Controle estrangeiro;41;OSASCO;SP;2024-12-31;89364;0;57066;29428;32298;504;1;0
SICOOB UNISP - COOPERATIVA DE CRÉDITO;74220948;;;;B3S;Cooperativa de crédito singular;Cooperativas;2;Privado nacional;9;PRESIDENTE PRUDENTE;SP;2024-12-31;87702;13504;76730;74909;10972;574;0;3
COOPERATIVA DE ECONOMIA E CRÉDITO MÚTUO - COOPERSERV;5667301;;;;B3S;Cooperativa de crédito singular;Cooperativas;2;Privado nacional;9;LENCOIS PAULISTA;SP;2024-12-31;86825;47322;64540;61498;22285;1593;0;2
SF3 CRÉDITO, FINANCIAMENTO E INVESTIMENTO S.A.;5503849;SANTANA S.A. - CFI - PRUDENCIAL;;00083474;N1;Instituição não bancária de crédito;Não bancário;2;Privado nacional;14;SAO PAULO;SP;2024-12-31;86045;10946;60178;59423;25867;-2043;2;0
COOPERATIVA DE CRÉDITO DOS CONTADORES, ADMINISTRADORES DE EMPRESAS, ECONOMISTAS E CORRETORES DE SEGUROS LTDA. - SICOOB CREDITABIL;2217068;;;;B3S;Cooperativa de crédito singular;Cooperativas;2;Privado nacional;9;BELO HORIZONTE;MG;2024-12-31;85392;5897;74090;72484;11302;639;0;0
COOPERATIVA DE ECONOMIA E CRÉDITO MÚTUO DOS EMPRESÁRIOS DE AMERICANA, LIMEIRA E REGIÃO - SICOOB ACICRED;9579249;;;;B3S;Cooperativa de crédito singular;Cooperativas;2;Privado nacional;9;AMERICANA;SP;2024-12-31;84916;43229;73787;71137;11129;-237;0;7
COOPERATIVA DE CRÉDITO, POUPANÇA E INVESTIMENTO DAS CARREIRAS DO MINISTÉRIO PÚBLICO, TRIBUNAL DE CONTAS E SECRETARIA DA FAZENDA DO RIO GRANDE DO SUL - SICREDI MP RS;3662047;;;;B3S;Cooperativa de crédito singular;Cooperativas;2;Privado nacional;9;PORTO ALEGRE;RS;2024-12-31;84824;29136;76223;70145;8601;462;0;1
COOPERATIVA DE CRÉDITO MÚTUO - SICOOB CREDIACISC;7669921;;;;B3S;Cooperativa de crédito singular;Cooperativas;2;Privado nacional;9;SAO CARLOS;SP;2024-12-31;83952;38351;71441;69732;12511;1441;0;4
COOPERATIVA DE ECONOMIA E CRÉDITO MÚTUO DOS EMPREGADOS DO BANRISUL;92935741;;;;B3S;Cooperativa de crédito singular;Cooperativas;2;Privado nacional;9;PORTO ALEGRE;RS;2024-12-31;83864;60195;41250;34179;42614;2380;0;0
PAGME INSTITUIÇÃO DE PAGAMENTO LTDA.;34471744;PAGME IP - PRUDENCIAL;;00087542;N4;Instituição de pagamento;Não bancário;2;Privado nacional;41;PORTO ALEGRE;RS;2024-12-31;83774;0;88626;86834;-4852;-18899;1;0
BT CORRETORA DE CÂMBIO LTDA.;73622748;BT CC - PRUDENCIAL;;00081995;N2;Instituição não bancária do mercado de capitais;Não bancário;2;Privado nacional;21;SAO PAULO;SP;2024-12-31;83510;0;55932;0;27579;2296;4;0
PLANNER CORRETORA DE VALORES S.A.;806535;PLANNER - PRUDENCIAL;00051341;00080587;N2;Instituição não bancária do mercado de capitais;Não bancário;2;Privado nacional;15;SAO PAULO;SP;2024-12-31;83354;0;73739;47014;9616;-6629;3;0
FORIS GFS BR INSTITUICAO DE PAGAMENTO LTDA;39993186;FORIS GFS BR IP - PRUDENCIAL;;00086725;N4;Instituição de pagamento;Não bancário;3;Controle estrangeiro;41;SAO PAULO;SP;2024-12-31;82975;0;58717;12273;24257;-6084;1;0
FRENTE CORRETORA DE CÂMBIO S.A.;71677850;FRENTE CC - PRUDENCIAL;;00084387;N2;Instituição não bancária do mercado de capitais;Não bancário;2;Privado nacional;21;SAO PAULO;SP;2024-12-31;81543;0;71010;0;10533;-1183;2;0
COOPERATIVA DE CRÉDITO CLÁSSICA DOS EMPREGADOS DA VALE S/A E ENTIDADES VINCULADAS LTDA. - SICOOB COOPVALE;33924028;;;;B3S;Cooperativa de crédito singular;Cooperativas;2;Privado nacional;9;RIO DE JANEIRO;RJ;2024-12-31;81171;57482;69486;66244;11684;-1650;0;6
COOPERATIVA DE CRÉDITO MÚTUO DOS SERVIDORES MUNICIPAIS DE SÃO JOÃO DA BOA VISTA - CREDIVISTA;74248949;;;;B3S;Cooperativa de crédito singular;Cooperativas;2;Privado nacional;9;SAO JOAO DA BOA VISTA;SP;2024-12-31;80761;61913;55363;53532;25397;701;0;1
CREDISIS OESTE - COOPERATIVA DE CRÉDITO E INVESTIMENTO DO OESTE;4985665;;;;B3S;Cooperativa de crédito singular;Cooperativas;2;Privado nacional;9;ESPIGAO D'OESTE;RO;2024-12-31;80241;51100;59283;45088;20958;1234;0;0
BIZ INSTITUIÇÃO PAGAMENTO LTDA;12481100;OMNI - PRUDENCIAL;;00080460;N4;Instituição de pagamento;Não bancário;2;Privado nacional;41;SAO PAULO;SP;2024-12-31;80133;0;77566;67423;2567;50;1;0
COOPERATIVA DE CRÉDITO DE LIVRE ADMISSÃO CENTRO NORDESTE - SICOOB CENTRO NORDESTE;3102185;;;;B3S;Cooperativa de crédito singular;Cooperativas;2;Privado nacional;9;JOAO PESSOA;PB;2024-12-31;79405;52582;59402;56466;20003;782;0;2
COOPERATIVA DE CRÉDITO DOS EMPRESÁRIOS DE MANAUS - SICOOB CREDEMPRESAS-AM;10808037;;;;B3S;Cooperativa de crédito singular;Cooperativas;2;Privado nacional;9;MANAUS;AM;2024-12-31;79342;55539;65199;64320;14143;1879;0;0
AGÊNCIA DE FOMENTO DO ESTADO DE PERNAMBUCO S.A.;13178690;AF ESTADO DE PERNAMBUCO S.A. - PRUDENCIAL;;00081177;N1;Instituição não bancária de crédito;Não bancário;1;Público;30;RECIFE;PE;2024-12-31;79330;21132;13360;10591;65970;-1053;1;0
COOPERATIVA DE ECONOMIA E CRÉDITO MÚTUO DOS SERVIDORES DA FUNDAÇÃO HOSPITALAR E EMPREGADOS DOS ESTABELECIMENTOS HOSPITALARES DE BELO HORIZONTE, REGIÃO METROPOLITANA E ZONA DA MATA LTDA.- SICOOB CECREF;19402130;;;;B3S;Cooperativa de crédito singular;Cooperativas;2;Privado nacional;9;BELO HORIZONTE;MG;2024-12-31;77272;45764;45728;38566;31543;377;0;4
SUPERBID PAY INSTITUICAO DE PAGAMENTO LTDA;35084163;SUPERBID PAY IP - PRUDENCIAL;;00086749;N4;Instituição de pagamento;Não bancário;2;Privado nacional;41;SAO PAULO;SP;2024-12-31;77098;0;71766;62473;5332;-371;1;0
ACCREDITO - SOCIEDADE DE CRÉDITO DIRETO S.A.;37715993;ACCREDITO SCD - PRUDENCIAL;;00085331;N1;Instituição não bancária de crédito;Não bancário;2;Privado nacional;43;SAO PAULO;SP;2024-12-31;76962;23009;6306;5461;70656;-41;2;0
COOPERATIVA DE ECONOMIA E CREDITO MUTUO DOS EMPREGADOS DAS EMPRESAS RANDON;89280960;;;;B3S;Cooperativa de crédito singular;Cooperativas;2;Privado nacional;9;CAXIAS DO SUL;RS;2024-12-31;76684;47648;9256;5489;67429;1979;0;0
ABC BRASIL DISTRIBUIDORA DE TÍTULOS E VALORES MOBILIÁRIOS S.A.;33817677;ABC-BRASIL - PRUDENCIAL;00041856;00080312;N2;Instituição não bancária do mercado de capitais;Não bancário;3;Controle estrangeiro;16;SAO PAULO;SP;2024-12-31;75344;0;36062;0;39282;28032;2;0
COOPERÁGUIA - COOPERATIVA DE ECONOMIA E CRÉDITO MÚTUO DOS EMPREGADOS DO GRUPO ÁGUIA BRANCA;27171974;;;;B3S;Cooperativa de crédito singular;Cooperativas;2;Privado nacional;9;CARIACICA;ES;2024-12-31;74212;48374;15769;0;58443;3459;0;0
PROTEGE PAY CASH INSTITUICAO DE PAGAMENTO S/A;40276692;PROTEGE CASH IP PRUDENCIAL;;00086969;N4;Instituição de pagamento;Não bancário;2;Privado nacional;41;SAO PAULO;SP;2024-12-31;73591;0;67096;66133;6496;-3056;1;0
SICOOB CREDIMED - COOPERATIVA DE CRÉDITO DE LIVRE ADMISSÃO DA CIDADE DE UBERABA LTDA.;71336432;;;;B3S;Cooperativa de crédito singular;Cooperativas;2;Privado nacional;9;UBERABA;MG;2024-12-31;73500;42655;59598;57898;13902;233;0;0
SICOOB CREDICONSUMO - COOPERATIVA DE CRÉDITO;47074323;;;;B3S;Cooperativa de crédito singular;Cooperativas;2;Privado nacional;9;SANTO ANDRE;SP;2024-12-31;72783;46811;37135;33930;35648;-388;0;6
RP FINANCEIRA S.A. - SOCIEDADE DE CRÉDITO, FINANCIAMENTO E INVESTIMENTO;44431743;RECARGAPAY IP - PRUDENCIAL;;00085898;N1;Instituição não bancária de crédito;Não bancário;3;Controle estrangeiro;14;SAO PAULO;SP;2024-12-31;72652;74217;46112;42026;26540;2079;2;0
BRB - DISTRIBUIDORA DE TITULOS E VALORES MOBILIARIOS SA;33850686;BRB - PRUDENCIAL;00031976;00080288;N2;Instituição não bancária do mercado de capitais;Não bancário;1;Público;16;BRASILIA;DF;2024-12-31;71478;0;9001;0;62477;4910;2;0
POMELO INSTITUICAO DE PAGAMENTO LTDA.;44128548;POMELO IP - PRUDENCIAL;;00086938;N4;Instituição de pagamento;Não bancário;3;Controle estrangeiro;41;SAO PAULO;SP;2024-12-31;71113;22937;60372;0;10740;2844;1;0
COOPERATIVA DE CRÉDITO - SICREDI COOMAMP;5545390;;;;B3S;Cooperativa de crédito singular;Cooperativas;2;Privado nacional;9;SAO LUIS;MA;2024-12-31;70252;40870;51883;44315;18369;855;0;2
COOPERATIVA DE ECONOMIA E CRÉDITO MÚTUO DO GRUPO BASF;74244344;;;;B3S;Cooperativa de crédito singular;Cooperativas;2;Privado nacional;9;SAO BERNARDO DO CAMPO;SP;2024-12-31;70047;39831;7634;0;62413;3829;0;1
M PAGAMENTOS S.A. - CRÉDITO FINANCIAMENTO E INVESTIMENTO;7747410;SAX S.A. CFI - PRUDENCIAL;;00083515;N1;Instituição não bancária de crédito;Não bancário;2;Privado nacional;14;SAO PAULO;SP;2024-12-31;69330;34750;65418;48221;3912;-18963;2;0
PAGOL SOCIEDADE DE CRÉDITO DIRETO S.A.;48176336;PAGOL SCD - PRUDENCIAL;;00086419;N1;Instituição não bancária de crédito;Não bancário;2;Privado nacional;43;BARUERI;SP;2024-12-31;69084;96;45321;24105;23763;4547;2;0
BEC DISTRIBUIDORA DE TITULOS E VALORES MOBILIARIOS LTDA.;7299480;BRADESCO - PRUDENCIAL;00010045;00080075;N2;Instituição não bancária do mercado de capitais;Não bancário;2;Privado nacional;16;OSASCO;SP;2024-12-31;68407;0;2429;0;65979;2060;2;0
COOPERATIVA DE CRÉDITO MÚTUO DOS EMPREGADOS DO MAGAZINE LUIZA, EMPRESAS CONTROLADAS E COLIGADAS - COOPLUIZA;2093154;;;;B3S;Cooperativa de crédito singular;Cooperativas;2;Privado nacional;9;FRANCA;SP;2024-12-31;68077;38666;8057;0;60021;5775;0;0
COOPERATIVA DE ECONOMIA E CRÉDITO MÚTUO DOS SERVIDORES PÚBLICOS DO ESTADO DE SÃO PAULO - CREDIPAULISTA;3139644;;;;B3S;Cooperativa de crédito singular;Cooperativas;2;Privado nacional;9;SAO PAULO;SP;2024-12-31;67679;5020;4460;0;63219;1913;0;0
PAYMEE BRASIL INSTITUIÇÃO DE PAGAMENTO S.A.;28683892;PAYMEE BRASIL IP - PRUDENCIAL;;00087700;N4;Instituição de pagamento;Não bancário;2;Privado nacional;41;SAO PAULO;SP;2024-12-31;67604;0;14408;8909;53196;6702;1;0
CREDISIS/CREDISUL COOPERATIVA DE CRÉDITO;7494300;;;;B3S;Cooperativa de crédito singular;Cooperativas;2;Privado nacional;9;ERECHIM;RS;2024-12-31;66999;42552;58932;56843;8067;-47;0;1
CONTA PRONTA INSTITUICAO DE PAGAMENTO LTDA;12473687;CONTA PRONTA IP - PRUDENCIAL;;00086835;N4;Instituição de pagamento;Não bancário;2;Privado nacional;41;BARUERI;SP;2024-12-31;66840;0;36867;26100;29973;-1308;1;0
DIRECAO S.A. CREDITO, FINANCIAMENTO E INVESTIMENTO;58158387;DIRECAO S.A. SCFI - PRUDENCIAL;;00083625;N1;Instituição não bancária de crédito;Não bancário;2;Privado nacional;14;SANTOS;SP;2024-12-31;66546;4796;1033;0;65514;1879;3;0
COOPERATIVA DE CRÉDITO, POUPANÇA E INVESTIMENTO DA ADVOCACIA E SERVENTUÁRIOS DO PODER JUDICIÁRIO NO ESTADO DO RIO GRANDE DO SUL - SICREDI COOABCRED RS;19962468;;;;B3S;Cooperativa de crédito singular;Cooperativas;2;Privado nacional;9;PORTO ALEGRE;RS;2024-12-31;66407;28619;58034;52501;8373;1189;0;1
COOPERATIVA DE ECONOMIA E CRÉDITO MÚTUO DOS FUNCIONÁRIOS DA CARGILL;68228006;;;;B3S;Cooperativa de crédito singular;Cooperativas;2;Privado nacional;9;SAO PAULO;SP;2024-12-31;66011;45867;17577;10812;48435;3160;0;0
HEDGEPOINT GLOBAL MARKETS DISTRIBUIDORA DE TITULOS E VALORES MOBILIÁRIOS LTDA.;35470647;HEDGEPOINT GLOBAL MARKETS DTVM - PRUDENCIAL;;00085197;N2;Instituição não bancária do mercado de capitais;Não bancário;3;Controle estrangeiro;16;CAMPINAS;SP;2024-12-31;65854;0;32875;0;32979;-1344;2;0
TRINUS SOCIEDADE DE CRÉDITO DIRETO S.A.;40654622;TRINUS CAPITAL DTVM - PRUDENCIAL;00052223;00084631;N1;Instituição não bancária de crédito;Não bancário;2;Privado nacional;43;GOIANIA;GO;2024-12-31;65553;642;60335;59547;5218;1391;2;0
BMW LEASING DO BRASIL S.A. - ARRENDAMENTO MERCANTIL;60872983;BMW - PRUDENCIAL;00051420;00080635;N1;Instituição não bancária de crédito;Não bancário;3;Controle estrangeiro;19;SAO PAULO;SP;2024-12-31;64514;0;2244;0;62271;1759;2;0
COOPERATIVA DE CRÉDITO CREDIPIMENTA LTDA. - SICOOB CREDIPIMENTA;42934794;;;;B3S;Cooperativa de crédito singular;Cooperativas;2;Privado nacional;9;PIMENTA;MG;2024-12-31;64259;22414;53397;45780;10862;759;0;0
COOPERATIVA DE ECONOMIA E CRÉDITO MÚTUO DOS COLABORADORES DA VALE S.A LTDA. - SICOOB CREDIVALE;20961629;;;;B3S;Cooperativa de crédito singular;Cooperativas;2;Privado nacional;9;ITABIRA;MG;2024-12-31;64145;38758;58444;56126;5700;-1770;0;6
ICAP DO BRASIL CORRETORA DE TÍTULOS E VALORES MOBILIÁRIOS LTDA.;9105360;TULLETT PREBON BRASIL S.A. CTVM - PRUDENCIAL;00052027;00082619;N2;Instituição não bancária do mercado de capitais;Não bancário;3;Controle estrangeiro;15;SAO PAULO;SP;2024-12-31;63569;724;17428;12643;46141;-324;3;0
COOPERATIVA DE CREDITO SICOOB COOPEC LTDA.;32615247;;;;B3S;Cooperativa de crédito singular;Cooperativas;2;Privado nacional;9;ITABUNA;BA;2024-12-31;63320;39253;30315;27230;33005;1979;0;1
CREDITAS SOCIEDADE DE CRÉDITO DIRETO S.A.;32997490;SCD CREDITAS - PRUDENCIAL;;00084909;N1;Instituição não bancária de crédito;Não bancário;3;Controle estrangeiro;43;SAO PAULO;SP;2024-12-31;62356;12836;36433;0;25923;-1129;2;0
TRUSTEE DISTRIBUIDORA DE TÍTULOS E VALORES MOBILIÁRIOS LTDA.;67030395;TRUSTEE/BANVOX - PRUDENCIAL;;00086354;N2;Instituição não bancária do mercado de capitais;Não bancário;2;Privado nacional;16;SAO PAULO;SP;2024-12-31;62356;0;40245;30505;22111;3889;2;0
AGÊNCIA DE FOMENTO DE ALAGOAS S.A.;10769660;AFAL - PRUDENCIAL;;00081081;N1;Instituição não bancária de crédito;Não bancário;1;Público;30;MACEIO;AL;2024-12-31;62133;22190;17054;14462;45079;-684;1;0
IP4Y INSTITUICAO DE PAGAMENTO LTDA;11491029;BSN PAGAMENTOS IP - PRUDENCIAL;;00087841;N4;Instituição de pagamento;Não bancário;2;Privado nacional;41;GUARULHOS;SP;2024-12-31;61606;0;54865;52234;6740;2260;1;0
AGÊNCIA DE FOMENTO DO ESTADO DO TOCANTINS S.A.;5474540;AG. FOMENTO ESTADO DO TOCANTINS - PRUDENCIAL;;00081122;N1;Instituição não bancária de crédito;Não bancário;1;Público;30;PALMAS;TO;2024-12-31;61313;44157;26016;25224;35297;295;1;0
ASA SOCIEDADE DE CRÉDITO DIRETO S.A.;48703388;ASA SCFI - PRUDENCIAL;;00086608;N1;Instituição não bancária de crédito;Não bancário;2;Privado nacional;43;SAO PAULO;SP;2024-12-31;60251;110;29414;28947;30837;15;2;0
COOPERATIVA DE ECONOMIA E CRÉDITO MÚTUO DOS EMPREGADOS DA CENTRAIS ELÉTRICAS DE SANTA CATARINA - CREDELESC;8850613;;;;B3S;Cooperativa de crédito singular;Cooperativas;2;Privado nacional;9;FLORIANOPOLIS;SC;2024-12-31;59770;30573;49331;46582;10439;646;0;5
H H PICCHIONI S/A CORRETORA DE CAMBIO E VALORES MOBILIARIOS;17312083;H.H.PICCHIONI - PRUDENCIAL;;00080226;N2;Instituição não bancária do mercado de capitais;Não bancário;2;Privado nacional;15;BELO HORIZONTE;MG;2024-12-31;58107;0;54479;0;3628;-2254;3;0
ECONOMISA COMPANHIA HIPOTECÁRIA.;17441197;ECONOMIA CI S.A.-ECONOMISA - PRUDENCIAL;;00083364;N1;Instituição não bancária de crédito;Não bancário;2;Privado nacional;29;BELO HORIZONTE;MG;2024-12-31;57850;5579;34187;14767;23662;202;3;0
HINOVA PAY INSTITUICAO DE PAGAMENTO S.A.;27970567;HINOVA PAY IP - PRUDENCIAL;;00086220;N4;Instituição de pagamento;Não bancário;2;Privado nacional;41;BELO HORIZONTE;MG;2024-12-31;57591;0;46014;41221;11577;3219;1;0
F.D'GOLD - DISTRIBUIDORA DE TÍTULOS E VALORES MOBILIÁRIOS LTDA.;8673569;F D GOLD DTVM LTDA - PRUDENCIAL;;00083993;N2;Instituição não bancária do mercado de capitais;Não bancário;2;Privado nacional;16;SAO PAULO;SP;2024-12-31;57588;0;41028;7;16559;6695;2;0
MOVA SOCIEDADE DE EMPRÉSTIMO ENTRE PESSOAS S.A.;33959738;MOVA SEP - PRUDENCIAL;;00084961;N1;Instituição não bancária de crédito;Não bancário;3;Controle estrangeiro;44;SAO PAULO;SP;2024-12-31;57173;0;25106;0;32067;-1365;2;0
COOPERATIVA DE CRÉDITO, POUPANÇA E SERVIÇOS FINANCEIROS DE AGRICULTORES E AEROPORTUÁRIOS DO BRASIL - CREHNOR;1330387;;;;B3S;Cooperativa de crédito singular;Cooperativas;2;Privado nacional;9;LARANJEIRAS DO SUL;PR;2024-12-31;55915;17156;48077;47228;7838;1713;0;3
UY3 SOCIEDADE DE CRÉDITO DIRETO S/A;39587424;UY3 SCD - PRUDENCIAL;;00085472;N1;Instituição não bancária de crédito;Não bancário;2;Privado nacional;43;PORTO ALEGRE;RS;2024-12-31;55468;6214;46433;42133;9034;-746;2;0
COOPERATIVA DE CRÉDITO DE LIVRE ADMISSÃO DA REGIÃO SUL DO MARANHÃO - SICREDI SUL DO MARANHÃO;26191078;;;;B3S;Cooperativa de crédito singular;Cooperativas;2;Privado nacional;9;IMPERATRIZ;MA;2024-12-31;54915;17526;45972;41452;8942;364;0;1
COOPERATIVA DE CAPITAL E EMPRÉSTIMO COOPERMULTICRED - COOPERMC;51010858;;;;B3S;Cooperativa de crédito singular;Cooperativas;2;Privado nacional;9;GUARULHOS;SP;2024-12-31;53926;47833;738;0;53187;2735;0;0
BANCO WESTERN UNION DO BRASIL S.A.;13720915;WESTERN UNION - PRUDENCIAL;00051767;00080886;B1;Banco comercial/múltiplo com carteira comercial ou caixa econômica;Bancário;3;Controle estrangeiro;2;SAO PAULO;SP;2024-12-31;53655;0;14846;13087;38809;602;2;0
Z1 INSTITUIÇÃO DE PAGAMENTO LTDA.;35810871;Z1 INSTITUIÇÃO DE PAGAMENTO - PRUDENCIAL;;00087102;N4;Instituição de pagamento;Não bancário;3;Controle estrangeiro;41;SAO PAULO;SP;2024-12-31;53446;4208;47851;37589;5595;-12902;1;0
RB INVESTIMENTOS DISTRIBUIDORA DE TITULOS E VALORES MOBILIARIOS LIMITADA;89960090;RB INVESTIMENTOS DTVM - PRUDENCIAL;;00084174;N2;Instituição não bancária do mercado de capitais;Não bancário;2;Privado nacional;16;SAO PAULO;SP;2024-12-31;53220;5889;43056;35302;10164;698;2;0
BANCO FINAXIS S.A.;11758741;FINAXIS - PRUDENCIAL;00051688;00080790;B1;Banco comercial/múltiplo com carteira comercial ou caixa econômica;Bancário;2;Privado nacional;2;CURITIBA;PR;2024-12-31;53109;0;29559;23148;23550;-147;2;0
OM DISTRIBUIDORA DE TÍTULOS E VALORES MOBILIÁRIOS LTDA;11495073;OM DTVM LTDA - PRUDENCIAL;;00084239;N2;Instituição não bancária do mercado de capitais;Não bancário;2;Privado nacional;16;SAO PAULO;SP;2024-12-31;52906;70;15005;0;37901;4385;2;0
COOPERATIVA DE ECONOMIA E CRÉDITO MÚTUO DOS EMPREGADOS DA MONDELEZ BRASIL E PHILIP MORRIS BRASIL - SICOOB COOPMOND;62795257;;;;B3S;Cooperativa de crédito singular;Cooperativas;2;Privado nacional;9;SAO PAULO;SP;2024-12-31;52636;19304;4310;0;48325;3526;0;0
COOPERATIVA DE CRÉDITO MÚTUO DOS SERVIDORES PÚBLICOS - CREDI-SP;3612679;;;;B3S;Cooperativa de crédito singular;Cooperativas;2;Privado nacional;9;SAO BERNARDO DO CAMPO;SP;2024-12-31;51697;38833;21926;20259;29771;652;0;1
UBS BB BANCO DE INVESTIMENTO S.A.;18520834;UBS (BRASIL) - PRUDENCIAL;00030771;00080219;B2;Banco múltiplo sem carteira comercial, banco de câmbio ou investimento;Bancário;3;Controle estrangeiro;13;SAO PAULO;SP;2024-12-31;51321;0;3093;0;48228;855;2;0
TREVISO CORRETORA DE CÂMBIO S.A.;2992317;INTEX BANK BCO CÂMBIO - PRUDENCIAL;;00081885;N2;Instituição não bancária do mercado de capitais;Não bancário;2;Privado nacional;21;SAO PAULO;SP;2024-12-31;51195;0;26781;0;24414;2252;2;0
COOPERATIVA DE ECONOMIA E CREDITO MUTUO DOS MEDICOS E DEMAIS PROFISSIONAIS DA SAUDE DE JOACABA;2853045;;;;B3S;Cooperativa de crédito singular;Cooperativas;2;Privado nacional;9;JOACABA;SC;2024-12-31;51024;6433;36599;34995;14426;773;0;0
DAYCOVAL LEASING SOCIEDADE DE ARRENDAMENTO MERCANTIL S.A.;57731012;BCO DAYCOVAL S.A - PRUDENCIAL;00051987;00081744;N1;Instituição não bancária de crédito;Não bancário;2;Privado nacional;19;SAO PAULO;SP;2024-12-31;50852;0;472;0;50380;498;2;0
CREFAZ SOCIEDADE DE CRÉDITO AO MICROEMPREENDEDOR E A EMPRESA DE PEQUENO PORTE S.A.;18188384;CREFAZ SCMEPP - PRUDENCIAL;;00083357;N1;Instituição não bancária de crédito;Não bancário;2;Privado nacional;10;MARINGA;PR;2024-12-31;50473;5388;20368;0;30105;10508;2;0
MONEYCORP BANCO DE CÂMBIO S.A.;8609934;MONEYCORP - PRUDENCIAL;;00082028;B2;Banco múltiplo sem carteira comercial, banco de câmbio ou investimento;Bancário;3;Controle estrangeiro;39;SAO PAULO;SP;2024-12-31;49664;0;30710;0;18954;-546;2;0
BOC BRASIL S.A. - CRÉDITO, FINANCIAMENTOS E INVESTIMENTOS;92764489;BANK OF CHINA (BRASIL) - PRUDENCIAL;00032119;00080295;N1;Instituição não bancária de crédito;Não bancário;3;Controle estrangeiro;14;SAO PAULO;SP;2024-12-31;48996;15973;48673;1701;323;-9615;1;0
HAITONG DO BRASIL DISTRIBUIDORA DE TÍTULOS E VALORES MOBILIÁRIOS S.A.;11406965;HAITONG - PRUDENCIAL;00051482;00080666;N2;Instituição não bancária do mercado de capitais;Não bancário;3;Controle estrangeiro;16;SAO PAULO;SP;2024-12-31;48834;0;2545;0;46289;1010;2;0
BANCO ITAÚ VEÍCULOS S.A.;61190658;ITAU - PRUDENCIAL;00010069;00080099;B2;Banco múltiplo sem carteira comercial, banco de câmbio ou investimento;Bancário;2;Privado nacional;8;SAO PAULO;SP;2024-12-31;48734;0;1791;0;46943;1273;2;0
CAPITAL CONSIG SOCIEDADE DE CRÉDITO DIRETO S.A.;40083667;CAPITAL CONSIG SCD - PRUDENCIAL;;00085599;N1;Instituição não bancária de crédito;Não bancário;2;Privado nacional;43;SAO PAULO;SP;2024-12-31;48618;16717;23196;169;25422;5440;2;0
COOPERATIVA DE CRÉDITO, POUPANÇA E SERVIÇOS FINANCEIROS;5491616;;;;B3S;Cooperativa de crédito singular;Cooperativas;2;Privado nacional;9;MINEIROS;GO;2024-12-31;48274;13346;45796;45628;2478;363;0;1
BANCO INDUSCRED DE INVESTIMENTO S.A.;33588252;BCO INDUSCRED DE INVESTIM. S/A - PRUDENCIAL;;00081342;B2;Banco múltiplo sem carteira comercial, banco de câmbio ou investimento;Bancário;2;Privado nacional;13;SAO PAULO;SP;2024-12-31;48158;22558;2919;2578;45240;-1265;2;0
MASTER S/A CORRETORA DE CÂMBIO, TÍTULOS E VALORES MOBILIÁRIOS;33886862;BANCO MASTER - PRUDENCIAL;00050201;00080367;N2;Instituição não bancária do mercado de capitais;Não bancário;2;Privado nacional;15;RIO DE JANEIRO;RJ;2024-12-31;48115;0;14811;0;33304;4308;3;0
REPASSES FINANCEIROS E SOLUCOES TECNOLOGICAS INSTITUICAO DE PAGAMENTO S.A.;40473435;BRADESCO - PRUDENCIAL;;00080075;N4;Instituição de pagamento;Não bancário;2;Privado nacional;41;OSASCO;SP;2024-12-31;47884;0;19335;7890;28549;-11989;1;0
COOPERATIVA  ECONOMIA CRÉDITO MÚTUO  SERVS E EMPREGADOS PÚBLICOS MUNIC DE BELO HORIZONTE BETIM BRUMADINHO CONTAGEM IBIRITÉ NOVA LIMA RIBEIRÃO DAS NEVES SABARÁ SANTA LUZIA E VESPASIANO SICOOB CREDISERV;1864151;;;;B3S;Cooperativa de crédito singular;Cooperativas;2;Privado nacional;9;BELO HORIZONTE;MG;2024-12-31;47634;25920;24893;22388;22742;1037;0;0
CODEPE CORRETORA DE VALORES E CÂMBIO S.A.;9512542;CODEPE CORRETORA DE VAL. S.A. - PRUDENCIAL;00052089;00082712;N2;Instituição não bancária do mercado de capitais;Não bancário;2;Privado nacional;15;BARUERI;SP;2024-12-31;46347;0;2925;1093;43423;1457;3;0
AZUMI DISTRIBUIDORA DE TÍTULOS E VALORES MOBILIÁRIOS LTDA.;40434681;AZUMI DTVM PRUDENCIAL;;00085719;N2;Instituição não bancária do mercado de capitais;Não bancário;2;Privado nacional;16;SAO PAULO;SP;2024-12-31;46192;0;40324;37982;5868;1132;2;0
SOFISA S.A. CRÉDITO, FINANCIAMENTO E INVESTIMENTO;8257293;SOFISA - PRUDENCIAL;00031873;00080271;N1;Instituição não bancária de crédito;Não bancário;2;Privado nacional;14;SAO PAULO;SP;2024-12-31;46102;0;16416;0;29686;782;2;0
VALOR S/A SOCIEDADE DE CRÉDITO, FINANCIAMENTO E INVESTIMENTO;7799277;VALOR CFI - PRUDENCIAL;;00083223;N1;Instituição não bancária de crédito;Não bancário;2;Privado nacional;14;SAO PAULO;SP;2024-12-31;45654;41524;5549;0;40105;3698;2;0
COOPERATIVA DE ECONOMIA E CRÉDITO MÚTUO SICOOB CRED-ACILPA;9004796;;;;B3S;Cooperativa de crédito singular;Cooperativas;2;Privado nacional;9;LENCOIS PAULISTA;SP;2024-12-31;45506;17982;34334;32823;11172;370;0;2
ASTRO INSTITUICAO DE PAGAMENTO LTDA.;34006497;ASTRO IP - PRUDENCIAL;;00088156;N4;Instituição de pagamento;Não bancário;3;Controle estrangeiro;41;SAO PAULO;SP;2024-12-31;45238;0;37867;20104;7371;1636;1;0
CREDISIS COOPERUFPA - COOPERATIVA DE ECONOMIA E CRÉDITO MÚTUO DOS SERVIDORES PÚBLICOS FEDERAIS E ESTADUAIS E DAS ENTIDADES DE ENSINO COM SEUS RESPECTIVOS FUNCIONÁRIOS NO ESTADO DO PARÁ;83325811;;;;B3S;Cooperativa de crédito singular;Cooperativas;2;Privado nacional;9;BELEM;PA;2024-12-31;45104;21182;8604;0;36499;1671;0;0
COOPERATIVA DE CRÉDITO DE ITAPETININGA - SICOOB CRED-ACI;8844074;;;;B3S;Cooperativa de crédito singular;Cooperativas;2;Privado nacional;9;ITAPETININGA;SP;2024-12-31;45100;7483;38218;37359;6882;760;0;0
WE PAY OUT INSTITUICAO DE PAGAMENTO LTDA.;32708748;WE PAY OUT IP - PRUDENCIAL;;00086907;N4;Instituição de pagamento;Não bancário;2;Privado nacional;41;CURITIBA;PR;2024-12-31;43901;0;35383;8327;8518;-3245;1;0
Z-ON SOCIEDADE DE CRÉDITO DIRETO S.A.;52586293;Z-ON SCD - PRUDENCIAL;;00087267;N1;Instituição não bancária de crédito;Não bancário;2;Privado nacional;43;CURITIBA;PR;2024-12-31;43136;3;33167;33104;9969;-588;2;0
COOPERATIVA DE ECONOMIA E CRÉDITO MÚTUO DOS EMPREGADOS DO GRUPO COLORADO;2024442;;;;B3S;Cooperativa de crédito singular;Cooperativas;2;Privado nacional;9;GUAIRA;SP;2024-12-31;43131;38488;803;0;42328;2992;0;0
COOPERATIVA DE CRÉDITO RURAL DOS PLANTADORES DE CANA DE ALAGOAS;12272183;;;;B3S;Cooperativa de crédito singular;Cooperativas;2;Privado nacional;9;MACEIO;AL;2024-12-31;42990;5927;6293;4441;36697;693;0;0
GRAZZIOTIN FINANCEIRA S/A - CRÉDITO, FINANCIAMENTO E INVESTIMENTOS;6339468;GRAZZIOTIN FINANCEIRA - PRUDENCIAL;;00083481;N1;Instituição não bancária de crédito;Não bancário;2;Privado nacional;14;PASSO FUNDO;RS;2024-12-31;42534;45494;10484;0;32050;6246;2;0
ISSUER INSTITUICAO DE PAGAMENTO LTDA.;34747388;ISSUER IP - PRUDENCIAL;;00087140;N4;Instituição de pagamento;Não bancário;3;Controle estrangeiro;41;PORTO ALEGRE;RS;2024-12-31;41782;26;17416;5374;24366;-719;1;0
ID CORRETORA DE TÍTULOS E VALORES MOBILIÁRIOS S.A.;16695922;ID CTVM - PRUDENCIAL;;00085582;N2;Instituição não bancária do mercado de capitais;Não bancário;2;Privado nacional;15;SAO PAULO;SP;2024-12-31;41670;0;36949;30480;4721;1839;2;0
CORRETORA GERAL DE VALORES E CÂMBIO LTDA;92858380;GERAL CCVM LTDA - PRUDENCIAL;;00082918;N2;Instituição não bancária do mercado de capitais;Não bancário;2;Privado nacional;15;PORTO ALEGRE;RS;2024-12-31;41571;0;20239;5671;21332;2308;2;0
MEDCRED COOPERATIVA DE CRÉDITO;3575699;;;;B3S;Cooperativa de crédito singular;Cooperativas;2;Privado nacional;9;RIBEIRAO PRETO;SP;2024-12-31;40164;25073;36616;35733;3548;-296;0;3
GUITTA CORRETORA DE CAMBIO LTDA.;24074692;GUITTA CC LTDA - PRUDENCIAL;;00082107;N2;Instituição não bancária do mercado de capitais;Não bancário;2;Privado nacional;21;SAO PAULO;SP;2024-12-31;39791;0;27090;0;12701;972;2;0
PORTOPAR DISTRIBUIDORA DE TITULOS E VALORES MOBILIARIOS LTDA.;40303299;PORTO SEGURO - PRUDENCIAL;00051444;00080642;N2;Instituição não bancária do mercado de capitais;Não bancário;2;Privado nacional;16;SAO PAULO;SP;2024-12-31;39390;0;7989;551;31401;5110;2;0
COOPERATIVA DE CREDITO DOS FORNECEDORES DE CANA E DEMAIS PRODUTORES RURAIS DO CENTRO DO ESTADO DE SAO PAULO - CREDICENTRO;53776852;;;;B3S;Cooperativa de crédito singular;Cooperativas;2;Privado nacional;9;ARARAQUARA;SP;2024-12-31;39156;10254;15574;12869;23583;1055;0;1
COOPERATIVA DE ECONOMIA E CRÉDITO MÚTUO DOS EMPREGADOS DO GRUPO SCHAEFFLER;62284385;;;;B3S;Cooperativa de crédito singular;Cooperativas;2;Privado nacional;9;SOROCABA;SP;2024-12-31;38768;27119;3481;0;35287;1832;0;0
TTSCD SOCIEDADE DE CRÉDITO DIRETO S.A.;46743997;TTSCD SCD  - PRUDENCIAL;;00088015;N1;Instituição não bancária de crédito;Não bancário;2;Privado nacional;43;SAO PAULO;SP;2024-12-31;38703;0;20720;0;17983;1789;2;0
SERVICOOP - COOPERATIVA DE CRÉDITO DOS SERVIDORES PÚBLICOS ESTADUAIS E MUNICIPAIS DO RIO GRANDE DO SUL;3973814;;;;B3S;Cooperativa de crédito singular;Cooperativas;2;Privado nacional;9;PORTO ALEGRE;RS;2024-12-31;38589;17504;26342;23913;12247;589;0;4
COOPERATIVA DE ECONOMIA E CRÉDITO MÚTUO DOS FUNCIONÁRIOS DA FUNDAÇÃO ZERBINI E DA FUNDAÇÃO FACULDADE DE MEDICINA (FFM) - COOPINCOR;1997612;;;;B3S;Cooperativa de crédito singular;Cooperativas;2;Privado nacional;9;SAO PAULO;SP;2024-12-31;37860;16916;4214;0;33646;1511;0;0
COOPERATIVA DE ECONOMIA E CREDITO MUTUO DOS FUNCIONARIOS DA COMIGO;1062439;;;;B3S;Cooperativa de crédito singular;Cooperativas;2;Privado nacional;9;RIO VERDE;GO;2024-12-31;37351;18817;16881;14519;20470;899;0;1
COOPERATIVA DE CRÉDITO MÚTUO DOS SERVIDORES FEDERAIS NA PARAÍBA - SICOOB COOPERCRET;2275781;;;;B3S;Cooperativa de crédito singular;Cooperativas;2;Privado nacional;9;JOAO PESSOA;PB;2024-12-31;37052;26343;25779;24158;11273;455;0;1
SMART SOLUTIONS GROUP INSTITUICAO DE PAGAMENTO LTDA;37470405;SMART SOLUTIONS GROUP IP - PRUDENCIAL;;00087425;N4;Instituição de pagamento;Não bancário;2;Privado nacional;41;SAO PAULO;SP;2024-12-31;36612;0;3084;1714;33528;11713;1;0
BANCO CEDULA S.A.;33132044;BCO CEDULA S.A. - PRUDENCIAL;;00081469;B1;Banco comercial/múltiplo com carteira comercial ou caixa econômica;Bancário;2;Privado nacional;8;RIO DE JANEIRO;RJ;2024-12-31;36481;205;11254;6422;25227;-1122;2;0
SOMAPAY SOCIEDADE DE CRÉDITO DIRETO S.A.;44705774;SOMAPAY SCD - PRUDENCIAL;;00086017;N1;Instituição não bancária de crédito;Não bancário;2;Privado nacional;43;FORTALEZA;CE;2024-12-31;36389;4877;31606;24393;4783;-2120;2;0
VX PAVARINI DISTRIBUIDORA DE TÍTULOS E VALORES MOBILIÁRIOS LTDA;15227994;VORTX DTVM - PRUDENCIAL;00052364;00084538;N2;Instituição não bancária do mercado de capitais;Não bancário;2;Privado nacional;16;SAO PAULO;SP;2024-12-31;35745;0;7091;0;28654;1839;3;0
DANK SOCIEDADE DE CRÉDITO DIRETO S.A.;48430050;DANK SCD - PRUDENCIAL;;00086330;N1;Instituição não bancária de crédito;Não bancário;2;Privado nacional;43;JARAGUA DO SUL;SC;2024-12-31;35489;2;22525;0;12964;5452;2;0
COOPERATIVA DE ECONOMIA E CRÉDITO MÚTUO DOS EMPREGADOS DA CBMM LTDA.;18140913;;;;B3S;Cooperativa de crédito singular;Cooperativas;2;Privado nacional;9;ARAXA;MG;2024-12-31;35216;26129;1840;0;33375;2370;0;1
EAGLE SOCIEDADE DE CRÉDITO DIRETO S.A.;45745537;EAGLE SCD - PRUDENCIAL;;00086172;N1;Instituição não bancária de crédito;Não bancário;2;Privado nacional;43;PORTO ALEGRE;RS;2024-12-31;34460;2010;12484;0;21976;8655;2;0
COOPERATIVA    DE    ECONOMIA    E    CRÉDITO   MÚTUO  MINUANO;88325113;;;;B3S;Cooperativa de crédito singular;Cooperativas;2;Privado nacional;9;CANOAS;RS;2024-12-31;34140;13949;13661;11819;20479;915;0;5
COOPERATIVA DE ECONOMIA CRÉDITO MÚTUO - SICOOB CREDSAÚDE;2072790;;;;B3S;Cooperativa de crédito singular;Cooperativas;2;Privado nacional;9;PIRACICABA;SP;2024-12-31;33822;18997;27746;26902;6076;724;0;2
COOPERATIVA DE ECONOMIA E CRÉDITO MÚTUO DOS SERVIDORES DA UNIVERSIDADE ESTADUAL DE CAMPINAS - COOPERUNICAMP;2285107;;;;B3S;Cooperativa de crédito singular;Cooperativas;2;Privado nacional;9;CAMPINAS;SP;2024-12-31;33784;24785;3871;0;29913;1837;0;0
PINTOS S.A. CREDITO, FINANCIAMENTO E INVESTIMENTO;35274306;PINTOS CFI - PRUDENCIAL;;00085142;N1;Instituição não bancária de crédito;Não bancário;2;Privado nacional;14;TERESINA;PI;2024-12-31;33769;4292;1643;0;32126;2030;2;0
FFCRED SOCIEDADE DE CRÉDITO DIRETO S.A..;39738065;FFCRED SCD - PRUDENCIAL;;00085489;N1;Instituição não bancária de crédito;Não bancário;2;Privado nacional;43;ERECHIM;RS;2024-12-31;33690;3336;21488;20024;12202;575;2;0
UNIDA DISTRIBUIDORA DE TÍTULOS E VALORES MOBILIÁRIOS LTDA.;20155248;UNIDA DTVM LTDA - PRUDENCIAL;;00084019;N2;Instituição não bancária do mercado de capitais;Não bancário;2;Privado nacional;16;BARUERI;SP;2024-12-31;33217;0;12017;0;21200;-5285;4;0
FIDD DISTRIBUIDORA DE TÍTULOS E VALORES MOBILIÁRIOS LTDA.;37678915;FIDD DTVM - PRUDENCIAL;;00085458;N2;Instituição não bancária do mercado de capitais;Não bancário;2;Privado nacional;16;SAO PAULO;SP;2024-12-31;32805;0;31164;26572;1641;426;2;0
COMPREV - CRÉDITO, FINANCIAMENTO E INVESTIMENTO S.A.;46241852;COMPREV CFI - PRUDENCIAL;;00086244;N1;Instituição não bancária de crédito;Não bancário;2;Privado nacional;43;RIO DE JANEIRO;RJ;2024-12-31;31899;1441;406;0;31493;367;2;0
COOPERATIVA DE ECONOMIA E CRÉDITO MÚTUO DOS FUNCIONÁRIOS DA ERICSSON - COOPERICSSON;48718183;;;;B3S;Cooperativa de crédito singular;Cooperativas;2;Privado nacional;9;SAO PAULO;SP;2024-12-31;31693;16467;919;0;30774;1427;0;0
WARREN CORRETORA DE VALORES MOBILIÁRIOS E CÂMBIO LTDA.;92875780;WARREN CCVM LTDA - PRUDENCIAL;00052333;00082664;N2;Instituição não bancária do mercado de capitais;Não bancário;2;Privado nacional;15;PORTO ALEGRE;RS;2024-12-31;30968;0;16972;15704;13997;6773;2;0
BANCO PORTO REAL DE INVESTIMENTOS S.A;40429946;BANCO PORTO REAL DE INVEST.S.A - PRUDENCIAL;;00081359;B2;Banco múltiplo sem carteira comercial, banco de câmbio ou investimento;Bancário;2;Privado nacional;13;PORTO REAL;RJ;2024-12-31;30954;13774;799;0;30156;506;2;0
COOPERATIVA DE CRÉDITO MÚTUO DOS SERVIDORES DO MINISTERIO DA EDUCAÇÃO EM SÃO PAULO - COOPEMESP;73092827;;;;B3S;Cooperativa de crédito singular;Cooperativas;2;Privado nacional;9;SAO PAULO;SP;2024-12-31;30823;22668;11603;10878;19220;585;0;1
COOPERATIVA DE CRÉDITO MÚTUO DO ABC - COOPER 7;4414354;;;;B3S;Cooperativa de crédito singular;Cooperativas;2;Privado nacional;9;SAO BERNARDO DO CAMPO;SP;2024-12-31;30769;23728;11422;10405;19347;1624;0;2
COOPERATIVA DE CRÉDITO DOS FORNECEDORES DE CANA DE BARRA BONITA E REGIÃO;44746352;;;;B3S;Cooperativa de crédito singular;Cooperativas;2;Privado nacional;9;BARRA BONITA;SP;2024-12-31;30744;14674;7716;4870;23028;645;0;0
COOPERATIVA DE ECONOMIA E CRÉDITO MÚTUO DOS APOSENTADOS, PENSIONISTAS E IDOSOS - SICOOB COOPERNAPI;16564240;;;;B3S;Cooperativa de crédito singular;Cooperativas;2;Privado nacional;9;SAO PAULO;SP;2024-12-31;30590;8921;27611;27450;2978;-204;0;15
HEMERA DISTRIBUIDORA DE TÍTULOS E VALORES MOBILIÁRIOS LTDA.;39669186;HEMERA DTVM - PRUDENCIAL;;00085685;N2;Instituição não bancária do mercado de capitais;Não bancário;2;Privado nacional;16;CURITIBA;PR;2024-12-31;30540;0;25037;0;5503;2901;2;0
COOPERATIVA DE ECONOMIA E CRÉDITO MÚTUO DOS EMPREGADOS DAS EMPRESAS DO GRUPO ECONÔMICO RHODIA - CREDIRHODIA;57563728;;;;B3S;Cooperativa de crédito singular;Cooperativas;2;Privado nacional;9;PAULINIA;SP;2024-12-31;29677;19991;7668;6487;22008;1390;0;1
TAMBASA SOCIEDADE DE CRÉDITO DIRETO S.A.;37134759;TAMBASA SCD - PRUDENCIAL;;00085214;N1;Instituição não bancária de crédito;Não bancário;2;Privado nacional;43;BELO HORIZONTE;MG;2024-12-31;28572;27925;605;0;27967;44;2;0
COOPERATIVA DE ECONOMIA E CRÉDITO MÚTUO DOS FUNCIONÁRIOS DA TETRA PAK;67341487;;;;B3S;Cooperativa de crédito singular;Cooperativas;2;Privado nacional;9;MONTE MOR;SP;2024-12-31;28572;16436;558;0;28014;1909;0;0
BRASIL CASH INSTITUICAO DE PAGAMENTO S.A;30507541;BRASIL CASH IP - PRUDENCIAL;;00087566;N4;Instituição de pagamento;Não bancário;2;Privado nacional;41;BARUERI;SP;2024-12-31;28356;0;25675;9971;2681;-4992;1;0
COOPERATIVA DE CREDITO RURAL DE IBIAM - SULCREDI/IBIAM;8240446;;;;B3S;Cooperativa de crédito singular;Cooperativas;2;Privado nacional;9;IBIAM;SC;2024-12-31;28254;16654;23331;22930;4923;285;0;4
COOPERATIVA DE ECONOMIA E CRÉDITO MÚTUO DOS TRABALHADORES DA CIA. DE PROCESSAMENTO DE DADOS DO ESTADO DE SÃO PAULO - CREDIPRODESP;67915868;;;;B3S;Cooperativa de crédito singular;Cooperativas;2;Privado nacional;9;TABOAO DA SERRA;SP;2024-12-31;27776;9653;1570;0;26206;1295;0;0
CREBEL - COOPERATIVA DE ECONOMIA E CRÉDITO MÚTUO DOS COLABORADORES DAS EMPRESAS BELGO BEKAERT - CREBEL LTDA.;23241540;;;;B3S;Cooperativa de crédito singular;Cooperativas;2;Privado nacional;9;CONTAGEM;MG;2024-12-31;27575;9652;1170;0;26404;1023;0;0
BANVOX DISTRIBUIDORA DE TÍTULOS E VALORES MOBILIÁRIOS LTDA;2671743;TRUSTEE/BANVOX - PRUDENCIAL;;00086354;N2;Instituição não bancária do mercado de capitais;Não bancário;2;Privado nacional;16;SAO PAULO;SP;2024-12-31;27335;0;20913;13308;6422;4555;2;0
CGD INVESTIMENTOS CORRETORA DE VALORES E CÂMBIO S.A.;7554076;CAIXA GERAL - PRUDENCIAL;00051815;00080927;N2;Instituição não bancária do mercado de capitais;Não bancário;3;Controle estrangeiro;15;SAO PAULO;SP;2024-12-31;27048;0;2664;0;24384;1484;2;0
COINVALORES CORRETORA DE CÂMBIO E VALORES MOBILIÁRIOS LTDA.;336036;COINVALORES - PRUDENCIAL;;00080707;N2;Instituição não bancária do mercado de capitais;Não bancário;2;Privado nacional;15;SAO PAULO;SP;2024-12-31;26902;0;5372;0;21530;272;2;0
COOPERATIVA DE CRÉDITO SICOOB CREDMETAL;3535065;;;;B3S;Cooperativa de crédito singular;Cooperativas;2;Privado nacional;9;OSASCO;SP;2024-12-31;26681;14108;12671;11135;14010;179;0;3
J17 - SOCIEDADE DE CRÉDITO DIRETO S/A;40475846;J17 SCD - PRUDENCIAL;;00085616;N1;Instituição não bancária de crédito;Não bancário;2;Privado nacional;43;LONDRINA;PR;2024-12-31;26679;13601;13657;4524;13022;3591;2;0
SIMPAUL CORRETORA DE CAMBIO E VALORES MOBILIARIOS  S.A.;68757681;SIMPAUL CCVM - PRUDENCIAL;;00082640;N2;Instituição não bancária do mercado de capitais;Não bancário;3;Controle estrangeiro;15;PORTO ALEGRE;RS;2024-12-31;26313;0;7090;3511;19223;3864;2;0
MERCANTIL DO BRASIL CORRETORA S.A. - CÂMBIO, TÍTULOS E VALORES MOBILIÁRIOS;16683062;MERCANTIL DO BRASIL - PRUDENCIAL;00020152;00080123;N2;Instituição não bancária do mercado de capitais;Não bancário;2;Privado nacional;15;BELO HORIZONTE;MG;2024-12-31;26161;0;4243;1022;21917;53;2;0
BOC BRASIL DISTRIBUIDORA DE TÍTULOS E VALORES MOBILIÁRIOS S/A;69720894;BANK OF CHINA (BRASIL) - PRUDENCIAL;00032119;00080295;N2;Instituição não bancária do mercado de capitais;Não bancário;3;Controle estrangeiro;16;SAO PAULO;SP;2024-12-31;25791;0;1514;0;24278;724;2;0
HONDA LEASING S.A. - ARRENDAMENTO MERCANTIL;3634239;HONDA - PRUDENCIAL;00051396;00080611;N1;Instituição não bancária de crédito;Não bancário;3;Controle estrangeiro;19;SAO PAULO;SP;2024-12-31;25778;0;620;0;25158;756;2;0
BOCOM BBM CORRETORA DE CÂMBIO E VALORES MOBILIÁRIOS S.A.;15213150;BOCOM - PRUDENCIAL;00052003;00084624;N2;Instituição não bancária do mercado de capitais;Não bancário;3;Controle estrangeiro;15;SALVADOR;BA;2024-12-31;25644;0;3697;0;21947;1289;4;0
MERCANTIL DO BRASIL DISTRIBUIDORA S.A. - TÍTULOS E VALORES MOBILIÁRIOS;17364795;MERCANTIL DO BRASIL - PRUDENCIAL;00020152;00080123;N2;Instituição não bancária do mercado de capitais;Não bancário;2;Privado nacional;16;BELO HORIZONTE;MG;2024-12-31;25630;0;3621;0;22009;37;2;0
BIGCASH SOCIEDADE DE CREDITO DIRETO S.A.;36452762;BIGCASH SCD - PRUDENCIAL;;00085056;N1;Instituição não bancária de crédito;Não bancário;2;Privado nacional;43;GOVERNADOR VALADARES;MG;2024-12-31;25081;17453;911;0;24170;5970;2;0
DISTRIBUIDORA INTERCAP DE TÍTULOS E VALORES MOBILIÁRIOS S.A.;2927433;BANCO MASTER - PRUDENCIAL;00050201;00080367;N2;Instituição não bancária do mercado de capitais;Não bancário;2;Privado nacional;16;RIO DE JANEIRO;RJ;2024-12-31;24450;0;1;0;24449;-46;2;0
SOCIAL BANK BANCO MÚLTIPLO S/A;15173776;SOCIAL BANK BANCO MULTIPLO - PRUDENCIAL;;00081641;B1;Banco comercial/múltiplo com carteira comercial ou caixa econômica;Bancário;2;Privado nacional;8;SALVADOR;BA;2024-12-31;24220;1122;3955;3781;20264;870;2;0
COOPERATIVA DE CRÉDITO MÚTUO DOS SERVIDORES DA ASSEMBLEIA LEGISLATIVA DO ESTADO DE SÃO PAULO - COOPERALESP;4791645;;;;B3S;Cooperativa de crédito singular;Cooperativas;2;Privado nacional;9;SAO PAULO;SP;2024-12-31;24010;20770;1204;0;22806;1296;0;0
COOPERATIVA DE CRÉDITO DOS SERVIDORES DA UNIVERSIDADE FEDERAL DO ESPIRITO SANTO;27302181;;;;B3S;Cooperativa de crédito singular;Cooperativas;2;Privado nacional;9;VITORIA;ES;2024-12-31;23949;11408;13804;11690;10145;47;0;4
BONUSPAGO SOCIEDADE DE CRÉDITO DIRETO S.A.;36586946;BONUSPAGO SCD - PRUDENCIAL;;00085128;N1;Instituição não bancária de crédito;Não bancário;2;Privado nacional;43;CASCAVEL;PR;2024-12-31;23884;939;19946;19848;3937;1262;2;0
COOPERATIVA DE CRÉDITO DOS MAGISTRADOS DO ESTADO DO RIO DE JANEIRO LTDA. - MAGICREDI-RJ;5040680;;;;B3S;Cooperativa de crédito singular;Cooperativas;2;Privado nacional;9;RIO DE JANEIRO;RJ;2024-12-31;23525;16648;13718;12752;9808;59;0;2
COOPERATIVA DE ECONOMIA E CRÉDITO MÚTUO DOS FUNCIONÁRIOS DA VILLARES METALS;53846242;;;;B3S;Cooperativa de crédito singular;Cooperativas;2;Privado nacional;9;SUMARE;SP;2024-12-31;23418;18889;364;0;23054;946;0;0
INDEPENDÊNCIA COOPERATIVA DE CRÉDITO E INVESTIMENTO - INDEPENDÊNCIA COOPERATIVA DE CRÉDITO;4306351;;;;B3S;Cooperativa de crédito singular;Cooperativas;2;Privado nacional;9;SAO PAULO;SP;2024-12-31;23331;7138;10110;6555;13221;460;0;0
GOLCRED S/A - CRÉDITO, FINANCIAMENTO E INVESTIMENTO;7631026;GOLCRED - PRUDENCIAL;;00080965;N1;Instituição não bancária de crédito;Não bancário;2;Privado nacional;14;SAO JOSE;SC;2024-12-31;23150;19867;13971;12357;9179;1553;2;0
COOPERATIVA DE ECONOMIA E CREDITO MUTUO DOS SERVIDORES PUBLICOS DE PINHÃO - CRESERV-PINHÃO;4831810;;;;B3S;Cooperativa de crédito singular;Cooperativas;2;Privado nacional;9;PINHAO;PR;2024-12-31;23118;19269;15025;14313;8093;619;0;1
AMARIL FRANKLIN CORRETORA DE TÍTULOS E VALORES LTDA;17312661;AMARIL FRANKLIN CTV LTDA - PRUDENCIAL;;00082516;N2;Instituição não bancária do mercado de capitais;Não bancário;2;Privado nacional;15;BELO HORIZONTE;MG;2024-12-31;23110;0;12208;6854;10902;451;2;0
COOPERATIVA DE ECONOMIA E CRÉDITO MÚTUO DOS COLABORADORES DO GRUPO EMPRESARIAL A COSTA LTDA.;20062766;;;;B3S;Cooperativa de crédito singular;Cooperativas;2;Privado nacional;9;VISCONDE DO RIO BRANCO;MG;2024-12-31;23084;13140;2257;0;20827;782;0;1
SICOOB DISTRIBUIDORA DE TÍTULOS E VALORES MOBILIÁRIOS LTDA.;7397614;BANCO SICOOB - PRUDENCIAL;00051750;00080879;N2;Instituição não bancária do mercado de capitais;Não bancário;2;Privado nacional;16;BRASILIA;DF;2024-12-31;23070;0;8716;0;14354;4464;2;0
ASPECIR - SOCIEDADE DE CRÉDITO AO MICROEMPREENDEDOR E À EMPRESA DE PEQUENO PORTE LTDA.;5289612;ASPENFIN-BR SCMEPP LTDA. - PRUDENCIAL;;00083058;N1;Instituição não bancária de crédito;Não bancário;2;Privado nacional;10;PORTO ALEGRE;RS;2024-12-31;23022;15870;7931;0;15091;2004;2;0
COOPERATIVA DE ECONOMIA E CRÉDITO MÚTUO DOS FUNCIONÁRIOS DO GRUPO OWENS-ILLINOIS DO BRASIL;43182278;;;;B3S;Cooperativa de crédito singular;Cooperativas;2;Privado nacional;9;SAO PAULO;SP;2024-12-31;22628;8994;564;0;22064;1005;0;0
PARTNERBANK INSTITUICAO DE PAGAMENTO S.A.;28979546;PARTNERBANK IP - PRUDENCIAL;;00087391;N4;Instituição de pagamento;Não bancário;2;Privado nacional;41;SAO PAULO;SP;2024-12-31;22301;0;13894;11635;8407;650;1;0
COOPERATIVA DE ECONOMIA E CRÉDITO MÚTUO DOS EMPREGADOS DA AÇO MINAS GERAIS S.A. - AÇOMINAS E EMPRESAS SUBSIDIÁRIAS EM OURO BRANCO LTDA. - COOPAÇO;17314501;;;;B3S;Cooperativa de crédito singular;Cooperativas;2;Privado nacional;9;OURO BRANCO;MG;2024-12-31;22104;6845;4082;0;18022;949;0;0
COOPERATIVA DE ECONOMIA E CRÉDITO MÚTUO DOS EMPREGADOS DA COMPANHIA BRASILEIRA DE ALUMÍNIO;54335401;;;;B3S;Cooperativa de crédito singular;Cooperativas;2;Privado nacional;9;ALUMINIO;SP;2024-12-31;22012;13287;910;91;21102;649;0;0
CREDSYSTEM SOCIEDADE DE CRÉDITO DIRETO S.A.;39664698;CREDSYSTEM IP - PRUDENCIAL;;00085441;N1;Instituição não bancária de crédito;Não bancário;2;Privado nacional;43;BARUERI;SP;2024-12-31;21734;0;9327;5917;12407;1279;1;0
COOPERATIVA DE ECONOMIA E CRÉDITO MÚTUO DOS FUNCIONÁRIOS DO GRUPO JAL LTDA.;5548335;;;;B3S;Cooperativa de crédito singular;Cooperativas;2;Privado nacional;9;SAO JOAO DE MERITI;RJ;2024-12-31;21506;7404;3193;0;18313;789;0;0
COOPERATIVA DE ECONOMIA E CRÉDITO MÚTUO DOS SERVIDORES DA PREFEITURA MUNICIPAL DE ORLÂNDIA - CRED SERV;946465;;;;B3S;Cooperativa de crédito singular;Cooperativas;2;Privado nacional;9;ORLANDIA;SP;2024-12-31;21505;16087;1283;820;20223;1124;0;0
COLUNA S/A DISTRIBUIDORA DE TITULOS E VALORES MOBILIÁRIOS;460065;COLUNA S.A. DTVM - PRUDENCIAL;;00083728;N2;Instituição não bancária do mercado de capitais;Não bancário;2;Privado nacional;16;RIO DE JANEIRO;RJ;2024-12-31;21491;0;11713;0;9778;5192;2;0
COPERCRED - COOPERATIVA DE ECONOMIA E CRÉDITO MÚTUO DOS EMPREGADOS DAS EMPRESAS ZILLO LORENZETTI;58022195;;;;B3S;Cooperativa de crédito singular;Cooperativas;2;Privado nacional;9;LENCOIS PAULISTA;SP;2024-12-31;21205;8207;5212;4141;15993;725;0;1
MICROCASH SOCIEDADE DE CRÉDITO AO MICROEMPREENDEDOR E À EMPRESA DE PEQUENO PORTE LTDA.;45756448;MICROCASH SCMEPP - PRUDENCIAL;;00086079;N1;Instituição não bancária de crédito;Não bancário;2;Privado nacional;10;SAO PAULO;SP;2024-12-31;21002;583;17801;14060;3201;995;2;0
COOPERATIVA DE ECONOMIA E CRÉDITO MÚTUO DOS EMPREGADOS DAS EMPRESAS CONTROLADAS E COLIGADAS DA USINA SANTA ADELIA - USAGRO;68969625;;;;B3S;Cooperativa de crédito singular;Cooperativas;2;Privado nacional;9;JABOTICABAL;SP;2024-12-31;20903;13931;3451;2030;17452;1230;0;0
SENSO CORRETORA DE CAMBIO E VALORES MOBILIARIOS S.A;17352220;SENSO CCVM S.A. - PRUDENCIAL;;00082750;N2;Instituição não bancária do mercado de capitais;Não bancário;2;Privado nacional;15;RIO DE JANEIRO;RJ;2024-12-31;20866;0;14021;0;6845;-6815;2;0
AGK CORRETORA DE CAMBIO S.A.;250699;AGK CC S.A. - PRUDENCIAL;;00082035;N2;Instituição não bancária do mercado de capitais;Não bancário;2;Privado nacional;21;SAO PAULO;SP;2024-12-31;20730;0;13749;0;6981;407;2;0
CREDNOVO SOCIEDADE DE EMPRÉSTIMO ENTRE PESSOAS S. A.;38146949;PICPAY - PRUDENCIAL;00052632;00088022;N1;Instituição não bancária de crédito;Não bancário;2;Privado nacional;44;SAO PAULO;SP;2024-12-31;20566;0;19197;0;1369;-993;2;0
COOPERATIVA DE ECONOMIA E CRÉDITO MÚTUO DOS EMPREGADOS DAS EMPRESAS METALÚRGICAS DE MATÃO - METALCOOPERCRED;53505681;;;;B3S;Cooperativa de crédito singular;Cooperativas;2;Privado nacional;9;MATAO;SP;2024-12-31;20411;13068;1479;0;18932;834;0;0
LISTO SOCIEDADE DE CREDITO DIRETO S.A.;34088029;LISTO SCD - PRUDENCIAL;;00084930;N1;Instituição não bancária de crédito;Não bancário;3;Controle estrangeiro;43;SAO PAULO;SP;2024-12-31;20246;0;17393;16705;2852;-607;2;0
COOPERATIVA DE CRÉDITO DOS EMPREGADOS DA MINERAÇÃO RIO DO NORTE;4998845;;;;B3S;Cooperativa de crédito singular;Cooperativas;2;Privado nacional;9;ORIXIMINA;PA;2024-12-31;19997;14481;856;0;19141;726;0;0
INVEST CORRETORA DE CÂMBIO LTDA.;17508380;INVEST CC - PRUDENCIAL;;00082396;N2;Instituição não bancária do mercado de capitais;Não bancário;2;Privado nacional;21;PORTO ALEGRE;RS;2024-12-31;19972;0;14181;0;5791;50;2;0
COOPERATIVA DE ECONOMIA E CRÉDITO MÚTUO DOS COLABORADORES DA CEBRACE;53184438;;;;B3S;Cooperativa de crédito singular;Cooperativas;2;Privado nacional;9;JACAREI;SP;2024-12-31;19866;15162;1936;0;17930;1298;0;2
BROKER BRASIL CORRETORA DE CÂMBIO LTDA.;16944141;BROKER BRASIL CC LTDA. - PRUDENCIAL;;00082372;N2;Instituição não bancária do mercado de capitais;Não bancário;2;Privado nacional;21;SAO PAULO;SP;2024-12-31;19860;0;10104;0;9756;1753;2;0
COOPERATIVA DE CRÉDITO DOS EMPREGADOS DE ELEVADORES ATLAS;43730498;;;;B3S;Cooperativa de crédito singular;Cooperativas;2;Privado nacional;9;SAO PAULO;SP;2024-12-31;19858;12276;2283;0;17575;833;0;0
GLOBAL EXCHANGE DO BRASIL SOCIEDADE CORRETORA DE CÂMBIO LTDA.;21040668;GLOBAL EXCHANGE CC - PRUDENCIAL;;00084435;N2;Instituição não bancária do mercado de capitais;Não bancário;3;Controle estrangeiro;21;RIO DE JANEIRO;RJ;2024-12-31;19856;0;2296;0;17560;366;13;0
AGENCIA DE FOMENTO DO ESTADO DE RORAIMA S/A;3058464;AG. FOMENTO ESTADO DE RORAIMA - PRUDENCIAL;;00081036;N1;Instituição não bancária de crédito;Não bancário;1;Público;30;BOA VISTA;RR;2024-12-31;19802;6146;807;0;18995;135;2;0
OPPORTUNITY DISTRIBUIDORA DE TÍTULOS E VALORES MOBILIÁRIOS LTDA;1582158;OPPORTUNITY - PRUDENCIAL;;00080518;N2;Instituição não bancária do mercado de capitais;Não bancário;2;Privado nacional;16;RIO DE JANEIRO;RJ;2024-12-31;19726;0;3556;0;16170;2479;3;0
MONETARIE SOCIEDADE DE CRÉDITO DIRETO S.A.;46026562;MONETARIE SCD - PRUDENCIAL;;00085991;N1;Instituição não bancária de crédito;Não bancário;2;Privado nacional;43;PORTO ALEGRE;RS;2024-12-31;19610;1037;18075;17196;1535;162;2;0
EWALLY INSTITUIÇÃO DE PAGAMENTO S.A.;714671;EWALLY IP - PRUDENCIAL;;00086495;N4;Instituição de pagamento;Não bancário;2;Privado nacional;41;SAO PAULO;SP;2024-12-31;19376;0;16928;9972;2448;-40557;1;0
HEDGE INVESTMENTS DISTRIBUIDORA DE TÍTULOS E VALORES MOBILIÁRIOS LTDA.;7253654;HEDGE INVESTMENTS - PRUDENCIAL;;00083986;N2;Instituição não bancária do mercado de capitais;Não bancário;2;Privado nacional;16;SAO PAULO;SP;2024-12-31;19034;0;5661;1;13374;-345;2;0
COBANSA COMPANHIA HIPOTECARIA;53263331;COBANSA CH S.A. - PRUDENCIAL;;00081878;N1;Instituição não bancária de crédito;Não bancário;2;Privado nacional;29;SAO PAULO;SP;2024-12-31;18954;0;15045;190;3909;90;2;0
FÊNIX DISTRIBUIDORA DE TÍTULOS E VALORES MOBILIÁRIOS LTDA.;38429045;VIS DTVM - PRUDENCIAL;;00085537;N2;Instituição não bancária do mercado de capitais;Não bancário;2;Privado nacional;16;CUIABA;MT;2024-12-31;18784;0;14977;0;3807;-1903;2;0
COOPERATIVA DE ECONOMIA E CRÉDÍTO MÚTUO DOS FUNCIONÁRIOS DA MWM TUPY DO BRASIL;59620708;;;;B3S;Cooperativa de crédito singular;Cooperativas;2;Privado nacional;9;SAO PAULO;SP;2024-12-31;18716;14375;1503;0;17214;901;0;0
COOPERATIVA DE CRÉDITO DOS SERVIDORES PÚBLICOS MUNICIPAIS DA GRANDE VITÓRIA/ES;1235921;;;;B3S;Cooperativa de crédito singular;Cooperativas;2;Privado nacional;9;VITORIA;ES;2024-12-31;18618;11110;2009;1;16609;230;0;1
COOPERATIVA DE ECONOMIA E CRÉDITO MÚTUO DOS SERVIDORES PÚBLICOS MUNICIPAIS EM JOÃO MONLEVADE LTDA. - COPREMON;18310649;;;;B3S;Cooperativa de crédito singular;Cooperativas;2;Privado nacional;9;JOAO MONLEVADE;MG;2024-12-31;18532;13806;1174;0;17358;349;0;0
COOPERATIVA DE CRÉDITO E SERVIÇOS FINANCEIROS DE CURITIBA E REGIÃO METROPOLITANA;5097757;;;;B3S;Cooperativa de crédito singular;Cooperativas;2;Privado nacional;9;CURITIBA;PR;2024-12-31;18502;14764;9542;9057;8960;316;0;1
COOPERATIVA DE CRÉDITO MÚTUO DOS POLICIAIS FEDERAIS E SERVIDORES PÚBLICOS NO ESPÍRITO SANTO - CREDFEDERAL;2083914;;;;B3S;Cooperativa de crédito singular;Cooperativas;2;Privado nacional;9;VILA VELHA;ES;2024-12-31;18405;11450;13274;12548;5131;27;0;1
COOPERATIVA DE CREDITO RURAL DE GUACUI - CREDIGUAÇUÍ;32422628;;;;B3S;Cooperativa de crédito singular;Cooperativas;2;Privado nacional;9;GUACUI;ES;2024-12-31;18228;5430;8996;7338;9231;464;0;0
COOPERATIVA DE ECONOMIA E CRÉDITO MÚTUO DOS EMPREGADOS DA CEMIG E DAS INDÚSTRIAS METALÚRGICAS E DE MATERIAL ELÉTRICO E DOS SERVIDORES PÚBLICOS MUNICIPAIS DE JUIZ DE FORA LTDA. - SICOOB CECREMEC;17502881;;;;B3S;Cooperativa de crédito singular;Cooperativas;2;Privado nacional;9;BELO HORIZONTE;MG;2024-12-31;18110;10595;8972;7866;9138;-8;0;0
PAGINVEST CORRETORA DE TITULOS E VALORES MOBILIARIOS LTDA.;46403683;PAGSEGURO - PRUDENCIAL;00052182;00084813;N2;Instituição não bancária do mercado de capitais;Não bancário;2;Privado nacional;15;SAO PAULO;SP;2024-12-31;18104;0;1261;0;16843;474;2;0
AGENCIA DE FOMENTO DO AMAPA S.A.;2929977;AG. FOMENTO AMAPA S.A. - PRUDENCIAL;;00081098;N1;Instituição não bancária de crédito;Não bancário;1;Público;30;MACAPA;AP;2024-12-31;18079;16794;2060;168;16019;-793;2;0
SISPAY INSTITUIÇÃO DE PAGAMENTO LTDA.;12651789;SISPAY IP - PRUDENCIAL;;00087528;N4;Instituição de pagamento;Não bancário;2;Privado nacional;41;SAO PAULO;SP;2024-12-31;18058;0;11850;10791;6208;4251;1;0
SOCIEDADE DE CRÉDITO, FINANCIAMENTO E INVESTIMENTO EFÍ S.A.;37229413;EFI S.A. IP - PRUDENCIAL;;00084978;N1;Instituição não bancária de crédito;Não bancário;2;Privado nacional;14;OURO PRETO;MG;2024-12-31;17815;10294;12466;10714;5350;-3842;2;0
H.COMMCOR DISTRIBUIDORA DE TÍTULOS E VALORES MOBILIÁRIOS LTDA.;1788147;H.COMMCOR DTVM LTDA. - PRUDENCIAL;;00084222;N2;Instituição não bancária do mercado de capitais;Não bancário;2;Privado nacional;16;SAO PAULO;SP;2024-12-31;17615;0;2880;93;14735;-673;2;0
COOPERATIVA DE ECONOMIA E CRÉDITO MÚTUO DOS FUNCIONÁRIOS DA TICKET SERVIÇOS COMÉRCIO E ADMINISTRAÇÃO;57440521;;;;B3S;Cooperativa de crédito singular;Cooperativas;2;Privado nacional;9;SAO PAULO;SP;2024-12-31;17533;3155;4805;0;12728;530;0;0
COOPERATIVA DE ECONOMIA E CRÉDITO MÚTUO DOS EMPREGADOS DA UNIÃO MARISTA DO BRASIL E SUAS ASSOCIADAS, PROVÍNCIA MARISTA BRASIL CENTRO-NORTE E UNIÃO BRASILEIRA DE EDUCAÇÃO CATÓLICA.;2588819;;;;B3S;Cooperativa de crédito singular;Cooperativas;2;Privado nacional;9;BELO HORIZONTE;MG;2024-12-31;17126;10204;2085;0;15041;507;0;0
KANASTRA FINANCEIRA S.A, CREDITO, FINANCIAMENTO E INVESTIMENTO;49288113;KANASTRA FINANCEIRA CFI - PRUDENCIAL;;00086770;N1;Instituição não bancária de crédito;Não bancário;3;Controle estrangeiro;14;UBERLANDIA;MG;2024-12-31;17121;0;3449;3085;13673;553;2;0
IB CORRETORA DE CÂMBIO, TÍTULOS E VALORES MOBILIÁRIOS S.A.;27842177;BPY CCTVM - PRUDENCIAL;;00084765;N2;Instituição não bancária do mercado de capitais;Não bancário;2;Privado nacional;15;SAO PAULO;SP;2024-12-31;17016;0;13327;9295;3690;-940;2;0
UNAVANTI SOCIEDADE DE CRÉDITO DIRETO S/A;42047025;UNAVANTI SCD - PRUDENCIAL;;00085740;N1;Instituição não bancária de crédito;Não bancário;2;Privado nacional;43;MARINGA;PR;2024-12-31;16661;4887;11664;9161;4997;-32;2;0
COOPERATIVA DE ECONOMIA E CRÉDITO MÚTUO DOS  EMPREGADOS DA TUPY MINAS GERAIS LTDA. E NEMAK ALUMÍNIO DO BRASIL LTDA.;4249235;;;;B3S;Cooperativa de crédito singular;Cooperativas;2;Privado nacional;9;BETIM;MG;2024-12-31;16611;7090;177;0;16434;675;0;0
RIO BRAVO INVESTIMENTOS - DISTRIBUIDORA DE TÍTULOS E VALORES MOBILIÁRIOS LTDA.;72600026;RIO BRAVO INVESTIMENTOS DTVM - PRUDENCIAL;;00087975;N2;Instituição não bancária do mercado de capitais;Não bancário;3;Controle estrangeiro;16;SAO PAULO;SP;2024-12-31;16507;0;6796;0;9711;1124;2;0
COOPERATIVA DE CRÉDITO COOPHARMA;2814832;;;;B3S;Cooperativa de crédito singular;Cooperativas;2;Privado nacional;9;SAO PAULO;SP;2024-12-31;16475;11884;734;0;15740;702;0;0
COOPERATIVA DE ECONOMIA E CRÉDITO MÚTUO DOS EMPREGADOS DO SISTEMA FIERGS - CRESUL;92675578;;;;B3S;Cooperativa de crédito singular;Cooperativas;2;Privado nacional;9;PORTO ALEGRE;RS;2024-12-31;16369;10893;1628;0;14741;1127;0;0
COOPERATIVA DE ECONOMIA E CREDITO MUTUO DOS EMPREGADOS DE CHOCOLATES GAROTO LTDA. - CREDI-GAROTO;30949267;;;;B3S;Cooperativa de crédito singular;Cooperativas;2;Privado nacional;9;VILA VELHA;ES;2024-12-31;16362;8190;13443;12670;2919;170;0;0
COOPERATIVA DE ECONOMIA E CREDITO MUTUO DOS EMPREGADOS DE ELEVADORES ATLAS SCHINDLER LTDA.;42107706;;;;B3S;Cooperativa de crédito singular;Cooperativas;2;Privado nacional;9;RIO DE JANEIRO;RJ;2024-12-31;16333;11796;1900;0;14434;1004;0;0
CREDISIS COOPESA - COOPERATIVA DE ECONOMIA E CRÉDITO;6975532;;;;B3S;Cooperativa de crédito singular;Cooperativas;2;Privado nacional;9;PORTO ALEGRE;RS;2024-12-31;16267;4061;6597;2907;9671;58;0;0
COOPERATIVA DE ECONOMIA E CRÉDITO MÚTUO DOS FUNCIONÁRIOS PÚBLICOS MUNICIPAIS DE ITAPIRA - CREDITA;2115870;;;;B3S;Cooperativa de crédito singular;Cooperativas;2;Privado nacional;9;ITAPIRA;SP;2024-12-31;16186;12144;493;0;15693;762;0;0
OMNI S.A. ARRENDAMENTO MERCANTIL;18846364;OMNI - PRUDENCIAL;00050940;00080460;N1;Instituição não bancária de crédito;Não bancário;2;Privado nacional;19;SAO PAULO;SP;2024-12-31;16170;358;2879;0;13290;757;2;0
COOPERATIVA DE ECONOMIA E CREDITO MUTUO DOS EMPREGADOS DO GRUPO BAYER LTDA;73631483;;;;B3S;Cooperativa de crédito singular;Cooperativas;2;Privado nacional;9;BELFORD ROXO;RJ;2024-12-31;16162;8750;1270;0;14892;779;0;0
FACEBOOK INSTITUIÇÃO DE PAGAMENTO DO BRASIL LTDA.;39321657;FACEBOOK INSTITUICAO PAGAMENTO - PRUDENCIAL;;00085692;N4;Instituição de pagamento;Não bancário;3;Controle estrangeiro;41;SAO PAULO;SP;2024-12-31;16051;0;4399;0;11652;-357;1;0
COOPERATIVA DE ECONOMIA E CRÉDITO MÚTUO DOS PETROLEIROS NO ESTADO DE MINAS GERAIS LTDA. - COPETRO;26758433;;;;B3S;Cooperativa de crédito singular;Cooperativas;2;Privado nacional;9;BELO HORIZONTE;MG;2024-12-31;16007;14659;1458;0;14549;-368;0;0
DIBRAN DISTRIBUIDORA DE TÍTULOS E VALORES MOBILIÁRIOS LTDA.;62280490;TRADERS DTVM - PRUDENCIAL;;00083845;N2;Instituição não bancária do mercado de capitais;Não bancário;2;Privado nacional;16;SAO PAULO;SP;2024-12-31;15917;0;448;0;15470;258;2;0
FINAXIS CORRETORA DE TÍTULOS E VALORES MOBILIÁRIOS S.A.;3317692;FINAXIS - PRUDENCIAL;00051688;00080790;N2;Instituição não bancária do mercado de capitais;Não bancário;2;Privado nacional;15;CURITIBA;PR;2024-12-31;15605;0;4704;0;10901;-440;2;0
FACILITA INSTITUICAO DE PAGAMENTO S/A;10789035;FACILITA IP - PRUDENCIAL;;00087449;N4;Instituição de pagamento;Não bancário;2;Privado nacional;41;NOVA LIMA;MG;2024-12-31;15515;0;12942;68;2573;915;1;0
BMG S.A. DISTRIBUIDORA DE TÍTULOS E VALORES MOBILIÁRIOS;8030215;BMG - PRUDENCIAL;00030290;00080178;N2;Instituição não bancária do mercado de capitais;Não bancário;2;Privado nacional;16;SAO PAULO;SP;2024-12-31;15480;0;1480;0;14000;16;2;0
FAMÍLIA PAULISTA COMPANHIA HIPOTECÁRIA;53146221;FAMILIA PAULISTA CI S.A. - PRUDENCIAL;;00083429;N1;Instituição não bancária de crédito;Não bancário;2;Privado nacional;29;SANTOS;SP;2024-12-31;15435;121;5331;0;10103;41;2;0
COOPERATIVA DE ECONOMIA E CREDITO MUTUO DOS TRABALHADORES PORTUARIOS DA GRANDE VITORIA - CREDESTIVA.;3844699;;;;B3S;Cooperativa de crédito singular;Cooperativas;2;Privado nacional;9;VITORIA;ES;2024-12-31;15271;10483;4072;2763;11199;240;0;0
BNK DIGITAL SOCIEDADE DE CRÉDITO DIRETO S.A.;45331622;BNK DIGITAL SCD - PRUDENCIAL;;00086031;N1;Instituição não bancária de crédito;Não bancário;2;Privado nacional;43;SAO JOSE DO RIO PRETO;SP;2024-12-31;15109;884;12556;11575;2553;-232;2;0
BEETELLER INSTITUIÇÃO DE PAGAMENTO LTDA.;32074986;BEETELLERPAY IP - PRUDENCIAL;;00086718;N4;Instituição de pagamento;Não bancário;2;Privado nacional;41;CAMPO GRANDE;MS;2024-12-31;15023;0;11287;8953;3736;1319;1;0
COOPERATIVA DE ECONOMIA E CRÉDITO MÚTUO DOS EMPREGADOS DA NOVELIS;57545436;;;;B3S;Cooperativa de crédito singular;Cooperativas;2;Privado nacional;9;SANTO ANDRE;SP;2024-12-31;15005;11550;1297;0;13708;295;0;0
COOPERATIVA DE CRÉDITO DOS SERVIDORES PÚBLICOS MUNICIPAIS DE TIMÓTEO LTDA. - COOPERTIM;20833976;;;;B3S;Cooperativa de crédito singular;Cooperativas;2;Privado nacional;9;TIMOTEO;MG;2024-12-31;14964;10987;1081;0;13884;876;0;0
COOPERATIVA DE CRÉDITO E INVESTIMENTO UNINDÚSTRIA;53841911;;;;B3S;Cooperativa de crédito singular;Cooperativas;2;Privado nacional;9;CONCORDIA;SC;2024-12-31;14873;4574;9065;8528;5808;-1034;0;2
COOPERATIVA DE ECONOMIA E CREDITO MUTUO DOS SERVIDORES DA COMLURB LTDA;29341260;;;;B3S;Cooperativa de crédito singular;Cooperativas;2;Privado nacional;9;RIO DE JANEIRO;RJ;2024-12-31;14794;5304;954;0;13840;823;0;0
WEALTH HIGH GOVERNANCE DISTRIBUIDORA DE TÍTULOS E VALORES MOBILIÁRIOS S.A.;47631123;WEALTH HIGH GOVERNANCE DTVM - PRUDENCIAL;;00087229;N2;Instituição não bancária do mercado de capitais;Não bancário;2;Privado nacional;16;SAO PAULO;SP;2024-12-31;14683;0;6219;0;8464;-45;2;0
COOPERATIVA DE ECONOMIA E CRÉDITO MÚTUO DOS EMPREGADOS DO GRUPO SBF LTDA. - COOPER ATIVA SBF;2232228;;;;B3S;Cooperativa de crédito singular;Cooperativas;2;Privado nacional;9;SAO PAULO;SP;2024-12-31;14629;12684;914;0;13715;771;0;0
RJI CORRETORA DE TITULOS E VALORES MOBILIARIOS LTDA;42066258;RJI CTVM - PRUDENCIAL;;00082798;N2;Instituição não bancária do mercado de capitais;Não bancário;2;Privado nacional;15;RIO DE JANEIRO;RJ;2024-12-31;14613;0;5944;0;8669;944;3;0
COOPERATIVA DE ECONOMIA E CRÉDITO MÚTUO DOS FUNCIONÁRIOS DA ASTRAZENECA DO BRASIL;1288797;;;;B3S;Cooperativa de crédito singular;Cooperativas;2;Privado nacional;9;COTIA;SP;2024-12-31;14565;10147;1431;0;13134;554;0;0
ISTPAY INSTITUICAO DE PAGAMENTO LTDA;36010822;3X IP - PRUDENCIAL;;00087597;N4;Instituição de pagamento;Não bancário;2;Privado nacional;41;BELO HORIZONTE;MG;2024-12-31;14463;0;5730;0;8732;2427;1;0
COOPERATIVA DE ECONOMIA E CRÉDITO MÚTUO DOS EMPREGADOS DA SAMARCO MINERAÇÃO S.A. LTDA - CREDISAM;20622809;;;;B3S;Cooperativa de crédito singular;Cooperativas;2;Privado nacional;9;BELO HORIZONTE;MG;2024-12-31;14443;6087;1068;0;13375;342;0;0
COOPERATIVA DE ECONOMIA E CRÉDITO MÚTUO DOS SERVIDORES MUNICIPAIS DE POÇOS DE CALDAS LTDA. - COOPOÇOS;41791005;;;;B3S;Cooperativa de crédito singular;Cooperativas;2;Privado nacional;9;POCOS DE CALDAS;MG;2024-12-31;14314;10942;2455;528;11860;-175;0;0
UZZIPAY INSTITUIÇÃO DE PAGAMENTO S.A.;32192325;UZZIPAY IP - PRUDENCIAL;;00086763;N4;Instituição de pagamento;Não bancário;2;Privado nacional;41;PORTO VELHO;RO;2024-12-31;14224;0;7577;6505;6647;-2320;1;0
COOPERATIVA DE ECONOMIA E CRÉDITO MÚTUO DOS SERVIDORES MUNICIPAIS DE ITABIRA LTDA. - SICOOB COSEMI;16651002;;;;B3S;Cooperativa de crédito singular;Cooperativas;2;Privado nacional;9;ITABIRA;MG;2024-12-31;14160;11237;4972;3238;9188;501;0;0
COOPERATIVA DE ECONOMIA E CRÉDITO MÚTUO DOS SERVIDORES PÚBLICOS DO PODER EXECUTIVO FEDERAL NO ESTADO DO ESPÍRITO SANTO - CREDES;3639902;;;;B3S;Cooperativa de crédito singular;Cooperativas;2;Privado nacional;9;VITORIA;ES;2024-12-31;14149;7317;1711;614;12438;195;0;0
NIKOS DISTRIBUIDORA DE TÍTULOS E VALORES MOBILIÁRIOS LTDA.;87963450;NIKOS DTVM - PRUDENCIAL;;00087621;N2;Instituição não bancária do mercado de capitais;Não bancário;2;Privado nacional;16;RIO DE JANEIRO;RJ;2024-12-31;14069;0;4636;0;9433;-2842;2;0
CDC SOCIEDADE DE CRÉDITO DIRETO S.A.;18394228;CDC SCD - PRUDENCIAL;;00083326;N1;Instituição não bancária de crédito;Não bancário;2;Privado nacional;43;BELO HORIZONTE;MG;2024-12-31;13605;5621;10136;5812;3470;277;2;0
COOPERATIVA DE ECONOMIA E CRÉDITO MÚTUO DOS SERVIDORES PÚBLICOS DA REGIÃO METROPOLITANA DE BELÉM - CREDISIS CREDBEM METROPOLITANA;991739;;;;B3S;Cooperativa de crédito singular;Cooperativas;2;Privado nacional;9;BELEM;PA;2024-12-31;13493;9216;1941;0;11553;685;0;0
INTERCAM CORRETORA DE CÂMBIO LTDA.;34265629;INTERCAM CC LTDA - PRUDENCIAL;;00081926;N2;Instituição não bancária do mercado de capitais;Não bancário;2;Privado nacional;21;SAO PAULO;SP;2024-12-31;13377;0;5935;0;7443;-320;2;0
ABN AMRO CLEARING CORRETORA DE TÍTULOS E VALORES MOBILIÁRIOS LTDA.;44527444;BCO ABN AMRO CLEARING - PRUDENCIAL;00052302;00081579;N2;Instituição não bancária do mercado de capitais;Não bancário;3;Controle estrangeiro;15;SAO PAULO;SP;2024-12-31;13254;0;590;0;12663;-6940;2;0
BNQI SOCIEDADE DE CREDITO DIRETO S.A.;43167610;BANQI IP - PRUDENCIAL;;00085829;N1;Instituição não bancária de crédito;Não bancário;2;Privado nacional;43;SAO PAULO;SP;2024-12-31;12939;0;392;0;12547;838;2;0
PAGARE INSTITUICAO DE PAGAMENTO S.A.;25104230;PAGARE IP - PRUDENCIAL;;00087607;N4;Instituição de pagamento;Não bancário;2;Privado nacional;41;SAO PAULO;SP;2024-12-31;12863;245;5956;1887;6907;-1034;1;0
A27 INSTITUICAO DE PAGAMENTOS S/A;35534511;A27 IP - PRUDENCIAL;;00087504;N4;Instituição de pagamento;Não bancário;2;Privado nacional;41;FLORES DA CUNHA;RS;2024-12-31;12634;0;7432;7375;5203;48;1;0
COOPERATIVA DE ECONOMIA E CRÉDITO MÚTUO DOS EMPREGADOS DA CONFAB;59305565;;;;B3S;Cooperativa de crédito singular;Cooperativas;2;Privado nacional;9;PINDAMONHANGABA;SP;2024-12-31;12532;7699;312;0;12220;516;0;0
ACTIVTRADES CORRETORA DE CÂMBIO, TÍTULOS E VALORES MOBILIÁRIOS LTDA.;43050917;ACTIVTRADES CCTVM - PRUDENCIAL;;00085977;N2;Instituição não bancária do mercado de capitais;Não bancário;3;Controle estrangeiro;15;FLORIANOPOLIS;SC;2024-12-31;12526;0;1420;247;11106;3071;2;0
QUADRA SOCIEDADE DE CRÉDITO DIRETO S.A.;49555647;QUADRA SCD - PRUDENCIAL;;00086646;N1;Instituição não bancária de crédito;Não bancário;2;Privado nacional;43;SAO PAULO;SP;2024-12-31;12465;0;9820;9212;2645;52;2;0
COOPERATIVA DE ECONOMIA E CRÉDITO MÚTUO DOS MEMBROS DO MINISTÉRIO PÚBLICO DE SÃO PAULO - PROMOCRED;4478231;;;;B3S;Cooperativa de crédito singular;Cooperativas;2;Privado nacional;9;SAO PAULO;SP;2024-12-31;12350;6159;749;0;11602;361;0;0
COOPERATIVA DE ECONOMIA E CREDITO MUTUO JOHN F. KENNEDY LTDA;33735192;;;;B3S;Cooperativa de crédito singular;Cooperativas;2;Privado nacional;9;RIO DE JANEIRO;RJ;2024-12-31;12266;7398;4914;3847;7352;127;0;2
GET MONEY CORRETORA DE CÂMBIO S.A.;10853017;GET MONEY CC - PRUDENCIAL;;00082255;N2;Instituição não bancária do mercado de capitais;Não bancário;2;Privado nacional;21;SAO PAULO;SP;2024-12-31;12192;0;3369;0;8823;1029;2;0
HR DIGITAL - SOCIEDADE DE CRÉDITO DIRETO S/A;44292580;HR DIGITAL SCD - PRUDENCIAL;;00085908;N1;Instituição não bancária de crédito;Não bancário;2;Privado nacional;43;BRASILIA;DF;2024-12-31;12190;629;3828;344;8362;4591;2;0
COOPERATIVA DE ECONOMIA E CREDITO MUTUO DOS SERVIDORES ESTATUTARIOS DA ADMINISTRAÇÃO DIRETA DO ESTADO DO ESPIRITO SANTO - COOPSERVIDOR ES;2475222;;;;B3S;Cooperativa de crédito singular;Cooperativas;2;Privado nacional;9;VITORIA;ES;2024-12-31;12130;8391;5353;4175;6776;28;0;0
PLANNER SOCIEDADE DE CRÉDITO DIRETO S.A.;5684234;PLANNER - PRUDENCIAL;00051341;00080587;N1;Instituição não bancária de crédito;Não bancário;2;Privado nacional;43;SAO PAULO;SP;2024-12-31;12052;302;6325;6271;5727;201;2;0
SUDACRED SOCIEDADE DE CRÉDITO DIRETO S.A.;20251847;SUDACRED SCD - PRUDENCIAL;;00084428;N1;Instituição não bancária de crédito;Não bancário;2;Privado nacional;43;CURITIBA;PR;2024-12-31;12029;11590;2919;0;9110;712;2;0
COOPERATIVA DE ECONOMIA E CRÉDITO MÚTUO DOS FUNCIONÁRIOS DO FLEURY;71965313;;;;B3S;Cooperativa de crédito singular;Cooperativas;2;Privado nacional;9;SAO PAULO;SP;2024-12-31;11820;5661;125;0;11695;406;0;0
COOPERATIVA DE ECONOMIA E CRÉDITO MÚTUO DOS FUNCIONÁRIOS DA BOMBRIL;57038408;;;;B3S;Cooperativa de crédito singular;Cooperativas;2;Privado nacional;9;SAO BERNARDO DO CAMPO;SP;2024-12-31;11722;8741;1923;0;9800;488;0;0
COOPERATIVA DE ECONOMIA E CRÉDITO MÚTUO DOS EMPREGADOS DA JOYSON SAFETY SYSTEMS - COOPERJSS;47944277;;;;B3S;Cooperativa de crédito singular;Cooperativas;2;Privado nacional;9;JUNDIAI;SP;2024-12-31;11592;871;1983;1019;9609;-1682;0;0
SOLFÁCIL SOCIEDADE DE CRÉDITO DIRETO S.A.;48755901;SOLFÁCIL SCFI - PRUDENCIAL;;00086440;N1;Instituição não bancária de crédito;Não bancário;2;Privado nacional;43;SAO PAULO;SP;2024-12-31;11572;1041;3554;0;8018;1122;2;0
EXIM CORRETORA DE CAMBIO LTDA;73302408;EXIM CC LTDA - PRUDENCIAL;;00082217;N2;Instituição não bancária do mercado de capitais;Não bancário;2;Privado nacional;21;PORTO ALEGRE;RS;2024-12-31;11563;0;10552;0;1011;122;2;0
COOPERATIVA DE ECONOMIA E CRÉDITO MÚTUO DOS FUNCIONÁRIOS DO GRUPO COMOLATTI - SÃO PAULO;47196084;;;;B3S;Cooperativa de crédito singular;Cooperativas;2;Privado nacional;9;SAO PAULO;SP;2024-12-31;11546;6675;1036;0;10510;594;0;0
COOPERATIVA DE CRÉDITO MÚTUO DOS EMPREGADOS DA SKF E COLIGADAS;49091119;;;;B3S;Cooperativa de crédito singular;Cooperativas;2;Privado nacional;9;CAJAMAR;SP;2024-12-31;11484;6926;184;0;11300;801;0;0
N26 SOCIEDADE DE CRÉDITO DIRETO S.A.;40867163;N26 SCD - PRUDENCIAL;;00085623;N1;Instituição não bancária de crédito;Não bancário;3;Controle estrangeiro;43;SAO PAULO;SP;2024-12-31;11384;0;9192;8876;2193;-3414;2;0
COOPERATIVA DE ECONOMIA E CRÉDITO MÚTUO DOS FUNCIONÁRIOS DO GRUPO LORENZETTI;44905255;;;;B3S;Cooperativa de crédito singular;Cooperativas;2;Privado nacional;9;SAO PAULO;SP;2024-12-31;11154;2387;1104;0;10050;462;0;0
AZIMUT BRASIL DISTRIBUIDORA DE TÍTULOS E VALORES MOBILIÁRIOS LTDA;18684408;AZIMUT BRASIL DTVM - PRUDENCIAL;;00084325;N2;Instituição não bancária do mercado de capitais;Não bancário;3;Controle estrangeiro;16;SAO PAULO;SP;2024-12-31;10931;0;6210;5400;4720;151;2;0
CREDJUST - COOPERATIVA DE CRÉDITO MÚTUO DOS INTEGRANTES DA JUSTIÇA DO TRABALHO DA 13- REGIÃO LTDA.;4608925;;;;B3S;Cooperativa de crédito singular;Cooperativas;2;Privado nacional;9;JOAO PESSOA;PB;2024-12-31;10837;9993;3658;3333;7179;151;0;1
NOSSA TERRA COOPERATIVA DE CRÉDITO DOS EMPREGADOS DAS EMPRESAS DE AGRONEGÓCIO E AFINS;49204605;;;;B3S;Cooperativa de crédito singular;Cooperativas;2;Privado nacional;9;CAJATI;SP;2024-12-31;10587;5200;612;0;9975;259;0;0
SER FINANCE SOCIEDADE DE CRÉDITO DIRETO S.A.;47873449;SER FINANCE SCD - PRUDENCIAL;;00086378;N1;Instituição não bancária de crédito;Não bancário;2;Privado nacional;43;RECIFE;PE;2024-12-31;10545;193;461;14;10083;-2412;2;0
COOPERATIVA DE CRÉDITO RURAL DOS PLANTADORES DE CANA DA REGIÃO DE IGARAPAVA;52623311;;;;B3S;Cooperativa de crédito singular;Cooperativas;2;Privado nacional;9;IGARAPAVA;SP;2024-12-31;10478;3972;1564;0;8915;107;0;0
PAY2ALL INSTITUICAO DE PAGAMENTO LTDA;44815065;BTG PACTUAL - PRUDENCIAL;;00080336;N4;Instituição de pagamento;Não bancário;2;Privado nacional;41;RIO DE JANEIRO;RJ;2024-12-31;10402;0;8502;8500;1901;55;1;0
DILLON S/A DISTRIBUIDORA DE TITULOS E VALORES MOBILIARIOS;33851064;DILLON S/A DTVM - PRUDENCIAL;;00083807;N2;Instituição não bancária do mercado de capitais;Não bancário;2;Privado nacional;16;RIO DE JANEIRO;RJ;2024-12-31;10386;0;1420;13;8966;-538;3;0
ONCRED - SOCIEDADE DE CRÉDITO DIRETO S.A.;44650156;ONCRED SCD - PRUDENCIAL;;00086000;N1;Instituição não bancária de crédito;Não bancário;2;Privado nacional;43;SAO CAETANO DO SUL;SP;2024-12-31;10318;10968;1771;0;8547;1102;2;0
PENTAGONO S/A DISTRIBUIDORA DE TITULOS E VALORES MOBILIARIOS;17343682;PENTAGONO S/A DTVM - PRUDENCIAL;;00083773;N2;Instituição não bancária do mercado de capitais;Não bancário;2;Privado nacional;16;RIO DE JANEIRO;RJ;2024-12-31;10217;0;5321;0;4896;4838;3;0
CREDI-SHOP - SOCIEDADE DE CRÉDITO DIRETO S.A.;54733010;CREDI SHOP S.A. - PRUDENCIAL;;00084923;N1;Instituição não bancária de crédito;Não bancário;2;Privado nacional;43;TERESINA;PI;2024-12-31;10192;93;135;0;10057;264;2;0
TYCOON TECHNOLOGY INSTITUICAO DE PAGAMENTO S.A;26615279;TYCOON TECHNOLOGY IP - PRUDENCIAL;;00087274;N4;Instituição de pagamento;Não bancário;2;Privado nacional;41;CURITIBA;PR;2024-12-31;10043;0;9969;4781;74;291;1;0
RAPIDIUM SOCIEDADE DE CRÉDITO AO MICROEMPREENDEDOR E À EMPRESA DE PEQUENO PORTE S.A.;40269467;RAPIDIUM SCMEPP - PRUDENCIAL;;00085575;N1;Instituição não bancária de crédito;Não bancário;2;Privado nacional;10;TOLEDO;PR;2024-12-31;9982;9909;5218;4619;4764;265;2;0
SOCIALCRED S/A - SOCIEDADE DE CRÉDITO AO MICROEMPREENDEDOR E À EMPRESA DE PEQUENO PORTE;4316357;SOCIALCRED S/A SCMEPP - PRUDENCIAL;;00083027;N1;Instituição não bancária de crédito;Não bancário;2;Privado nacional;10;RIO DE JANEIRO;RJ;2024-12-31;9878;9081;181;0;9696;111;2;0
COOPERATIVA DE CRÉDITO MÚTUO DOS EMPREGADOS DA PILKINGTON BRASIL;2104058;;;;B3S;Cooperativa de crédito singular;Cooperativas;2;Privado nacional;9;CACAPAVA;SP;2024-12-31;9844;5978;164;0;9680;438;0;0
LABOR SOCIEDADE CORRETORA DE CÂMBIO LTDA.;6132348;LABOR CC - PRUDENCIAL;;00082073;N2;Instituição não bancária do mercado de capitais;Não bancário;2;Privado nacional;21;RECIFE;PE;2024-12-31;9559;0;2431;0;7128;265;12;0
DUFRIO FINANCEIRA, CRÉDITO, FINANCIAMENTO E INVESTIMENTOS S.A.;35479592;DUFRIO CFI - PRUDENCIAL;;00085324;N1;Instituição não bancária de crédito;Não bancário;2;Privado nacional;14;PORTO ALEGRE;RS;2024-12-31;9537;4562;245;0;9292;-1302;2;0
GALLERIA - SOCIEDADE DE CRÉDITO DIRETO S/A;51604356;GALLERIA SCD - PRUDENCIAL;;00087078;N1;Instituição não bancária de crédito;Não bancário;2;Privado nacional;43;VOTORANTIM;SP;2024-12-31;9419;0;4606;0;4813;1360;2;0
COOPERATIVA DE ECONOMIA E CRÉDITO MÚTUO DOS SERVIDORES DA SECRETARIA DE DEFESA SOCIAL DO ESTADO DE MINAS GERAIS LTDA. - COOPSESP;5746715;;;;B3S;Cooperativa de crédito singular;Cooperativas;2;Privado nacional;9;BELO HORIZONTE;MG;2024-12-31;9391;4764;639;0;8752;53;0;0
COOPERATIVA DE ECONOMIA E CRÉDITO MÚTUO DOS SERVIDORES DO DISTRITO FEDERAL LTDA. - COOSERVCRED;778858;;;;B3S;Cooperativa de crédito singular;Cooperativas;2;Privado nacional;9;BRASILIA;DF;2024-12-31;9374;8015;3924;3159;5450;161;0;0
COOPERATIVA DE CRÉDITO MÚTUO DOS SERVIDORES DA SEGURANÇA PÚBLICA DE SÃO PAULO - CREDIAFAM;4804353;;;;B3S;Cooperativa de crédito singular;Cooperativas;2;Privado nacional;9;SAO PAULO;SP;2024-12-31;9369;3489;601;0;8768;195;0;0
COOPERATIVA DE ECONOMIA E CRÉDITO MÚTUO DOS ELETRICITÁRIOS E DOS TRABALHADORES DAS EMPRESAS DO SETOR DE ENERGIA - COOPCRECE;92825397;;;;B3S;Cooperativa de crédito singular;Cooperativas;2;Privado nacional;9;PORTO ALEGRE;RS;2024-12-31;9334;8394;7096;6753;2239;-69;0;1
ALL IN CRED SOCIEDADE DE CREDITO DIRETO S.A.;51414521;ALL IN CRED SCD - PRUDENCIAL;;00087085;N1;Instituição não bancária de crédito;Não bancário;2;Privado nacional;43;SAO PAULO;SP;2024-12-31;9232;5139;8553;112;679;-1584;2;0
COOPERATIVA DE ECONOMIA E CRÉDITO MÚTUO DOS TRABALHADORES NAS INDÚSTRIAS DE EXTRAÇÃO DE FERRO E METAIS BÁSICOS DA REGIÃO DE CONGONHAS LTDA. - COOFERSE;71384697;;;;B3S;Cooperativa de crédito singular;Cooperativas;2;Privado nacional;9;CONGONHAS;MG;2024-12-31;9056;7551;1030;0;8026;210;0;0
HSCM - SOCIEDADE DE CRÉDITO AO MICROEMPREENDEDOR E À EMPRESA DE PEQUENO PORTE LTDA.;7693858;HSCM SCMEPP LTDA. - PRUDENCIAL;;00083089;N1;Instituição não bancária de crédito;Não bancário;2;Privado nacional;10;IBIA;MG;2024-12-31;9055;6380;1966;0;7089;613;2;0
COOPERATIVA DE ECONOMIA E CRÉDITO MÚTUO DOS FUNCIONÁRIOS DA FACULDADE DE CIÊNCIAS AGRÁRIAS E VETERINÁRIAS - CAMPUS DE JABOTICABAL/SP - COOPERFAC;57259525;;;;B3S;Cooperativa de crédito singular;Cooperativas;2;Privado nacional;9;JABOTICABAL;SP;2024-12-31;9027;8267;630;0;8397;198;0;0
UP.P SOCIEDADE DE EMPRÉSTIMO ENTRE PESSOAS S.A.;35977097;UP.P SEP - PRUDENCIAL;;00085087;N1;Instituição não bancária de crédito;Não bancário;2;Privado nacional;44;SAO PAULO;SP;2024-12-31;8972;0;4873;1846;4098;543;2;0
G5 SOCIEDADE DE CRÉDITO DIRETO S.A.;51212088;G5 SCD - PRUDENCIAL;;00087047;N1;Instituição não bancária de crédito;Não bancário;2;Privado nacional;43;SAO JOSE;SC;2024-12-31;8944;3369;28;3;8916;-79;2;0
COOPERATIVA DE ECONOMIA E CRÉDITO MÚTUO DOS FUNCIONÁRIOS DA MORLAN - CRED MORLAN;731320;;;;B3S;Cooperativa de crédito singular;Cooperativas;2;Privado nacional;9;ORLANDIA;SP;2024-12-31;8908;7159;888;0;8020;-137;0;0
COOPERATIVA DE ECONOMIA E CRÉDITO MÚTUO DOS EMPREGADOS DO GRUPO TELEFÔNICA;57598120;;;;B3S;Cooperativa de crédito singular;Cooperativas;2;Privado nacional;9;SAO PAULO;SP;2024-12-31;8877;8049;362;0;8515;355;0;0
GERU SOCIEDADE DE CRÉDITO DIRETO S.A.;37763847;GERU SCD - PRUDENCIAL;;00085290;N1;Instituição não bancária de crédito;Não bancário;3;Controle estrangeiro;43;SAO PAULO;SP;2024-12-31;8863;47;2439;0;6425;233;2;0
CREDIHOME SOCIEDADE DE CRÉDITO DIRETO S.A.;39416705;FINCAPITAL SCD;;00085403;N1;Instituição não bancária de crédito;Não bancário;2;Privado nacional;43;SAO PAULO;SP;2024-12-31;8862;0;4271;4149;4591;-2026;2;0
CRETOVALE - COOPERATIVA DE ECONOMIA E CRÉDITO MÚTUO DOS TRABALHADORES DA VALE;28145589;;;;B3S;Cooperativa de crédito singular;Cooperativas;2;Privado nacional;9;VITORIA;ES;2024-12-31;8813;6441;1483;0;7331;166;0;1
COOPERATIVA DE ECONOMIA E CREDITO MUTUO DOS SERVIDORES DA EMPRESA BRASILEIRA DE CORREIOS E TELEGRAFOS LTDA;42100982;;;;B3S;Cooperativa de crédito singular;Cooperativas;2;Privado nacional;9;RIO DE JANEIRO;RJ;2024-12-31;8691;2118;520;410;8171;31;0;1
COOPERATIVA DE ECONOMIA E CRÉDITO MÚTUO DOS FABRICANTES DE CALÇADOS DE SAPIRANGA LTDA.;5841967;;;;B3S;Cooperativa de crédito singular;Cooperativas;2;Privado nacional;9;SAPIRANGA;RS;2024-12-31;8671;6540;3630;2869;5041;629;0;0
MULTICRED SOCIEDADE DE CRÉDITO DIRETO S.A.;38593706;MULTICRED SCD - PRUDENCIAL;;00085355;N1;Instituição não bancária de crédito;Não bancário;2;Privado nacional;43;SALVADOR;BA;2024-12-31;8633;2617;219;0;8414;554;2;0
COOPERATIVA DE ECONOMIA E CRÉDITO MÚTUO DOS FUNCIONÁRIOS DA ELGIN;45045671;;;;B3S;Cooperativa de crédito singular;Cooperativas;2;Privado nacional;9;MOGI DAS CRUZES;SP;2024-12-31;8628;5802;482;0;8146;415;0;0
COOPERATIVA DE ECONOMIA E CRÉDITO MÚTUO ALIANÇA - COOPERNITRO;52935442;;;;B3S;Cooperativa de crédito singular;Cooperativas;2;Privado nacional;9;SAO PAULO;SP;2024-12-31;8593;7914;266;0;8327;-153;0;0
COOPERATIVA DE ECONOMIA E CRÉDITO MÚTUO DOS EMPREGADOS DA EATON;73077398;;;;B3S;Cooperativa de crédito singular;Cooperativas;2;Privado nacional;9;VALINHOS;SP;2024-12-31;8589;4659;457;0;8132;305;0;1
MONOPÓLIO CORRETORA DE CÂMBIO LTDA.;34666362;MONOPÓLIO CC - PRUDENCIAL;;00084356;N2;Instituição não bancária do mercado de capitais;Não bancário;2;Privado nacional;21;BELEM;PA;2024-12-31;8582;0;3337;0;5245;242;2;0
WNT CAPITAL DISTRIBUIDORA DE TÍTULOS E VALORES MOBILIÁRIOS S.A.;45854066;WNT CAPITAL DTVM - PRUDENCIAL;;00086392;N2;Instituição não bancária do mercado de capitais;Não bancário;2;Privado nacional;16;SAO PAULO;SP;2024-12-31;8516;0;2887;288;5630;1872;2;0
OZ CORRETORA DE CÂMBIO S.A.;4062902;OZ CC - PRUDENCIAL;;00081892;N2;Instituição não bancária do mercado de capitais;Não bancário;2;Privado nacional;21;SAO PAULO;SP;2024-12-31;8448;0;4717;1;3731;-291;2;0
ZM SOCIEDADE DE CRÉDITO DIRETO S.A.;49947715;ZM SCD PRUDENCIAL;;00086828;N1;Instituição não bancária de crédito;Não bancário;2;Privado nacional;43;AGUAS LINDAS DE GOIAS;GO;2024-12-31;8441;7582;651;0;7789;921;2;0
COOPERATIVA DE ECONOMIA E CRÉDITO MÚTUO DOS SERVIDORES DA FACULDADE DE ENGENHARIA DE ILHA SOLTEIRA - COOPERFEIS;96409263;;;;B3S;Cooperativa de crédito singular;Cooperativas;2;Privado nacional;9;ILHA SOLTEIRA;SP;2024-12-31;8399;5738;158;0;8242;274;0;0
BOA VIAGEM SOCIEDADE CORRETORA DE CÂMBIO LTDA.;6373777;BOA VIAGEM SCC LTDA. - PRUDENCIAL;;00082080;N2;Instituição não bancária do mercado de capitais;Não bancário;2;Privado nacional;21;RECIFE;PE;2024-12-31;8202;0;2945;0;5256;458;14;0
SCB CRÉDITO SOCIEDADE DE CRÉDITO AO MICROEMPREENDEDOR E À EMPRESA DE PEQUENO PORTE LTDA.;8430732;SCB CRÉDITO SCMEPP - PRUDENCIAL;;00083230;N1;Instituição não bancária de crédito;Não bancário;2;Privado nacional;10;FORTALEZA;CE;2024-12-31;8183;6683;5680;0;2502;186;2;0
LEV DISTRIBUIDORA DE TÍTULOS E VALORES MOBILIÁRIOS LTDA.;45457891;LEV DTVM - PRUDENCIAL;;00086347;N2;Instituição não bancária do mercado de capitais;Não bancário;2;Privado nacional;16;SAO PAULO;SP;2024-12-31;8131;0;1823;32;6308;-2568;2;0
FOURTRADE CORRETORA DE CÂMBIO LTDA.;40353377;FOURTRADE COR. DE CAMBIO LTDA - PRUDENCIAL;;00081957;N2;Instituição não bancária do mercado de capitais;Não bancário;2;Privado nacional;21;RIO DE JANEIRO;RJ;2024-12-31;8118;0;3687;0;4431;-122;3;0
UNICRED DISTRIBUIDORA DE TITULOS E VALORES MOBILIARIOS LTDA;53899051;UNICRED DTVM - PRUDENCIAL;;00088187;N2;Instituição não bancária do mercado de capitais;Não bancário;2;Privado nacional;16;PORTO ALEGRE;RS;2024-12-31;7886;0;4121;0;3766;-2469;1;0
PINE INVESTIMENTOS DISTRIBUIDORA DE TÍTULOS E VALORES MOBILIÁRIOS LTDA;92236777;PINE - PRUDENCIAL;00050304;00080374;N2;Instituição não bancária do mercado de capitais;Não bancário;2;Privado nacional;16;SAO PAULO;SP;2024-12-31;7785;0;995;0;6790;-4;2;0
COOPERATIVA DE CRÉDITO RURAL DO AGRESTE ALAGOANO - COOPERAGRE;8482873;;;;B3S;Cooperativa de crédito singular;Cooperativas;2;Privado nacional;9;IGACI;AL;2024-12-31;7730;7067;3187;2828;4543;31;0;0
SBCASH SOCIEDADE DE CRÉDITO DIRETO S.A.;42259084;ARTTA SCD PRUDENCIAL;;00085661;N1;Instituição não bancária de crédito;Não bancário;2;Privado nacional;43;CURITIBA;PR;2024-12-31;7647;0;5714;5452;1933;-1293;2;0
COOPERATIVA DE ECONOMIA E CRÉDITO MÚTUO DOS EMPREGADOS DA SAINT-GOBAIN DO BRASIL PRODUTOS INDUSTRIAIS E PARA CONSTRUÇÃO - DIVISÃO VIDRO PLANO;48140925;;;;B3S;Cooperativa de crédito singular;Cooperativas;2;Privado nacional;9;MAUA;SP;2024-12-31;7618;4311;544;0;7074;294;0;0
DAPPER - SOCIEDADE DE CRÉDITO DIRETO S/A;48529228;DAPPER SCD - PRUDENCIAL;;00086402;N1;Instituição não bancária de crédito;Não bancário;2;Privado nacional;43;BLUMENAU;SC;2024-12-31;7571;4586;2034;0;5537;256;2;0
LP DO BRASIL INSTITUIÇÃO DE PAGAMENTO LTDA.;34669130;LP DO BRASIL IP - PRUDENCIAL;;00088053;N4;Instituição de pagamento;Não bancário;3;Controle estrangeiro;41;CAMPINAS;SP;2024-12-31;7511;0;6721;0;790;13;1;0
COOPSEBRAE - COOPERATIVA DE CREDITO MUTUO DOS EMPREGADOS DO SEBRAE/PB, SEBRAE/RN, SESC/PB, SENAC/PB E SENAR/PB;41219353;;;;B3S;Cooperativa de crédito singular;Cooperativas;2;Privado nacional;9;JOAO PESSOA;PB;2024-12-31;7496;4034;2442;2088;5054;196;0;0
VIA CAPITAL - SOCIEDADE DE CRÉDITO DIRETO S/A;48632754;VIA CAPITAL SCD  - PRUDENCIAL;;00086536;N1;Instituição não bancária de crédito;Não bancário;2;Privado nacional;43;BELO HORIZONTE;MG;2024-12-31;7490;1667;5826;0;1665;285;2;0
CREDIFIT SOCIEDADE DE CRÉDITO DIRETO S.A.;39676772;CREDIFIT SCD - PRUDENCIAL;;00085465;N1;Instituição não bancária de crédito;Não bancário;2;Privado nacional;43;SALVADOR;BA;2024-12-31;7479;459;4654;3161;2825;266;2;0
FINVEST DISTRIBUIDORA DE TÍTULOS E VALORES MOBILIÁRIOS LTDA.;36266751;FINVEST DTVM - PRUDENCIAL;;00085544;N2;Instituição não bancária do mercado de capitais;Não bancário;2;Privado nacional;16;SAO PAULO;SP;2024-12-31;7433;0;1862;1272;5571;133;2;0
TRINUS CAPITAL DISTRIBUIDORA DE TÍTULOS E VALORES MOBILIÁRIOS S.A.;2276653;TRINUS CAPITAL DTVM - PRUDENCIAL;00052223;00084631;N2;Instituição não bancária do mercado de capitais;Não bancário;2;Privado nacional;16;GOIANIA;GO;2024-12-31;7179;0;1410;0;5769;865;2;0
COOPERATIVA DE CRÉDITO DOS SERVIDORES DO MUNICIPIO DE SANTO ANDRÉ - SP - CECRESA;512839;;;;B3S;Cooperativa de crédito singular;Cooperativas;2;Privado nacional;9;SANTO ANDRE;SP;2024-12-31;7154;6398;3158;2837;3996;-168;0;0
MÉRITO DISTRIBUIDORA DE TÍTULOS E VALORES MOBILIÁRIOS LTDA.;41592532;MÉRITO DTVM - PRUDENCIAL;;00085874;N2;Instituição não bancária do mercado de capitais;Não bancário;2;Privado nacional;16;SAO PAULO;SP;2024-12-31;7093;0;4409;3464;2684;532;2;0
COOPERATIVA DE ECONOMIA E CRÉDITO MÚTUO DOS EMPREGADOS DA MOSAIC FERTILIZANTES DE UBERABA - COPERURA LTDA.;17607375;;;;B3S;Cooperativa de crédito singular;Cooperativas;2;Privado nacional;9;UBERABA;MG;2024-12-31;6994;3731;468;0;6526;392;0;0
COOPERATIVA DE CRÉDITO MÚTUO DOS FUNCIONÁRIOS DA RICLAN;6077760;;;;B3S;Cooperativa de crédito singular;Cooperativas;2;Privado nacional;9;RIO CLARO;SP;2024-12-31;6963;4026;305;0;6658;206;0;0
COOPERATIVA DE ECONOMIA E CRÉDITO MÚTUO DOS EMPREGADOS DA MAGNESITA REFRATÁRIOS S.A. LTDA. - CECREM;913314;;;;B3S;Cooperativa de crédito singular;Cooperativas;2;Privado nacional;9;CONTAGEM;MG;2024-12-31;6943;1960;400;0;6543;112;0;0
BRX CORRETORA DE CÂMBIO LTDA.;17904906;BRX SCC LTDA. - PRUDENCIAL;;00082413;N2;Instituição não bancária do mercado de capitais;Não bancário;2;Privado nacional;21;RIO DE JANEIRO;RJ;2024-12-31;6875;0;5376;0;1499;93;2;0
COOPERATIVA DE ECONOMIA E CRÉDITO MÚTUO DOS FUNCIONÁRIOS DA OWENS CORNING FIBERGLAS AMÉRICA DO SUL;48172860;;;;B3S;Cooperativa de crédito singular;Cooperativas;2;Privado nacional;9;RIO CLARO;SP;2024-12-31;6850;4573;1348;1088;5503;87;0;0
DGBK CREDIT S.A. - SOCIEDADE DE CRÉDITO DIRETO.;48584954;DGBK CREDIT SCD - PRUDENCIAL;;00086543;N1;Instituição não bancária de crédito;Não bancário;2;Privado nacional;43;SALVADOR;BA;2024-12-31;6776;5997;223;0;6554;166;2;0
RED SOCIEDADE DE CRÉDITO DIRETO S.A.;47593544;RED SCD - PRUDENCIAL;;00086316;N1;Instituição não bancária de crédito;Não bancário;2;Privado nacional;43;SAO PAULO;SP;2024-12-31;6772;0;301;0;6471;1654;2;0
FONTECRED - SOCIEDADE DE CRÉDITO DIRETO S/A;33890605;FONTECRED SCD - PRUDENCIAL;;00084954;N1;Instituição não bancária de crédito;Não bancário;2;Privado nacional;43;LAGOA DA PRATA;MG;2024-12-31;6751;5193;3107;0;3644;557;2;0
COOPERATIVA DE ECONOMIA E CRÉDITO MÚTUO DOS FUNCIONÁRIOS DAS EMPRESAS ITAÚ;43446335;;;;B3S;Cooperativa de crédito singular;Cooperativas;2;Privado nacional;9;OSASCO;SP;2024-12-31;6532;1726;618;0;5914;191;0;0
LOAN BRASIL SOCIEDADE DE CRÉDITO DIRETO S.A.;50032584;AVANCARD PROVER IP - PRUDENCIAL;;00087212;N1;Instituição não bancária de crédito;Não bancário;2;Privado nacional;43;MANAUS;AM;2024-12-31;6411;0;330;0;6081;-93;2;0
CAMBIONET CORRETORA DE CÂMBIO LTDA.;14190547;CAMBIONET CC LTDA - PRUDENCIAL;;00082286;N2;Instituição não bancária do mercado de capitais;Não bancário;2;Privado nacional;21;PORTO ALEGRE;RS;2024-12-31;6371;0;2771;0;3600;35;4;0
COOPERATIVA DE ECONOMIA E CREDITO MUTUO DOS EMPREGADOS DAS EMPRESAS DE TRANSPORTES COLETIVOS RODOVIÁRIOS DE PASSAGEIROS DO GRANDE RIO LTDA;141155;;;;B3S;Cooperativa de crédito singular;Cooperativas;2;Privado nacional;9;SAO GONCALO;RJ;2024-12-31;6337;1896;455;0;5881;-20;0;1
COOPERATIVA DE ECONOMIA E CRÉDITO MÚTUO DOS FUNCIONÁRIOS DAS EMPRESAS DO GRUPO DANA - COOPDANA;91018408;;;;B3S;Cooperativa de crédito singular;Cooperativas;2;Privado nacional;9;GRAVATAI;RS;2024-12-31;6313;4789;273;0;6039;116;0;0
COOPERATIVA DE ECONOMIA E CREDITO MÚTUO DOS PROFESSORES ESTADUAIS DA REGIÃO METROPOLITANA DE PORTO ALEGRE - EDUCREDI;5419025;;;;B3S;Cooperativa de crédito singular;Cooperativas;2;Privado nacional;9;PORTO ALEGRE;RS;2024-12-31;6308;1282;1268;0;5040;240;0;0
VR DISTRIBUIDORA DE TÍTULOS E VALORES MOBILIÁRIOS LTDA.;64835226;VR - PRUDENCIAL;00050524;00080408;N2;Instituição não bancária do mercado de capitais;Não bancário;2;Privado nacional;16;SAO PAULO;SP;2024-12-31;6254;0;81;0;6173;55;2;0
COOPERATIVA DE ECONOMIA E CRÉDITO MÚTUO DOS FUNCIONÁRIOS DO GRUPO MAUÁ E EMPRESAS COLIGADAS LTDA. - COOPMAUÁ;5048575;;;;B3S;Cooperativa de crédito singular;Cooperativas;2;Privado nacional;9;SAO GONCALO;RJ;2024-12-31;6252;1272;361;0;5891;159;0;0
PAGPRIME INSTITUICAO DE PAGAMENTO LTDA;30944783;PAGPRIME IP - PRUDENCIAL;;00086880;N4;Instituição de pagamento;Não bancário;2;Privado nacional;41;GOIANIA;GO;2024-12-31;6233;0;2040;1363;4193;-318;1;0
LEVYCAM - CORRETORA DE CAMBIO E VALORES LTDA.;50579044;LEVYCAM CCV LTDA - PRUDENCIAL;;00082592;N2;Instituição não bancária do mercado de capitais;Não bancário;2;Privado nacional;15;SAO PAULO;SP;2024-12-31;6191;0;3477;0;2714;458;4;0
CONECTA CORRETORA DE CÂMBIO LTDA.;18287740;CONECTA CC LTDA - PRUDENCIAL;;00082406;N2;Instituição não bancária do mercado de capitais;Não bancário;2;Privado nacional;21;SAO PAULO;SP;2024-12-31;6178;0;5129;0;1049;-235;2;0
COOPERATIVA DE CRÉDITO DOS EMPREGADOS DA COMPANHIA INDUSTRIAL CATAGUASES E DA BAUMINAS LTDA. - COOPECIC;19495266;;;;B3S;Cooperativa de crédito singular;Cooperativas;2;Privado nacional;9;CATAGUASES;MG;2024-12-31;6163;4548;811;0;5352;292;0;0
COOPERATIVA DE CRÉDITO DOS BANCÁRIOS DE SÃO PAULO E MUNICÍPIOS LIMÍTROFES;3422007;;;;B3S;Cooperativa de crédito singular;Cooperativas;2;Privado nacional;9;SAO PAULO;SP;2024-12-31;6147;3395;3831;3657;2316;91;0;4
COOPERATIVA DE CRÉDITO MÚTUO DOS FUNCIONÁRIOS DAS EMPRESAS FERROVIÁRIAS NO ESTADO DE SÃO PAULO;53932869;;;;B3S;Cooperativa de crédito singular;Cooperativas;2;Privado nacional;9;OSASCO;SP;2024-12-31;6126;4109;469;0;5656;141;0;0
COOPERATIVA DE CRÉDITO MÚTUO DOS SERVIDORES MUNICIPAIS DE BEBEDOURO - COOCRESB.;5969937;;;;B3S;Cooperativa de crédito singular;Cooperativas;2;Privado nacional;9;BEBEDOURO;SP;2024-12-31;6116;4541;3017;2800;3099;77;0;0
ATF SOCIEDADE DE CRÉDITO DIRETO S.A.;44728700;ATF SCD - PRUDENCIAL;;00085915;N1;Instituição não bancária de crédito;Não bancário;2;Privado nacional;43;PORTO ALEGRE;RS;2024-12-31;6106;0;1945;402;4161;621;2;0
MAG INSTITUICAO DE PAGAMENTO LTDA;21995256;MAG IP - PRUDENCIAL;;00086385;N4;Instituição de pagamento;Não bancário;2;Privado nacional;41;RIO DE JANEIRO;RJ;2024-12-31;6104;0;1482;1009;4621;-2601;1;0
TURCÂMBIO - CORRETORA DE CÂMBIO LTDA.;15482499;TURCAMBIO SCC LTDA. - PRUDENCIAL;;00082334;N2;Instituição não bancária do mercado de capitais;Não bancário;2;Privado nacional;21;IMBITUBA;SC;2024-12-31;6091;0;1043;0;5048;489;9;0
COOPERATIVA DE ECONOMIA E CRÉDITO MÚTUO DOS EMPREGADOS DAS INDÚSTRIAS UNILEVER DO BRASIL;53272365;;;;B3S;Cooperativa de crédito singular;Cooperativas;2;Privado nacional;9;VALINHOS;SP;2024-12-31;6077;4067;700;0;5377;184;0;0
4UM DISTRIBUIDORA DE TÍTULOS E VALORES MOBILIÁRIOS S.A.;76621457;PARANÁ BANCO - PRUDENCIAL;00030881;00080233;N2;Instituição não bancária do mercado de capitais;Não bancário;2;Privado nacional;16;CURITIBA;PR;2024-12-31;6048;0;525;0;5523;-33;2;0
COOPERATIVA DE CRÉDITO MÚTUO DOS EMPREGADOS DA FIAÇÃO ALPINA - COOPERALPINA;55319370;;;;B3S;Cooperativa de crédito singular;Cooperativas;2;Privado nacional;9;MORUNGABA;SP;2024-12-31;5975;3029;410;0;5565;302;0;0
IDEA MAKER INSTITUICAO DE PAGAMENTO LTDA;45860531;IDEA MAKER IP - PRUDENCIAL;;00086914;N4;Instituição de pagamento;Não bancário;2;Privado nacional;41;SAO PAULO;SP;2024-12-31;5916;0;114;0;5802;-1961;1;0
COOPERATIVA DE ECONOMIA E CRÉDITO MÚTUO DOS FUNCIONÁRIOS DAS EMPRESAS DE CERÂMICA - COOPASPACER;2541707;;;;B3S;Cooperativa de crédito singular;Cooperativas;2;Privado nacional;9;SANTA GERTRUDES;SP;2024-12-31;5904;4256;1114;905;4790;443;0;0
COOPERATIVA DE ECONOMIA E CRÉDITO MÚTUO DOS FUNCIONÁRIOS DAS EMPRESAS MELHORAMENTOS DE SÃO PAULO - COOPERMEL;1504952;;;;B3S;Cooperativa de crédito singular;Cooperativas;2;Privado nacional;9;SAO PAULO;SP;2024-12-31;5816;2859;531;0;5286;394;0;0
INTRA INVESTIMENTOS DISTRIBUIDORA DE TÍTULOS E VALORES MOBILIÁRIOS LTDA;15489568;INTRA INVESTIMENTOS DTVM - PRUDENCIAL;;00084301;N2;Instituição não bancária do mercado de capitais;Não bancário;2;Privado nacional;16;SAO PAULO;SP;2024-12-31;5808;0;2898;0;2910;306;2;0
ÓTIMO SOCIEDADE DE CRÉDITO DIRETO S.A.;34335592;CODEPE CORRETORA DE VAL. S.A. - PRUDENCIAL;00052089;00082712;N1;Instituição não bancária de crédito;Não bancário;2;Privado nacional;43;BARUERI;SP;2024-12-31;5784;490;231;162;5553;4;2;0
INDUSTRIAL DO BRASIL DISTRIBUIDORA DE TÍTULOS E VALORES MOBILIÁRIOS LTDA.;999403;INDUSTRIAL DO BRASIL - PRUDENCIAL;00050988;00080477;N2;Instituição não bancária do mercado de capitais;Não bancário;2;Privado nacional;16;SAO PAULO;SP;2024-12-31;5769;0;70;0;5698;134;2;0
LEND SOCIEDADE DE CRÉDITO DIRETO S.A.;37526080;LEND SCD - PRUDENCIAL;;00085276;N1;Instituição não bancária de crédito;Não bancário;2;Privado nacional;43;SAO PAULO;SP;2024-12-31;5700;0;4624;3929;1076;88;2;0
TRYBE SOCIEDADE DE CRÉDITO DIRETO S.A.;42622791;MOTTU SCD - PRUDENCIAL;;00085757;N1;Instituição não bancária de crédito;Não bancário;2;Privado nacional;43;SAO PAULO;SP;2024-12-31;5640;0;55;0;5586;-440;2;0
PEAK SOCIEDADE DE EMPRÉSTIMO ENTRE PESSOAS S.A.;44019481;PEAK SEP - PRUDENCIAL;;00085881;N1;Instituição não bancária de crédito;Não bancário;2;Privado nacional;44;SAO PAULO;SP;2024-12-31;5638;0;4501;0;1137;131;2;0
MONERY INSTITUICAO DE PAGAMENTO S.A.;46505612;MONERY IP - PRUDENCIAL;;00087164;N4;Instituição de pagamento;Não bancário;2;Privado nacional;41;BARUERI;SP;2024-12-31;5599;0;115;0;5484;57;1;0
EXECUTIVE CORRETORA DE CÂMBIO LTDA.;19086249;EXECUTIVE SCC LTDA - PRUDENCIAL;;00082468;N2;Instituição não bancária do mercado de capitais;Não bancário;2;Privado nacional;21;NOVO HAMBURGO;RS;2024-12-31;5560;0;2006;0;3554;379;2;0
COOPERATIVA DE ECONOMIA E CREDITO MUTUO DOS SERVIDORES MUNICIPAIS DO SUL FLUMINENSE LTDA.;1819799;;;;B3S;Cooperativa de crédito singular;Cooperativas;2;Privado nacional;9;VOLTA REDONDA;RJ;2024-12-31;5516;2620;734;0;4781;124;0;0
CREDPAR - SOCIEDADE DE CRÉDITO DIRETO S/A;48721937;CREDPAR SCD - PRUDENCIAL;;00086550;N1;Instituição não bancária de crédito;Não bancário;2;Privado nacional;43;UBERLANDIA;MG;2024-12-31;5463;5904;4417;0;1045;-66;2;0
COOPERATIVA DE ECONOMIA E CRÉDITO MÚTUO DOS FUNCIONÁRIOS DO GRUPO GERDAU - AÇOS FINOS PIRATINI;88952130;;;;B3S;Cooperativa de crédito singular;Cooperativas;2;Privado nacional;9;CHARQUEADAS;RS;2024-12-31;5445;2025;474;0;4971;114;0;0
ARC CORRETORA DE CAMBIO, ASSOCIADOS GOUVEIA, CAMPEDELLI S.A.;4684647;ARC CORRETORA CAMBIO S.A. - PRUDENCIAL;;00082066;N2;Instituição não bancária do mercado de capitais;Não bancário;2;Privado nacional;21;SANTOS;SP;2024-12-31;5411;0;1781;0;3630;1174;2;0
COOPERATIVA DE ECONOMIA E CRÉDITO MÚTUO DOS EMPREGADOS DA RECKITT BENCKISER;44223196;;;;B3S;Cooperativa de crédito singular;Cooperativas;2;Privado nacional;9;SAO PAULO;SP;2024-12-31;5402;4307;122;0;5280;134;0;0
COOPERATIVA DE ECONOMIA E CRÉDITO MÚTUO DOS EMPREGADOS DA PRODAM/SP - CREDIPRODAM;67031757;;;;B3S;Cooperativa de crédito singular;Cooperativas;2;Privado nacional;9;SAO PAULO;SP;2024-12-31;5394;890;142;0;5253;49;0;0
HBI SOCIEDADE DE CRÉDITO DIRETO S/A.;4849745;HBI SCD - PRUDENCIAL;;00083041;N1;Instituição não bancária de crédito;Não bancário;2;Privado nacional;43;LEOPOLDINA;MG;2024-12-31;5390;1085;3864;0;1525;90;2;0
PAY BROKERS IP INSTITUICAO DE PAGAMENTO LTDA.;40820176;PAY BROKERS IP - PRUDENCIAL;;00087762;N4;Instituição de pagamento;Não bancário;2;Privado nacional;41;CURITIBA;PR;2024-12-31;5345;0;2963;1991;2383;-1025;1;0
EFX CORRETORA DE CÂMBIO LTDA.;94968518;EFX CC LTDA. - PRUDENCIAL;;00082248;N2;Instituição não bancária do mercado de capitais;Não bancário;2;Privado nacional;21;SAO PAULO;SP;2024-12-31;5275;0;838;0;4437;42;2;0
BARU SOCIEDADE DE CRÉDITO DIRETO S/A;42723848;BARU SCFI - PRUDENCIAL;00052656;00085805;N1;Instituição não bancária de crédito;Não bancário;2;Privado nacional;43;PORTO ALEGRE;RS;2024-12-31;5272;3350;528;0;4744;260;2;0
BANSUR JM SOCIEDADE DE CRÉDITO DIRETO S/A;42963742;BANSUR JM SCD - PRUDENCIAL;;00085812;N1;Instituição não bancária de crédito;Não bancário;2;Privado nacional;43;BELO HORIZONTE;MG;2024-12-31;5230;4220;195;0;5035;-51;2;0
NEON CORRETORA DE TÍTULOS E VALORES MOBILIÁRIOS S.A.;61723847;NEON PAGAMENTOS IP - PRUDENCIAL;00052285;00085702;N2;Instituição não bancária do mercado de capitais;Não bancário;2;Privado nacional;15;SAO PAULO;SP;2024-12-31;5223;0;105;30;5119;-896;2;0
MAGNUM SOCIEDADE DE CRÉDITO DIRETO S.A.;44683140;MAGNUM SCD - PRUDENCIAL;;00085984;N1;Instituição não bancária de crédito;Não bancário;2;Privado nacional;43;SAO PAULO;SP;2024-12-31;5090;21;3919;3123;1171;-1903;2;0
COOPERATIVA DE ECONOMIA E CREDITO MUTUO DOS SERVIDORES PUBLICOS MUNICIPAIS DE PORTO ALEGRE;3990888;;;;B3S;Cooperativa de crédito singular;Cooperativas;2;Privado nacional;9;PORTO ALEGRE;RS;2024-12-31;5063;3657;790;62;4273;53;0;0
321 SOCIEDADE DE CRÉDITO DIRETO S.A.;54647259;FACTA S.A. CFI - PRUDENCIAL;;00083704;N1;Instituição não bancária de crédito;Não bancário;2;Privado nacional;43;PORTO ALEGRE;RS;2024-12-31;5033;1;52;0;4981;103;2;0
BR-CAPITAL DISTRIBUIDORA DE TÍTULOS E VALORES MOBILIÁRIOS S.A.;44077014;BR-CAPITAL DTVM S.A. - PRUDENCIAL;;00083814;N2;Instituição não bancária do mercado de capitais;Não bancário;2;Privado nacional;16;SAO PAULO;SP;2024-12-31;5031;0;604;0;4427;604;2;0
COOPERATIVA DE ECONOMIA E CRÉDITO MÚTUO DOS EMPREGADOS DA CNC, SESC E SENAC ADMINISTRAÇÕES NACIONAIS LTDA.;30304919;;;;B3S;Cooperativa de crédito singular;Cooperativas;2;Privado nacional;9;RIO DE JANEIRO;RJ;2024-12-31;4953;4205;277;0;4677;264;0;0
CV INVESTIMENTOS DISTRIBUIDORA DE TÍTULOS E VALORES MOBILIÁRIOS LTDA.;50286774;CV INVESTIMENTOS DTVM - PRUDENCIAL;;00087865;N2;Instituição não bancária do mercado de capitais;Não bancário;2;Privado nacional;16;SAO PAULO;SP;2024-12-31;4948;0;45;0;4903;-390;2;0
COOPERATIVA DE CRÉDITO DOS EMPREGADOS DO GRUPO AKZO NOBEL BRASIL - COOP AKZONOBEL;57996878;;;;B3S;Cooperativa de crédito singular;Cooperativas;2;Privado nacional;9;MAUA;SP;2024-12-31;4933;1932;502;0;4431;-83;0;0
COOPERATIVA DE CRÉDITO MÚTUO DOS SERVIDORES DE ÓRGAOS GESTORES DE RECURSOS HÍDRICOS DO ESTADO DE SÃO PAULO - COOPERHIDRO;53800488;;;;B3S;Cooperativa de crédito singular;Cooperativas;2;Privado nacional;9;SAO PAULO;SP;2024-12-31;4875;3086;383;0;4493;-56;0;0
ATICCA - SOCIEDADE DE CRÉDITO DIRETO S.A.;44478623;ATICCA SCD PRUDENCIAL;;00085946;N1;Instituição não bancária de crédito;Não bancário;2;Privado nacional;43;ARARAQUARA;SP;2024-12-31;4853;3375;1410;1178;3443;303;2;0
COOPERATIVA DE CRÉDITO DOS METALÚRGICOS DO ABC - CREDABC;5740092;;;;B3S;Cooperativa de crédito singular;Cooperativas;2;Privado nacional;9;SAO BERNARDO DO CAMPO;SP;2024-12-31;4850;96;849;605;4000;118;0;0
NVIO BRASIL SOCIEDADE DE CRÉDITO DIRETO S.A.;51118718;NVIO BRASIL BITSO IP - PRUDENCIAL;;00086945;N1;Instituição não bancária de crédito;Não bancário;3;Controle estrangeiro;43;OSASCO;SP;2024-12-31;4836;102;15;0;4821;-95;2;0
CAROL DISTRIBUIDORA DE TITULOS E VALORES MOBILIARIOS LTDA.;62237649;CAROL DTVM LTDA. - PRUDENCIAL;;00084095;N2;Instituição não bancária do mercado de capitais;Não bancário;2;Privado nacional;16;SAO PAULO;SP;2024-12-31;4804;0;781;0;4023;106;2;0
BCP SECURITIES DISTRIBUIDORA DE TÍTULOS E VALORES MOBILIÁRIOS LTDA.;54541468;BCP SECURITIES DTVM - PRUDENCIAL;;00087418;N2;Instituição não bancária do mercado de capitais;Não bancário;3;Controle estrangeiro;16;RIO DE JANEIRO;RJ;2024-12-31;4790;0;120;3;4670;-276;2;0
BMS SOCIEDADE DE CRÉDITO DIRETO S.A.;17826860;BMS SCD - PRUDENCIAL;;00083333;N1;Instituição não bancária de crédito;Não bancário;2;Privado nacional;43;FORTALEZA;CE;2024-12-31;4783;2893;2053;1313;2731;-2977;2;0
COOPERATIVA DE ECONOMIA E CRÉDITO MÚTUO DOS SERVIDORES DA UNESP - COOPUNESP;69136075;;;;B3S;Cooperativa de crédito singular;Cooperativas;2;Privado nacional;9;RIO CLARO;SP;2024-12-31;4758;2159;919;698;3839;157;0;0
DOURADA CORRETORA DE CÂMBIO LTDA.;76641497;DOURADA CORRETORA - PRUDENCIAL;;00082224;N2;Instituição não bancária do mercado de capitais;Não bancário;2;Privado nacional;21;CURITIBA;PR;2024-12-31;4720;0;1978;0;2742;-203;3;0
NUMBRS SOCIEDADE DE CRÉDITO DIRETO S.A.;38129006;NUMBRS SCD - PRUDENCIAL;;00085410;N1;Instituição não bancária de crédito;Não bancário;2;Privado nacional;43;SAO PAULO;SP;2024-12-31;4711;0;1488;1346;3223;84;2;0
BAMAQ CAPITAL - SOCIEDADE DE CRÉDITO DIRETO S/A;48528314;BAMAQ CAPITAL SCD - PRUDENCIAL;;00086691;N1;Instituição não bancária de crédito;Não bancário;2;Privado nacional;43;CONTAGEM;MG;2024-12-31;4699;369;24;0;4675;-439;2;0
COOPERATIVA DE ECONOMIA E CRÉDITO MÚTUO DOS FUNCIONÁRIOS DA SELENE;72952138;;;;B3S;Cooperativa de crédito singular;Cooperativas;2;Privado nacional;9;CERQUILHO;SP;2024-12-31;4678;2267;149;0;4529;230;0;0
CASA DO CRÉDITO S.A. SOCIEDADE DE CRÉDITO AO MICROEMPREENDEDOR;5442029;CASA CREDITO S.A. SCM - PRUDENCIAL;;00083175;N1;Instituição não bancária de crédito;Não bancário;2;Privado nacional;10;SAO PAULO;SP;2024-12-31;4654;549;2543;1694;2111;-1086;2;0
TROCKA CORRETORA DE CAMBIO LTDA.;30183111;TROCKA CC  - PRUDENCIAL;;00084796;N2;Instituição não bancária do mercado de capitais;Não bancário;2;Privado nacional;21;RIO DE JANEIRO;RJ;2024-12-31;4580;0;3224;0;1356;82;2;0
COOPERATIVA DE ECONOMIA E CREDITO MUTUO DOS EMPREGADOS DOS LABORATORIOS B.BRAUN LTDA;30586895;;;;B3S;Cooperativa de crédito singular;Cooperativas;2;Privado nacional;9;SAO GONCALO;RJ;2024-12-31;4521;2627;427;0;4094;236;0;0
TRANSFERO INSTITUICAO DE PAGAMENTO LTDA.;47133056;TRANSFERO IP - PRUDENCIAL;;00087236;N4;Instituição de pagamento;Não bancário;2;Privado nacional;41;RIO DE JANEIRO;RJ;2024-12-31;4345;0;2800;2381;1546;32;1;0
INICIADOR INSTITUICAO DE PAGAMENTO LTDA;44471172;INICIADOR IP - PRUDENCIAL;;00086756;N4;Instituição de pagamento;Não bancário;2;Privado nacional;41;SAO PAULO;SP;2024-12-31;4304;0;565;0;3739;694;1;0
COOPERATIVA DE ECONOMIA E CRÉDITO MÚTUO DOS EMPREGADOS DE KYN COMÉRCIO VAREJISTA E ATACADISTA - COOPER KYN;2230138;;;;B3S;Cooperativa de crédito singular;Cooperativas;2;Privado nacional;9;JUNDIAI;SP;2024-12-31;4301;2327;404;0;3897;86;0;0
DASCAM CORRETORA DE CÂMBIO LTDA.;65645137;DASCAM CC LTDA - PRUDENCIAL;;00081964;N2;Instituição não bancária do mercado de capitais;Não bancário;2;Privado nacional;21;SAO PAULO;SP;2024-12-31;4263;0;1178;0;3085;-91;2;0
DAUX SOCIEDADE DE CRÉDITO DIRETO S.A.;34846868;DAUX SCD - PRUDENCIAL;;00084992;N1;Instituição não bancária de crédito;Não bancário;2;Privado nacional;43;LINS;SP;2024-12-31;4161;2926;122;0;4039;244;2;0
COOPERATIVA DE ECONOMIA E CRÉDITO MÚTUO DOS EMPREGADOS DAS EMPRESAS PLASCAR;17411307;;;;B3S;Cooperativa de crédito singular;Cooperativas;2;Privado nacional;9;JUNDIAI;SP;2024-12-31;4149;1531;765;0;3384;9;0;0
COOPERATIVA DE CRÉDITO MÚTUO DOS FUNCIONÁRIOS DA FIEP, SESI, SENAI, IEL E DO CONDOMÍNIO EDIFÍCIO AGOSTINHO VELLOSO DA SILVEIRA (CEAVS  - CREDFISP LTDA.;5747018;;;;B3S;Cooperativa de crédito singular;Cooperativas;2;Privado nacional;9;CAMPINA GRANDE;PB;2024-12-31;4069;1608;879;0;3190;108;0;0
COOPERATIVA DE ECONOMIA E CREDITO MUTUO DOS EMPREGADOS DE ESTABELECIMENTOS HOSPITALARES DO SUL DO ESTADO DO ESPIRITO SANTO - SULCRED;31746993;;;;B3S;Cooperativa de crédito singular;Cooperativas;2;Privado nacional;9;CACHOEIRO DE ITAPEMIRIM;ES;2024-12-31;4034;3987;135;0;3900;184;0;0
GLOBAL FINANÇAS SOCIEDADE DE CRÉDITO AO MICROEMPREENDEDOR E À EMPRESA DE PEQUENO PORTE LTDA.;11165756;GLOBAL SCM LTDA - PRUDENCIAL;;00083278;N1;Instituição não bancária de crédito;Não bancário;2;Privado nacional;10;AMERICANA;SP;2024-12-31;4033;512;2462;2348;1571;-314;2;0
GDC PARTNERS SERVIÇOS FIDUCIÁRIOS DISTRIBUIDORA DE TÍTULOS E VALORES MOBILIÁRIOS LTDA.;10749264;GDC PART SERV FIDUC DTVM LTDA - PRUDENCIAL;;00084208;N2;Instituição não bancária do mercado de capitais;Não bancário;2;Privado nacional;16;RIO DE JANEIRO;RJ;2024-12-31;4026;0;2627;0;1399;593;3;0
COOPESTADO - COOPERATIVA DE ECONOMIA E CRÉDITO MÚTUO DOS SERVIDORES PÚBLICOS NA REGIÃO METROPOLITANA DO ESTADO DO RIO DE JANEIRO LIMITADA;4995006;;;;B3S;Cooperativa de crédito singular;Cooperativas;2;Privado nacional;9;RIO DE JANEIRO;RJ;2024-12-31;3967;2039;286;0;3681;2;0;0
VUON SOCIEDADE DE CRÉDITO DIRETO S.A.;57523215;VUON SCD - PRUDENCIAL;;00087872;N1;Instituição não bancária de crédito;Não bancário;2;Privado nacional;43;SAO PAULO;SP;2024-12-31;3893;0;148;0;3745;257;1;0
MONETAR DISTRIBUIDORA DE TÍTULOS E VALORES MOBILIÁRIOS LTDA.;12063256;TERRA INVESTIMENTOS DTVM - PRUDENCIAL;;00084514;N2;Instituição não bancária do mercado de capitais;Não bancário;2;Privado nacional;16;SAO PAULO;SP;2024-12-31;3882;0;75;0;3808;-682;2;0
COOPERATIVA DE ECONOMIA E CRÉDITO MÚTUO DOS COLABORADORES DA COOPEDER LTDA - COOPCREDER;21130869;;;;B3S;Cooperativa de crédito singular;Cooperativas;2;Privado nacional;9;BELO HORIZONTE;MG;2024-12-31;3844;923;618;0;3226;70;0;0
SOCRED S.A. - SOCIEDADE DE CRÉDITO AO MICROEMPREENDEDOR E À EMPRESA DE PEQUENO PORTE;9210106;SOCRED S.A. SCM - PRUDENCIAL;;00083247;N1;Instituição não bancária de crédito;Não bancário;2;Privado nacional;10;BELEM;PA;2024-12-31;3829;4253;218;0;3611;72;2;0
COOPERATIVA DE ECONOMIA E CRÉDITO MÚTUO DOS FUNCIONÁRIOS DO GRUPO SUGGAR LTDA.;548980;;;;B3S;Cooperativa de crédito singular;Cooperativas;2;Privado nacional;9;BELO HORIZONTE;MG;2024-12-31;3799;2945;77;0;3722;316;0;0
COOPERATIVA DE ECONOMIA E CRÉDITO MÚTUO DOS EMPREGADOS DA EMPRESA SUPERMERCADOS JAU SERVE - COOPERJS;3400651;;;;B3S;Cooperativa de crédito singular;Cooperativas;2;Privado nacional;9;JAU;SP;2024-12-31;3779;1639;96;0;3683;26;0;0
DATANOMIK BRASIL INSTITUICAO DE PAGAMENTO LTDA;47438068;DATANOMIK BRASIL IP - PRUDENCIAL;;00087470;N4;Instituição de pagamento;Não bancário;3;Controle estrangeiro;41;SAO PAULO;SP;2024-12-31;3775;0;1057;0;2718;-407;1;0
COOPERATIVA DE ECONOMIA E CREDITO MUTUO DOS FUNCIONARIOS DO EXPRESSO PRINCESA DOS CAMPOS;1551820;;;;B3S;Cooperativa de crédito singular;Cooperativas;2;Privado nacional;9;PONTA GROSSA;PR;2024-12-31;3707;3151;273;0;3435;122;0;0
B3 INSTITUICAO DE PAGAMENTO LTDA;47825528;BANCO B3 - PRUDENCIAL;;00081225;N4;Instituição de pagamento;Não bancário;2;Privado nacional;41;SAO PAULO;SP;2024-12-31;3676;0;8;0;3668;-207;1;0
INCO SOCIEDADE DE EMPRÉSTIMO ENTRE PESSOAS S.A.;35340796;INCO SEP - PRUDENCIAL;;00086086;N1;Instituição não bancária de crédito;Não bancário;2;Privado nacional;44;SAO PAULO;SP;2024-12-31;3663;0;572;0;3092;202;2;0
COOPERATIVA DE ECONOMIA E CREDITO MUTUO DOS SERVIDORES DA ASCAR/EMATER-RS LTDA-CRESAL;90278987;;;;B3S;Cooperativa de crédito singular;Cooperativas;2;Privado nacional;9;PORTO ALEGRE;RS;2024-12-31;3594;1682;612;286;2982;165;0;0
LIMINE TRUST DISTRIBUIDORA DE TÍTULOS E VALORES MOBILIÁRIOS LTDA.;24361690;LIMINE TRUST DTVM  - PRUDENCIAL;;00084617;N2;Instituição não bancária do mercado de capitais;Não bancário;2;Privado nacional;16;SAO PAULO;SP;2024-12-31;3592;0;1174;0;2418;663;2;0
VBS SOCIEDADE DE CRÉDITO DIRETO S.A.;54264235;VBS SCD - PRUDENCIAL;;00087377;N1;Instituição não bancária de crédito;Não bancário;3;Controle estrangeiro;43;SAO PAULO;SP;2024-12-31;3585;3;75;0;3511;-142;2;0
COOPERATIVA DE ECONOMIA E CRÉDITO MÚTUO DOS FUNCIONÁRIOS DA ACUMENT BRASIL;45068632;;;;B3S;Cooperativa de crédito singular;Cooperativas;2;Privado nacional;9;ATIBAIA;SP;2024-12-31;3564;3034;220;0;3344;73;0;0
MOVILEPAY SOCIEDADE DE CRÉDITO DIRETO S.A.;51556307;MOVILEPAY SCD - PRUDENCIAL;;00086990;N1;Instituição não bancária de crédito;Não bancário;3;Controle estrangeiro;43;OSASCO;SP;2024-12-31;3543;0;67;0;3476;-202;2;0
MOGNO CAPITAL DISTRIBUIDORA DE TÍTULOS E VALORES MOBILIÁRIOS LTDA.;47227569;GLOBAL INV SERVICES DTVM - PRUDENCIAL;;00086859;N2;Instituição não bancária do mercado de capitais;Não bancário;2;Privado nacional;16;SAO PAULO;SP;2024-12-31;3522;0;370;0;3152;109;2;0
E.SIGA SOCIEDADE DE CRÉDITO DIRETO S.A.;56030613;E.SIGA SCD - PRUDENCIAL;;00087676;N1;Instituição não bancária de crédito;Não bancário;2;Privado nacional;43;SAO JOSE DOS PINHAIS;PR;2024-12-31;3517;0;231;0;3286;375;2;0
COOPERATIVA DE ECONOMIA E CREDITO MUTUO DOS SERVIDORES DA UERJ LTDA. - COOPUERJ;28885036;;;;B3S;Cooperativa de crédito singular;Cooperativas;2;Privado nacional;9;RIO DE JANEIRO;RJ;2024-12-31;3469;2544;500;0;2969;-25;0;0
COOPERATIVA DE ECONOMIA E CRÉDITO MÚTUO DOS EMPREGADOS DAS EMPRESAS SIDERÚRGICAS, METALÚRGICAS E ELETRO-MECÂNICAS DE JOÃO MONLEVADE LTDA. - CREDIBELGO;24235459;;;;B3S;Cooperativa de crédito singular;Cooperativas;2;Privado nacional;9;JOAO MONLEVADE;MG;2024-12-31;3437;2040;346;221;3090;-186;0;0
COOPERATIVA DE ECONOMIA E CRÉDITO MUTUO DOS FUNCIONÁRIOS DE INSTITUIÇÕES FINANCEIRAS PUBLICAS E PRIVADAS NO TERRITÓRIO NACIONAL - CREDBRASIL;2869663;;;;B3S;Cooperativa de crédito singular;Cooperativas;2;Privado nacional;9;VITORIA;ES;2024-12-31;3399;1330;655;0;2745;14;0;0
COOPERATIVA DE ECONOMIA E CRÉDITO MÚTUO DOS FUNCIONÁRIOS DA NAKATA;9128022;;;;B3S;Cooperativa de crédito singular;Cooperativas;2;Privado nacional;9;OSASCO;SP;2024-12-31;3347;1966;298;0;3049;132;0;0
ANDBANK DISTRIBUIDORA DE TÍTULOS E VALORES MOBILIÁRIOS LTDA.;67600379;ANDBANK - PRUDENCIAL;00051949;00081256;N2;Instituição não bancária do mercado de capitais;Não bancário;3;Controle estrangeiro;16;SAO PAULO;SP;2024-12-31;3340;0;170;0;3169;932;2;0
RV2 SOCIEDADE DE EMPRÉSTIMO ENTRE PESSOAS S.A.;52690487;RV2 SEP - PRUDENCIAL;;00086976;N1;Instituição não bancária de crédito;Não bancário;2;Privado nacional;44;FORTALEZA;CE;2024-12-31;3322;0;125;0;3197;-97;2;0
AVS CORRETORA DE CÂMBIO LTDA.;25280945;AVS CORRETORA DE CÂMBIO LTDA - PRUDENCIAL;;00084590;N2;Instituição não bancária do mercado de capitais;Não bancário;2;Privado nacional;21;CURITIBA;PR;2024-12-31;3235;0;1622;0;1613;538;3;0
BRCONDOS SOCIEDADE DE CRÉDITO DIRETO S.A.;49933388;BRCONDOS SCD - PRUDENCIAL;;00086921;N1;Instituição não bancária de crédito;Não bancário;2;Privado nacional;43;JOINVILLE;SC;2024-12-31;3228;99;3;1;3225;-20;2;0
COOPERATIVA DE ECONOMIA E CRÉDITO MÚTUO DOS FUNCIONÁRIOS DA USINA SANTA MARIA - PILONCRED;1107759;;;;B3S;Cooperativa de crédito singular;Cooperativas;2;Privado nacional;9;CERQUILHO;SP;2024-12-31;3196;1010;163;0;3033;185;0;0
COOPERATIVA DE ECONOMIA E CRÉDITO MÚTUO DOS FUNCIONÁRIOS DO PODER JUDICIÁRIO E SERVIDORES PÚBLICOS DO ESTADO DE SÃO PAULO - SPCRED;7651495;;;;B3S;Cooperativa de crédito singular;Cooperativas;2;Privado nacional;9;SAO PAULO;SP;2024-12-31;3161;2668;1271;622;1889;-99;0;0
COOPERATIVA DE ECONOMIA E CRÉDITO MÚTUO DOS EMPREGADOS DA BECTON DICKINSON INDÚSTRIAS CIRÚRGICAS LTDA., LTDA.;21597133;;;;B3S;Cooperativa de crédito singular;Cooperativas;2;Privado nacional;9;JUIZ DE FORA;MG;2024-12-31;3155;1387;338;0;2817;89;0;0
ZIPDIN SOLUÇÕES DIGITAIS SOCIEDADE DE CRÉDITO DIRETO S/A;37414009;ZIPDIN SCD - PRUDENCIAL;;00085221;N1;Instituição não bancária de crédito;Não bancário;2;Privado nacional;43;SAO PAULO;SP;2024-12-31;3129;650;1985;0;1144;-58;2;0
MOMENTO DISTRIBUIDORA DE TITULOS E VALORES MOBILIARIOS LTDA;97447304;MOMENTO DTVM LTDA. - PRUDENCIAL;;00084181;N2;Instituição não bancária do mercado de capitais;Não bancário;2;Privado nacional;16;RIO DE JANEIRO;RJ;2024-12-31;3087;0;441;0;2647;154;2;0
A55 SOCIEDADE DE CRÉDITO DIRETO S.A.;48756121;A55 SCD - PRUDENCIAL;;00086512;N1;Instituição não bancária de crédito;Não bancário;2;Privado nacional;43;SAO PAULO;SP;2024-12-31;3055;363;63;0;2991;-28;2;0
FRIDAY INSTITUIÇÃO DE PAGAMENTOS LTDA.;42926025;FRIDAY IP - PRUDENCIAL;;00086062;N4;Instituição de pagamento;Não bancário;2;Privado nacional;41;RIO DE JANEIRO;RJ;2024-12-31;3048;0;22;0;3026;55;1;0
SQUID SOCIEDADE DE CRÉDITO DIRETO S.A.;56198117;SQUID SCD - PRUDENCIAL;;00087755;N1;Instituição não bancária de crédito;Não bancário;2;Privado nacional;43;CAXIAS DO SUL;RS;2024-12-31;3009;0;4;0;3005;5;2;0
COOPSERJ - COOPERATIVA DE CRÉDITO MÚTUO DOS SERVIDORES PÚBLICOS DO PODER EXECUTIVO DO ESTADO DO RIO DE JANEIRO LTDA.;2723075;;;;B3S;Cooperativa de crédito singular;Cooperativas;2;Privado nacional;9;RIO DE JANEIRO;RJ;2024-12-31;2989;2362;651;0;2339;71;0;0
COOPERATIVA DE CRÉDITO MÚTUO DOS EMPREGADOS EM INSTITUIÇÕES DO SISTEMA FINANCEIRO NAS REGIÕES DE SÃO PAULO E CAMPINAS (SP) - CREDISCOOP;3674133;;;;B3S;Cooperativa de crédito singular;Cooperativas;2;Privado nacional;9;SAO PAULO;SP;2024-12-31;2984;1965;1723;1537;1261;-181;0;1
COOPERATIVA DE ECONOMIA E CRÉDITO MÚTUO DOS EMPREGADOS DA JOLIMODE ROUPAS E EMPRESAS COLIGADAS LTDA;28244622;;;;B3S;Cooperativa de crédito singular;Cooperativas;2;Privado nacional;9;RIO DE JANEIRO;RJ;2024-12-31;2977;931;398;7;2579;5;0;0
COOPERATIVA DE ECONOMIA E CREDITO MUTUO DOS FUNCIONARIOS DA VIACAO NOSSA SENHORA DO AMPARO LTDA. - COPERFAMP;2192115;;;;B3S;Cooperativa de crédito singular;Cooperativas;2;Privado nacional;9;MARICA;RJ;2024-12-31;2920;1132;375;0;2545;35;0;0
COOPERATIVA DE ECONOMIA E CREDITO MUTUO DOS FUNCIONARIOS DA GKN DO BRASIL LTDA;5331882;;;;B3S;Cooperativa de crédito singular;Cooperativas;2;Privado nacional;9;PORTO ALEGRE;RS;2024-12-31;2891;1302;262;0;2629;201;0;0
NEXOOS SOCIEDADE DE EMPRÉSTIMO ENTRE PESSOAS S.A.;34254279;NEXOOS SEP - PRUDENCIAL;;00084947;N1;Instituição não bancária de crédito;Não bancário;2;Privado nacional;44;SAO PAULO;SP;2024-12-31;2882;0;1338;0;1543;302;2;0
COOPERATIVA DE CRÉDITO DOS EMPREGADOS DAS EMPRESAS DO GRUPO INDORAMA NO BRASIL;62605290;;;;B3S;Cooperativa de crédito singular;Cooperativas;2;Privado nacional;9;POCOS DE CALDAS;MG;2024-12-31;2879;2204;164;0;2714;9;0;0
SADOC SOCIEDADE CORRETORA DE CÂMBIO LTDA.;28762249;SADOC CC - PRUDENCIAL;;00084758;N2;Instituição não bancária do mercado de capitais;Não bancário;2;Privado nacional;21;FORTALEZA;CE;2024-12-31;2721;0;230;0;2491;109;2;0
GOOD CORRETORA DE CÂMBIO LTDA;23010182;GOOD SCC - PRUDENCIAL;;00084521;N2;Instituição não bancária do mercado de capitais;Não bancário;2;Privado nacional;21;PORTO ALEGRE;RS;2024-12-31;2680;0;460;0;2219;48;2;0
COOPERATIVA DE ECONOMIA E CRÉDITO MÚTUO DOS EMPREGADOS DO SEBRAE BAHIA LTDA.;5658367;;;;B3S;Cooperativa de crédito singular;Cooperativas;2;Privado nacional;9;SALVADOR;BA;2024-12-31;2666;942;120;0;2545;56;0;0
COOPERATIVA DE ECONOMIA E CRÉDITO MÚTUO DOS EMPREGADOS DA PONTIFÍCIA UNIVERSIDADE CATÓLICA DO RIO DE JANEIRO E EMPREGADOS EM ESTABELECIMENTOS PRIVADOS DE ENSINO DO MUNICÍPIO DO RIO DE JANEIRO LTDA.;42445122;;;;B3S;Cooperativa de crédito singular;Cooperativas;2;Privado nacional;9;RIO DE JANEIRO;RJ;2024-12-31;2659;1560;1179;0;1480;-22;0;1
TRIO INSTITUICAO DE PAGAMENTO LTDA.;49931906;TRIO IP - PRUDENCIAL;;00087432;N4;Instituição de pagamento;Não bancário;2;Privado nacional;41;CURITIBA;PR;2024-12-31;2628;0;206;0;2422;-644;1;0
BELVO INSTITUICAO DE PAGAMENTO LTDA;43215815;BELVO IP - PRUDENCIAL;;00086433;N4;Instituição de pagamento;Não bancário;3;Controle estrangeiro;41;SAO PAULO;SP;2024-12-31;2602;0;268;0;2334;-21;1;0
VÓRTX SOCIEDADE DE CRÉDITO DIRETO S.A.;53385390;VORTX DTVM - PRUDENCIAL;00052364;00084538;N1;Instituição não bancária de crédito;Não bancário;2;Privado nacional;43;SAO PAULO;SP;2024-12-31;2593;0;4;0;2588;-396;2;0
COOPERATIVA DE ECONOMIA E CREDITO MUTUO DOS SERVIDORES DO COLEGIO PEDRO II;2910387;;;;B3S;Cooperativa de crédito singular;Cooperativas;2;Privado nacional;9;RIO DE JANEIRO;RJ;2024-12-31;2590;1362;118;0;2473;60;0;0
KONECT SOCIEDADE DE CRÉDITO DIRETO S/A;50626276;KONECT SCD - PRUDENCIAL;;00087009;N1;Instituição não bancária de crédito;Não bancário;2;Privado nacional;43;SAO PAULO;SP;2024-12-31;2555;1512;1093;0;1462;706;2;0
PACIFIC INVEST DISTRIBUIDORA DE TITULOS E VALORES MOBILIARIOS LTDA;73279093;PACIFIC INVEST DTVM LTDA - PRUDENCIAL;;00084143;N2;Instituição não bancária do mercado de capitais;Não bancário;2;Privado nacional;16;JOACABA;SC;2024-12-31;2531;0;706;0;1825;29;8;0
NUMATUR CORRETORA DE CÂMBIO LTDA.;18145784;NUMATUR CC LTDA - PRUDENCIAL;;00082451;N2;Instituição não bancária do mercado de capitais;Não bancário;2;Privado nacional;21;SAO PAULO;SP;2024-12-31;2479;0;41;0;2438;115;3;0
HR SOCIEDADE DE CRÉDITO AO MICROEMPREENDEDOR E À EMPRESA DE PEQUENO PORTE LTDA.;20158571;HR SCMEPP LTDA. - PRUDENCIAL;;00084411;N1;Instituição não bancária de crédito;Não bancário;2;Privado nacional;10;MACEIO;AL;2024-12-31;2464;128;7;0;2457;-118;1;0
CREDBRASIL - SOCIEDADE DE CRÉDITO AO MICROEMPREENDEDOR E À EMPRESA DE PEQUENO PORTE LTDA.;3635061;PROFITTO - SCMEPP LTDA - PRUDENCIAL;;00083003;N1;Instituição não bancária de crédito;Não bancário;2;Privado nacional;10;PAULINIA;SP;2024-12-31;2436;0;59;0;2376;-25;2;0
CATÁLISE DISTRIBUIDORA DE TÍTULOS E VALORES MOBILIÁRIOS LTDA;47215387;CATÁLISE DTVM PRUDENCIAL;;00086952;N2;Instituição não bancária do mercado de capitais;Não bancário;2;Privado nacional;16;CURITIBA;PR;2024-12-31;2341;0;702;0;1639;63;1;0
PROSEFTUR CORRETORA DE CAMBIO S.A;40333582;SAYGO CC - PRUDENCIAL;;00085795;N2;Instituição não bancária do mercado de capitais;Não bancário;2;Privado nacional;21;JUNDIAI;SP;2024-12-31;2282;0;1210;158;1073;-11;2;0
BRCARD SOCIEDADE DE CRÉDITO DIRETO S/A;39431423;BRCARD SCD - PRUDENCIAL;;00085159;N1;Instituição não bancária de crédito;Não bancário;2;Privado nacional;43;CALDAS NOVAS;GO;2024-12-31;2272;2711;178;0;2093;18;2;0
SETHI SOCIEDADE DE CRÉDITO DIRETO S.A.;50946592;SETHI SCD - PRUDENCIAL;;00087016;N1;Instituição não bancária de crédito;Não bancário;2;Privado nacional;43;FLORIANOPOLIS;SC;2024-12-31;2262;1451;67;0;2195;78;2;0
BIZCAPITAL SOCIEDADE DE CRÉDITO DIRETO S.A.;45597546;BIZCAPITAL SCD - PRUDENCIAL;;00086103;N1;Instituição não bancária de crédito;Não bancário;3;Controle estrangeiro;43;RIO DE JANEIRO;RJ;2024-12-31;2160;232;593;0;1566;-144;2;0
VERT DISTRIBUIDORA DE TÍTULOS E VALORES MOBILIÁRIOS LTDA;48967968;VERT DTVM - PRUDENCIAL;;00087171;N2;Instituição não bancária do mercado de capitais;Não bancário;2;Privado nacional;16;SAO PAULO;SP;2024-12-31;2149;0;30;0;2118;65;2;0
COOPERATIVA DE ECONOMIA E CREDITO MUTUO DOS TRABALHADORES EM CONSELHOS DE FISCALIZACAO PROFISSIONAL NO MUNICIPIO DO RIO DE JANEIRO LTDA.;2850075;;;;B3S;Cooperativa de crédito singular;Cooperativas;2;Privado nacional;9;RIO DE JANEIRO;RJ;2024-12-31;2144;1138;189;0;1955;-39;0;0
CUMBUCA INSTITUIÇÃO DE PAGAMENTO LTDA.;44353942;CUMBUCA IP - PRUDENCIAL;;00086866;N4;Instituição de pagamento;Não bancário;2;Privado nacional;41;SAO PAULO;SP;2024-12-31;2137;0;5;0;2132;-79;1;0
GIRO - SOCIEDADE DE CRÉDITO DIRETO S/A;40112555;GIRO SCD - PRUDENCIAL;;00085496;N1;Instituição não bancária de crédito;Não bancário;2;Privado nacional;43;CURITIBA;PR;2024-12-31;2133;0;698;0;1435;177;2;0
FINANCRED - SOCIEDADE DE CRÉDITO AO MICROEMPREENDEDOR E A EMPRESA DE PEQUENO PORTE LTDA.;27348513;FINANCRED SCMEPP LTDA. - PRUDENCIAL;;00084679;N1;Instituição não bancária de crédito;Não bancário;2;Privado nacional;10;CAMPO GRANDE;MS;2024-12-31;2113;2255;125;0;1988;140;2;0
FREEX CORRETORA DE CAMBIO S.A.;55428859;FREEX CC - PRUDENCIAL;;00087652;N2;Instituição não bancária do mercado de capitais;Não bancário;3;Controle estrangeiro;21;SAO PAULO;SP;2024-12-31;2107;0;320;0;1787;-316;2;0
EUROINVEST S.A. CORRETORA DE CÂMBIO, TÍTULOS E VALORES MOBILIÁRIOS;34190991;EUROINVEST S/A CCTVM - PRUDENCIAL;;00082781;N2;Instituição não bancária do mercado de capitais;Não bancário;2;Privado nacional;15;RIO DE JANEIRO;RJ;2024-12-31;2069;0;184;0;1885;3;2;0
NUMBER ONE SOCIEDADE CORRETORA DE CAMBIO LTDA.;68742204;NUMBER ONE SCC LTDA. - PRUDENCIAL;;00081988;N2;Instituição não bancária do mercado de capitais;Não bancário;2;Privado nacional;21;RIO DE JANEIRO;RJ;2024-12-31;2069;0;694;0;1375;85;3;0
ACTUAL DISTRIBUIDORA DE TÍTULOS E VALORES MOBILIÁRIOS S.A.;44782130;ACTUAL DTVM - PRUDENCIAL;;00087243;N2;Instituição não bancária do mercado de capitais;Não bancário;2;Privado nacional;16;BELO HORIZONTE;MG;2024-12-31;2041;0;105;0;1936;309;2;0
COOPERATIVA DE CRÉDITO DOS EMPREGADOS DA CBA ITAPISSUMA E EMPREGADOS DE EMPRESAS PRESTADORA DE SERVIÇOS INDUSTRIAIS, NO ESTADO DE PERNAMBUCO - CREDCOOPE;8931800;;;;B3S;Cooperativa de crédito singular;Cooperativas;2;Privado nacional;9;ITAPISSUMA;PE;2024-12-31;2008;1105;48;0;1960;14;0;0
FIDEM SOCIEDADE DE CRÉDITO DIRETO S/A;45716916;FIDEM SCD - PRUDENCIAL;;00086141;N1;Instituição não bancária de crédito;Não bancário;2;Privado nacional;43;SANTA MARIA;RS;2024-12-31;2003;2269;46;0;1956;-508;2;0
COOPERATIVA DE ECONOMIA E CRÉDITO MÚTUO DOS EMPREGADOS DO GRUPO PARAMOUNT;88183173;;;;B3S;Cooperativa de crédito singular;Cooperativas;2;Privado nacional;9;SAPUCAIA DO SUL;RS;2024-12-31;1995;806;148;0;1847;-103;0;0
CORPORE SOCIEDADE DE CRÉDITO DIRETO S.A.;7327045;CORPORE SCD - PRUDENCIAL;;00083216;N1;Instituição não bancária de crédito;Não bancário;2;Privado nacional;43;DOURADOS;MS;2024-12-31;1985;1731;38;0;1947;-254;2;0
COOPERATIVA DE ECONOMIA E CRÉDITO MÚTUO DOS EMPREGADOS DAS EMPRESAS SOMART LTDA.;129753;;;;B3S;Cooperativa de crédito singular;Cooperativas;2;Privado nacional;9;URUCANIA;MG;2024-12-31;1980;665;371;0;1610;87;0;0
COOPERATIVA DE ECONOMIA E CRÉDITO MÚTUO DOS EMPREGADOS DA PROLEC GE BRASIL TRANSMISSÃO DE ENERGIA S.A.;88043187;;;;B3S;Cooperativa de crédito singular;Cooperativas;2;Privado nacional;9;CANOAS;RS;2024-12-31;1940;1199;459;385;1481;9;0;0
COOPERATIVA DE ECONOMIA E CRÉDITO MÚTUO DOS FUNCIONÁRIOS DA EDUCAÇÃO E COMUNICAÇÃO;43438662;;;;B3S;Cooperativa de crédito singular;Cooperativas;2;Privado nacional;9;SAO PAULO;SP;2024-12-31;1935;2743;632;0;1303;-794;0;0
FINLEV SOCIEDADE DE CRÉDITO DIRETO S.A.;44564204;FINLEV SCD PRUDENCIAL;;00085850;N1;Instituição não bancária de crédito;Não bancário;2;Privado nacional;43;BELEM;PA;2024-12-31;1925;1944;550;0;1374;174;2;0
COOPERATIVA DE ECONOMIA E CRÉDITO MÚTUO DOS EMPREGADOS DA FUNDAÇÃO ARTHUR BERNARDES LTDA. - COOFAB;2738981;;;;B3S;Cooperativa de crédito singular;Cooperativas;2;Privado nacional;9;VICOSA;MG;2024-12-31;1924;1489;211;0;1712;86;0;0
STARCRED SOCIEDADE DE CRÉDITO DIRETO S.A.;35911258;FARMTECH SCD - PRUDENCIAL;;00085032;N1;Instituição não bancária de crédito;Não bancário;2;Privado nacional;43;TAQUARA;RS;2024-12-31;1920;0;3;0;1917;11;2;0
COOPERATIVA DE CRÉDITO E INVESTIMENTO COM INTERAÇÃO SOLIDÁRIA DE TOLEDO E REGIÃO - CRESOL PRIMATO CREDI;53575491;;;;B3S;Cooperativa de crédito singular;Cooperativas;2;Privado nacional;9;TOLEDO;PR;2024-12-31;1885;0;1854;1486;31;-81;0;2
ATLANTA SOCIEDADE DE CRÉDITO AO MICROEMPREENDEDOR LTDA;4772908;ATLANTA SCM LTDA - PRUDENCIAL;;00083034;N1;Instituição não bancária de crédito;Não bancário;2;Privado nacional;10;PASSOS;MG;2024-12-31;1832;471;265;0;1567;1;2;0
COOPERATIVA DE CRÉDITO MÚTUO DOS TRABALHADORES DO SISTEMA FINANCEIRO DE CURITIBA E REGIÃO - COOPCREFI;6942423;;;;B3S;Cooperativa de crédito singular;Cooperativas;2;Privado nacional;9;CURITIBA;PR;2024-12-31;1831;1100;101;0;1731;100;0;0
VNK SOCIEDADE DE CRÉDITO AO MICROEMPREENDEDOR E À EMPRESA DE PEQUENO PORTE LTDA.;20269566;VNK SCMEPP - PRUDENCIAL;;00084404;N1;Instituição não bancária de crédito;Não bancário;2;Privado nacional;10;FORTALEZA;CE;2024-12-31;1803;783;270;0;1533;210;2;0
EMCASH SERVIÇOS FINANCEIROS SOCIEDADE DE EMPRÉSTIMO ENTRE PESSOAS S.A.;34139916;EMCASH SERVICOS FINANCEIROS SEP - PRUDENCIAL;;00085283;N1;Instituição não bancária de crédito;Não bancário;2;Privado nacional;44;BELO HORIZONTE;MG;2024-12-31;1784;0;298;0;1486;430;2;0
COOPERATIVA DE ECONOMIA E CRÉDITO MÚTUO DOS SERVIDORES DA POLÍCIA MILITAR DO ESTADO DE SÃO PAULO DA REGIÃO CENTRO-OESTE PAULISTA - CREDMIL;4152107;;;;B3S;Cooperativa de crédito singular;Cooperativas;2;Privado nacional;9;BAURU;SP;2024-12-31;1780;1154;594;0;1186;51;0;0
COOPERATIVA DE ECONOMIA E CRÉDITO MÚTUO SERVIDORES PÚBLICOS ATIVOS, INATIVOS E PENSIONISTAS DA ADMINISTRAÇÃO DIRETA, INDIRETA E ASSEMBLÉIA LEGISLATIVA DO ESTADO DO RIO GRANDE SUL - COOPSERGS;5591437;;;;B3S;Cooperativa de crédito singular;Cooperativas;2;Privado nacional;9;PORTO ALEGRE;RS;2024-12-31;1776;1289;1255;0;521;-454;0;0
GREEN ALTERNATIVE INVESTMENTS DISTRIBUIDORA DE TÍTULOS E VALORES MOBILIÁRIOS S.A.;37800856;GREEN ALTERNATIVE INVESTMENTS DTVM - PRUDENCIAL;;00085568;N2;Instituição não bancária do mercado de capitais;Não bancário;2;Privado nacional;16;SAO PAULO;SP;2024-12-31;1759;0;142;0;1618;100;2;0
COOPERATIVA DE ECONOMIA E CRÉDITO MÚTUO DOS EMPREGADOS DAS EMPRESAS DE DIVERSÕES DO ESTADO DE SÃO PAULO;68314921;;;;B3S;Cooperativa de crédito singular;Cooperativas;2;Privado nacional;9;SAO PAULO;SP;2024-12-31;1752;1555;201;0;1551;12;0;0
COOPERATIVA DE CRÉDITO DOS FUNCIONÁRIOS DA PERPART, DO IPA E DA ADAGRO - COOPEMATER;11356599;;;;B3S;Cooperativa de crédito singular;Cooperativas;2;Privado nacional;9;RECIFE;PE;2024-12-31;1726;1541;234;0;1492;-109;0;0
BLU SOCIEDADE DE CRÉDITO DIRETO S.A.;48751854;SHPP BRASIL IP - PRUDENCIAL;;00086275;N1;Instituição não bancária de crédito;Não bancário;3;Controle estrangeiro;43;SAO PAULO;SP;2024-12-31;1685;0;107;0;1578;-62;2;0
LAMARA SOCIEDADE DE CRÉDITO DIRETO S.A.;19324634;LAMARA SCD - PRUDENCIAL;;00084394;N1;Instituição não bancária de crédito;Não bancário;2;Privado nacional;43;FORTALEZA;CE;2024-12-31;1670;602;50;0;1619;80;2;0
COOPERATIVA DE ECONOMIA E CRÉDITO MÚTUO DOS SERVIDORES DA PREFEITURA MUNICIPAL DE VOTORANTIM;52137361;;;;B3S;Cooperativa de crédito singular;Cooperativas;2;Privado nacional;9;VOTORANTIM;SP;2024-12-31;1651;1598;60;0;1591;1;0;0
BEZZ SOCIEDADE DE CRÉDITO DIRETO S.A.;46130566;BEZZ SCD - PRUDENCIAL;;00086127;N1;Instituição não bancária de crédito;Não bancário;2;Privado nacional;43;RIO DE JANEIRO;RJ;2024-12-31;1647;317;463;0;1184;-333;2;0
COOPERATIVA DE ECONOMIA E CRÉDITO MÚTUO DOS EMPREGADOS DA INDÚSTRIA DE PAPÉIS SUDESTE LTDA . - CREDESTE;18340695;;;;B3S;Cooperativa de crédito singular;Cooperativas;2;Privado nacional;9;JUIZ DE FORA;MG;2024-12-31;1628;1170;125;0;1502;73;0;0
VIP'S CORRETORA DE CÂMBIO LTDA.;17772370;VIPS CC LTDA. - PRUDENCIAL;;00082444;N2;Instituição não bancária do mercado de capitais;Não bancário;2;Privado nacional;21;SAO PAULO;SP;2024-12-31;1596;0;144;0;1453;375;2;0
INTEGRAÇÃO DE CRÉDITO E COBRANÇA SOCIEDADE DE CRÉDITO DIRETO S.A.;51118615;INTEGRAÇÃO DE CRÉDITO E COBRANÇA SCD - PRUDENCIAL;;00087913;N1;Instituição não bancária de crédito;Não bancário;2;Privado nacional;43;SAO PAULO;SP;2024-12-31;1596;127;19;0;1577;-10;2;0
SINGRATUR CORRETORA DE CÂMBIO LTDA;16854999;SINGRATUR CC LTDA. - PRUDENCIAL;;00082389;N2;Instituição não bancária do mercado de capitais;Não bancário;2;Privado nacional;21;MARINGA;PR;2024-12-31;1588;0;143;0;1445;94;2;0
LÚMINA CORRETORA DE CÂMBIO LTDA.;15122605;LUMINA CC - PRUDENCIAL;;00082310;N2;Instituição não bancária do mercado de capitais;Não bancário;2;Privado nacional;21;SALVADOR;BA;2024-12-31;1585;0;244;0;1341;-271;2;0
FISERV SOCIEDADE DE CRÉDITO DIRETO S.A.;50053267;FISERV DO BRASIL IP - PRUDENCIAL;;00086457;N1;Instituição não bancária de crédito;Não bancário;3;Controle estrangeiro;43;SAO PAULO;SP;2024-12-31;1567;751;76;0;1490;-148;2;0
EASY MONEY SOCIEDADE DE CRÉDITO DIRETO S.A.;56606230;EASY MONEY SCD - PRUDENCIAL;;00087645;N1;Instituição não bancária de crédito;Não bancário;2;Privado nacional;43;SAO LEOPOLDO;RS;2024-12-31;1529;0;133;130;1396;-104;2;0
COOPERATIVA DE ECONOMIA E CRÉDITO MÚTUO DOS FUNCIONÁRIOS DO GRUPO VOTORANTIM LIMITADA.;75174953;;;;B3S;Cooperativa de crédito singular;Cooperativas;2;Privado nacional;9;RIO BRANCO DO SUL;PR;2024-12-31;1498;1103;50;0;1449;12;0;0
QORE DISTRIBUIDORA DE TITULOS E VALORES MOBILIÁRIOS LTDA;62264924;QORE DTVM LTDA - PRUDENCIAL;;00083838;N2;Instituição não bancária do mercado de capitais;Não bancário;2;Privado nacional;16;SAO PAULO;SP;2024-12-31;1470;0;94;0;1376;-390;2;0
OMIE INSTITUICAO DE PAGAMENTO LTDA.;43010260;OMIE IP - PRUDENCIAL;;00087157;N4;Instituição de pagamento;Não bancário;3;Controle estrangeiro;41;SAO PAULO;SP;2024-12-31;1466;0;7;0;1459;-3;1;0
INTEGRAL ACCESS DISTRIBUIDORA DE TÍTULOS E VALORES MOBILIÁRIOS LTDA.;34978626;INTEGRAL ACCESS DTVM - PRUDENCIAL;;00085049;N2;Instituição não bancária do mercado de capitais;Não bancário;2;Privado nacional;16;SAO PAULO;SP;2024-12-31;1440;0;246;0;1194;-1038;2;0
NIXFIN SOCIEDADE DE CRÉDITO DIRETO S.A.;44921281;NIXFIN SCD - PRUDENCIAL;;00085922;N1;Instituição não bancária de crédito;Não bancário;2;Privado nacional;43;FLORIANOPOLIS;SC;2024-12-31;1417;84;4;0;1413;-33;2;0
COOPERATIVA DE CRÉDITO DOS EMPREGADOS DO GRUPO NEFFA E DEMAIS ESTABELECIMENTOS DO SETOR DE ALIMENTOS DA GRANDE VITÓRIA.;29985421;;;;B3S;Cooperativa de crédito singular;Cooperativas;2;Privado nacional;9;VITORIA;ES;2024-12-31;1415;561;71;0;1344;41;0;0
PROVU SOCIEDADE DE CRÉDITO DIRETO S.A.;42627615;CREDFC SCD - PRUDENCIAL;;00085764;N1;Instituição não bancária de crédito;Não bancário;2;Privado nacional;43;SAO PAULO;SP;2024-12-31;1415;0;260;0;1154;153;2;0
COOPERATIVA DE CRÉDITO DE SERVIDORES DA UESC - UESCOOP;10548608;;;;B3S;Cooperativa de crédito singular;Cooperativas;2;Privado nacional;9;ILHEUS;BA;2024-12-31;1403;1398;60;0;1343;22;0;0
COOPERATIVA DE ECONOMIA E CREDITO MUTUO DOS EMPREGADOS NAS INDUSTRIAS QUIMICAS, FARMACEUTICAS E SIMILARES DA REGIAO METROPOLITANA DO RIO DE JANEIRO LTDA;5424088;;;;B3S;Cooperativa de crédito singular;Cooperativas;2;Privado nacional;9;SAO GONCALO;RJ;2024-12-31;1384;597;51;0;1332;19;0;0
COOPERATIVA DE CRÉDITO MÚTUO DOS EMPREGADOS DAS INDÚSTRIAS DO PAPEL, PAPELÃO E CORTIÇA DE OTACÍLIO COSTA, LAGES E CORREA PINTO - PAPELCREDI;6369729;;;;B3S;Cooperativa de crédito singular;Cooperativas;2;Privado nacional;9;OTACILIO COSTA;SC;2024-12-31;1359;1228;669;653;690;105;0;0
COOPERATIVA DE ECONOMIA E CREDITO MUTUO DOS TRABALHADORES DO GRUPO EMPRESARIAL ITATIAIA LTDA. - COOPERITA;20177390;;;;B3S;Cooperativa de crédito singular;Cooperativas;2;Privado nacional;9;UBA;MG;2024-12-31;1346;827;155;0;1190;57;0;0
OPPENS SOCIEDADE DE EMPRESTIMO ENTRE PESSOAS S.A;44064068;OPPENS SEP - PRUDENCIAL;;00086639;N1;Instituição não bancária de crédito;Não bancário;2;Privado nacional;44;BRASILIA;DF;2024-12-31;1341;0;11;0;1330;-85;2;0
FIDO SOCIEDADE DE EMPRÉSTIMO ENTRE PESSOAS S.A.;40819834;FIDO SEP - PRUDENCIAL;;00085609;N1;Instituição não bancária de crédito;Não bancário;2;Privado nacional;44;BRASILIA;DF;2024-12-31;1338;0;1218;0;121;-260;2;0
XP DISTRIBUIDORA DE TÍTULOS E VALORES MOBILIÁRIOS LTDA.;44475245;XP - PRUDENCIAL;00052120;00082475;N2;Instituição não bancária do mercado de capitais;Não bancário;2;Privado nacional;16;RIO DE JANEIRO;RJ;2024-12-31;1330;0;12;0;1318;-52;2;0
CRYSTAL BMC - INSTITUICAO DE PAGAMENTO LTDA.;43561343;CRYSTAL BMC IP - PRUDENCIAL;;00086196;N4;Instituição de pagamento;Não bancário;2;Privado nacional;41;BARUERI;SP;2024-12-31;1329;0;127;0;1202;198;1;0
SOLIDEZ - CORRETORA DE CÂMBIO, TÍTULOS E VALORES MOBILIÁRIOS LTDA;96477906;SOLIDEZ CCTVM LTDA. - PRUDENCIAL;;00082925;N2;Instituição não bancária do mercado de capitais;Não bancário;2;Privado nacional;15;SAO PAULO;SP;2024-12-31;1326;0;102549;0;-101223;-144;2;0
COOPERATIVA DE CRÉDITO DE CAPITAL E EMPRÉSTIMO DOS EMPREGADOS CELETISTAS DE COOPERATIVAS DOS ESTADOS DE SÃO PAULO E MINAS GERAIS - COCREUNI;57987273;;;;B3S;Cooperativa de crédito singular;Cooperativas;2;Privado nacional;9;RIBEIRAO PRETO;SP;2024-12-31;1323;616;123;0;1201;38;0;0
DEBONI DISTRIBUIDORA DE TITULOS E VALORES MOBILIARIOS LTDA;77162881;DEBONI DTVM LTDA - PRUDENCIAL;;00084150;N2;Instituição não bancária do mercado de capitais;Não bancário;2;Privado nacional;16;CURITIBA;PR;2024-12-31;1311;0;357;0;954;-70;3;0
CREDILON SOCIEDADE DE CRÉDITO AO MICROEMPREENDEDOR DA REGIÃO DE LONDRINA LTDA.;4223451;CREDILON SCM REG. LONDRINA LTD - PRUDENCIAL;;00083120;N1;Instituição não bancária de crédito;Não bancário;2;Privado nacional;10;LONDRINA;PR;2024-12-31;1289;1531;239;0;1050;-49;2;0
COOPERATIVA DE CRÉDITO DOS FUNCIONÁRIOS DO GRUPO PPG;3657230;;;;B3S;Cooperativa de crédito singular;Cooperativas;2;Privado nacional;9;SUMARE;SP;2024-12-31;1274;605;12;0;1263;28;0;0
COOPERATIVA DE ECONOMIA E CRÉDITO MÚTUO DOS EMPREGADOS DA UNIFI - CREDIUNIFI;3685335;;;;B3S;Cooperativa de crédito singular;Cooperativas;2;Privado nacional;9;ALFENAS;MG;2024-12-31;1271;992;52;0;1218;29;0;0
DM SOCIEDADE DE CRÉDITO DIRETO S.A.;37555231;DM SCFI - PRUDENCIAL;00052357;00083467;N1;Instituição não bancária de crédito;Não bancário;2;Privado nacional;43;SAO JOSE DOS CAMPOS;SP;2024-12-31;1261;1;10;0;1251;-181;2;0
QUEROCRED SOCIEDADE DE CRÉDITO DIRETO S.A.;49035310;QUEROCRED SCD - PRUDENCIAL;;00086615;N1;Instituição não bancária de crédito;Não bancário;2;Privado nacional;43;CANOAS;RS;2024-12-31;1256;422;33;0;1223;-100;2;0
NGO ASSOCIADOS CORRETORA DE CÂMBIO LTDA.;65635377;NGO ASSOCIADOS CC LTDA. - PRUDENCIAL;;00082152;N2;Instituição não bancária do mercado de capitais;Não bancário;2;Privado nacional;21;SAO PAULO;SP;2024-12-31;1236;0;529;0;706;30;2;0
FATORI SOCIEDADE DE CRÉDITO AO MICROEMPREENDEDOR E À EMPRESA DE PEQUENO PORTE LTDA.;5669150;FATORI SCMEPP - PRUDENCIAL;;00083065;N1;Instituição não bancária de crédito;Não bancário;2;Privado nacional;10;JOINVILLE;SC;2024-12-31;1232;820;16;0;1216;-108;2;0
LASTRO RDV DISTRIBUIDORA DE TÍTULOS E VALORES MOBILIÁRIOS LTDA.;71590442;LASTRO RDV DTVM LTDA - PRUDENCIAL;;00084129;N2;Instituição não bancária do mercado de capitais;Não bancário;2;Privado nacional;16;ARARAS;SP;2024-12-31;1226;0;109;0;1117;48;2;0
COOPERATIVA DE ECONOMIA E CREDITO MUTUO DOS EMPREGADOS DA CIA DE ELETRICIDADE DO ESTADO DO RJ CREDICERJ LTDA;30138226;;;;B3S;Cooperativa de crédito singular;Cooperativas;2;Privado nacional;9;NITEROI;RJ;2024-12-31;1222;1034;92;0;1130;4;0;0
PRONANCE SOCIEDADE CORRETORA DE CÂMBIO LTDA;41560568;PRONANCE SCC - PRUDENCIAL;;00086804;N2;Instituição não bancária do mercado de capitais;Não bancário;2;Privado nacional;21;CURITIBA;PR;2024-12-31;1220;0;108;0;1112;86;2;0
COOPERATIVA DE ECONOMIA E CREDITO MUTUO DOS FUNCIONARIOS DA FMC LTDA;42258376;;;;B3S;Cooperativa de crédito singular;Cooperativas;2;Privado nacional;9;RIO DE JANEIRO;RJ;2024-12-31;1215;1005;48;0;1167;-7;0;0
ASAAS SOCIEDADE DE CREDITO DIRETO S.A.;48786608;ASAAS GESTAO FINANCEIRA IP - PRUDENCIAL;;00085771;N1;Instituição não bancária de crédito;Não bancário;2;Privado nacional;43;JOINVILLE;SC;2024-12-31;1155;14;19;0;1136;32;2;0
PERCAPITAL SOCIEDADE DE CRÉDITO DIRETO S.A.;48707451;PERCAPITAL SCD - PRUDENCIAL;;00086426;N1;Instituição não bancária de crédito;Não bancário;2;Privado nacional;43;CAMPO GRANDE;MS;2024-12-31;1153;212;134;0;1019;-111;2;0
BULLLA SOCIEDADE DE EMPRÉSTIMO ENTRE PESSOAS S.A.;34831910;BULLLA IP - PRUDENCIAL;;00084985;N1;Instituição não bancária de crédito;Não bancário;2;Privado nacional;44;SAO PAULO;SP;2024-12-31;1125;0;121;0;1004;-18;2;0
NITRO SOCIEDADE DE CRÉDITO DIRETO S.A.;52440987;SANTS SCD - PRUDENCIAL;;00087250;N1;Instituição não bancária de crédito;Não bancário;2;Privado nacional;43;BARUERI;SP;2024-12-31;1118;0;787;0;330;-817;2;0
COOPERATIVA DE ECONOMIA E CRÉDITO MÚTUO DOS EMPREGADOS DA MOSAIC FERTILIZANTES DO BRASIL - COCRESGO LTDA.;968834;;;;B3S;Cooperativa de crédito singular;Cooperativas;2;Privado nacional;9;CATALAO;GO;2024-12-31;1115;1069;30;0;1084;8;0;0
KLAVI INSTITUIÇÃO DE PAGAMENTOS E GESTÃO DE DADOS LTDA.;44459799;KLAVI IP - PRUDENCIAL;;00086794;N4;Instituição de pagamento;Não bancário;3;Controle estrangeiro;41;SAO PAULO;SP;2024-12-31;1087;0;1;0;1086;-83;1;0
COOPERATIVA DE ECONOMIA E CREDITO MUTUO DOS EMPREGADOS DO COLEGIO SANTO INACIO - COESI;2447184;;;;B3S;Cooperativa de crédito singular;Cooperativas;2;Privado nacional;9;RIO DE JANEIRO;RJ;2024-12-31;1084;661;403;0;681;-57;0;0
CF GROUP SOCIEDADE DE EMPRÉSTIMO ENTRE PESSOAS S.A.;41349521;CF GROUP SEP - PRUDENCIAL;;00085551;N1;Instituição não bancária de crédito;Não bancário;2;Privado nacional;44;PORTO ALEGRE;RS;2024-12-31;1078;0;93;0;985;64;2;0
LEND INSTITUICAO DE PAGAMENTO LTDA;44154779;LEND SCD - PRUDENCIAL;;00085276;N4;Instituição de pagamento;Não bancário;2;Privado nacional;41;SAO PAULO;SP;2024-12-31;1071;0;692;0;379;-516;1;0
REMITLY CORRETORA DE CÂMBIO LTDA.;17635177;REMITLY CC LTDA. - PRUDENCIAL;;00082420;N2;Instituição não bancária do mercado de capitais;Não bancário;3;Controle estrangeiro;21;SAO PAULO;SP;2024-12-31;1050;0;417;0;633;-2413;2;0
KIKAI SOCIEDADE DE CRÉDITO DIRETO S.A.;43978697;KIKAI SCD PRUDENCIAL;;00085836;N1;Instituição não bancária de crédito;Não bancário;2;Privado nacional;43;BARUERI;SP;2024-12-31;1013;209;1;0;1012;-265;2;0
ONNIX CORRETORA DE CÂMBIO LTDA.;7333726;ONNIX CC LTDA. - PRUDENCIAL;;00082011;N2;Instituição não bancária do mercado de capitais;Não bancário;2;Privado nacional;21;PORTO ALEGRE;RS;2024-12-31;1011;0;179;0;831;100;2;0
COOPERATIVA DE ECONOMIA E CRÉDITO MÚTUO DOS TRABALHADORES DAS INDÚSTRIAS METALÚRGICAS DE PORTO ALEGRE E GRANDE PORTO ALEGRE;90560434;;;;B3S;Cooperativa de crédito singular;Cooperativas;2;Privado nacional;9;CACHOEIRINHA;RS;2024-12-31;1002;795;16;0;986;33;0;0
QUANTO NETWORK INSTITUICAO DE PAGAMENTO LTDA.;42064545;QUANTO NETWORK IP - PRUDENCIAL;;00085939;N4;Instituição de pagamento;Não bancário;2;Privado nacional;41;SAO PAULO;SP;2024-12-31;999;0;17;0;982;-21;1;0
COOPERATIVA DE ECONOMIA E CRÉDITO MÚTUO DOS BANCÁRIOS DO TRIÂNGULO LTDA.;1301541;;;;B3S;Cooperativa de crédito singular;Cooperativas;2;Privado nacional;9;UBERLANDIA;MG;2024-12-31;998;179;224;0;774;-3;0;0
PÓLOCRED   SOCIEDADE DE CRÉDITO AO MICROEMPREENDEDOR E À EMPRESA DE PEQUENO PORTE LTDA.;7945233;PINBANK BRASIL IP - PRUDENCIAL;;00086361;N1;Instituição não bancária de crédito;Não bancário;3;Controle estrangeiro;10;SAO PAULO;SP;2024-12-31;965;472;172;0;793;-241;2;0
COOPERATIVA DE CRÉDITO DE CAPITAL E EMPRÉSTIMO DOS TRABALHADORES NAS EMPRESAS DE TECNOLOGIA E INFORMÁTICA DE BELO HORIZONTE E CIDADES LIMÍTROFES LTDA - COOPERINFOR;28435685;;;;B3S;Cooperativa de crédito singular;Cooperativas;2;Privado nacional;9;BELO HORIZONTE;MG;2024-12-31;947;966;27;0;920;43;0;0
FINAZO SOCIEDADE DE CRÉDITO DIRETO S.A.;48703302;FINAZO SCD - PRUDENCIAL;;00086567;N1;Instituição não bancária de crédito;Não bancário;2;Privado nacional;43;BALNEARIO CAMBORIU;SC;2024-12-31;945;0;34;0;911;-473;2;0
MARMARIS CORRETORA DE CÂMBIO LTDA.;45056494;JM CC - PRUDENCIAL;;00086660;N2;Instituição não bancária do mercado de capitais;Não bancário;2;Privado nacional;21;SAO PAULO;SP;2024-12-31;942;0;190;0;752;-151;2;0
CORREPARTI CORRETORA DE CAMBIO LTDA;80202872;CORREPARTI CC LTDA - PRUDENCIAL;;00082231;N2;Instituição não bancária do mercado de capitais;Não bancário;2;Privado nacional;21;SAO JOSE DOS PINHAIS;PR;2024-12-31;935;0;116;0;819;55;2;0
CONSEGTUR CORRETORA DE CÂMBIO LTDA.;15168152;CONSEGTUR CC - PRUDENCIAL;;00082303;N2;Instituição não bancária do mercado de capitais;Não bancário;2;Privado nacional;21;SAO PAULO;SP;2024-12-31;867;0;306;0;562;5;2;0
COOPERATIVA DE ECONOMIA E CRÉDITO MÚTUO DOS FUNCIONÁRIOS DA ASSEMBLÉIA LEGISLATIVA DO ESTADO DA PARAÍBA LTDA. -  COOPERLEGIS;41146382;;;;B3S;Cooperativa de crédito singular;Cooperativas;2;Privado nacional;9;JOAO PESSOA;PB;2024-12-31;831;739;454;0;377;-211;0;0
FIDUCIAL DISTRIBUIDORA DE TÍTULOS E VALORES MOBILIÁRIOS LTDA.;10280601;FIDUCIAL DTVM LTDA - PRUDENCIAL;;00084198;N2;Instituição não bancária do mercado de capitais;Não bancário;2;Privado nacional;16;BELO HORIZONTE;MG;2024-12-31;820;0;135;0;685;304;2;0
ATUAL CORRETORA DE CÂMBIO LTDA.;44323831;ATUAL CC - PRUDENCIAL;;00087858;N2;Instituição não bancária do mercado de capitais;Não bancário;2;Privado nacional;21;SOROCABA;SP;2024-12-31;806;0;47;0;759;-41;2;0
EBADIVAL - E. BAGGIO DISTRIBUIDORA DE TÍTULOS E VALORES MOBILIÁRIOS LTDA.;89784367;EBADIVAL - E BAGGIO DTVM LTDA - PRUDENCIAL;;00083876;N2;Instituição não bancária do mercado de capitais;Não bancário;2;Privado nacional;16;CURITIBA;PR;2024-12-31;788;0;6;0;782;-57;2;0
COOPERATIVA DE ECONOMIA E CRÉDITO MÚTUO DOS BANCÁRIOS DE BELO HORIZONTE E REGIÃO METROPOLITANA LTDA. - COOPEB;71502181;;;;B3S;Cooperativa de crédito singular;Cooperativas;2;Privado nacional;9;BELO HORIZONTE;MG;2024-12-31;769;719;46;0;723;18;0;0
COOPERATIVA DE CRÉDITO MÚTUO DOS EMPREGADOS DO CENTRO UNIVERSITÁRIO NEWTON PAIVA LTDA. - CREDIPAIVA;20833992;;;;B3S;Cooperativa de crédito singular;Cooperativas;2;Privado nacional;9;BELO HORIZONTE;MG;2024-12-31;733;647;2;0;731;3;0;0
COOPERATIVA DE ECONOMIA E CRÉDITO MÚTUO DOS FUNCIONÁRIOS DO GRUPO AVIBRAS - COOPER AVIBRAS;43268960;;;;B3S;Cooperativa de crédito singular;Cooperativas;2;Privado nacional;9;JACAREI;SP;2024-12-31;696;8841;1083;0;-387;-8508;0;0
COOPERATIVA DE ECONOMIA E CRÉDITO MÚTUO DOS FUNCIONÁRIOS DO BANESPA DE BOTUCATU E CIDADES LIMÍTROFES;3219207;;;;B3S;Cooperativa de crédito singular;Cooperativas;2;Privado nacional;9;BOTUCATU;SP;2024-12-31;675;321;30;0;645;5;0;0
COOPERATIVA DE ECONOMIA E CREDITO MUTUO DOS FUNCIONARIOS DA SANEPAR - CREDISANEPAR;3165497;;;;B3S;Cooperativa de crédito singular;Cooperativas;2;Privado nacional;9;CASCAVEL;PR;2024-12-31;632;514;54;8;578;-28;0;0
ÍCARO CORRETORA DE CÂMBIO LTDA;72556996;ICARO CC LTDA - PRUDENCIAL;;00082190;N2;Instituição não bancária do mercado de capitais;Não bancário;2;Privado nacional;21;CURITIBA;PR;2024-12-31;623;0;116;0;507;131;2;0
CORRETORA DE CÂMBIO AÇORIANA LIMITADA.;15761217;CC AÇORIANA LTDA. - PRUDENCIAL;;00082341;N2;Instituição não bancária do mercado de capitais;Não bancário;2;Privado nacional;21;FLORIANOPOLIS;SC;2024-12-31;552;0;125;0;427;-86;2;0
COOPERATIVA DE ECONOMIA E CRÉDITO MÚTUO DOS BANCÁRIOS DE JUIZ DE FORA LTDA. - COCBAN;4158581;;;;B3S;Cooperativa de crédito singular;Cooperativas;2;Privado nacional;9;JUIZ DE FORA;MG;2024-12-31;541;487;15;0;526;16;0;0
AVIPAM CORRETORA DE CAMBIO LTDA;3443143;AVIPAM CC LTDA. - PRUDENCIAL;;00082042;N2;Instituição não bancária do mercado de capitais;Não bancário;2;Privado nacional;21;RIO DE JANEIRO;RJ;2024-12-31;456;0;11;0;445;-130;2;0
SOL CORRETORA DE CÂMBIO LTDA.;8520517;SOL CC - PRUDENCIAL;;00082097;N2;Instituição não bancária do mercado de capitais;Não bancário;2;Privado nacional;21;NATAL;RN;2024-12-31;454;0;138;0;316;-61;2;0
COOPERATIVA DE ECONOMIA E CRÉDITO MÚTUO DOS BANCÁRIOS DE SOROCABA E REGIÃO;71491609;;;;B3S;Cooperativa de crédito singular;Cooperativas;2;Privado nacional;9;SOROCABA;SP;2024-12-31;311;133;57;0;254;9;0;0
DELTA GLOBAL SOCIEDADE DE CRÉDITO DIRETO S.A.;55823094;DELTA GLOBAL SCD - PRUDENCIAL;;00087937;N1;Instituição não bancária de crédito;Não bancário;2;Privado nacional;43;SAO PAULO;SP;2024-12-31;231;134;125;0;105;-138;2;0
CONFEDERACAO DAS COOPERATIVAS DO SICREDI - CONFEDERACAO SICREDI;3795072;;;;B3C;Central/confederação de cooperativas de crédito;Cooperativas;2;Privado nacional;42;PORTO ALEGRE;RS;2024-12-31;;;;;;;0;0
CONFEDERACAO NACIONAL DAS COOPERATIVAS DO SICOOB LTDA;4891850;;;;B3C;Central/confederação de cooperativas de crédito;Cooperativas;2;Privado nacional;42;BRASILIA;DF;2024-12-31;;;;;;;0;0
RCCL INSTITUIÇÃO DE PAGAMENTO S.A.;23757411;;;;N4;Instituição de pagamento;Não bancário;2;Privado nacional;41;UBERLANDIA;MG;2024-12-31;;;;;;;0;0
FFA SOCIEDADE DE CRÉDITO AO MICROEMPREENDEDOR E À EMPRESA DE PEQUENO PORTE LTDA.;24537861;FFA SCMEPP LTDA - PRUDENCIAL;;00084569;N1;Instituição não bancária de crédito;Não bancário;2;Privado nacional;10;SAO PAULO;SP;2024-12-31;;;;;;;2;0
MUNDINVEST S.A.-CORRETORA DE CAMBIO E VALORES MOBILIARIOS;25674235;MUNDINVEST S.A. - CCVM - PRUDENCIAL;;00082774;N2;Instituição não bancária do mercado de capitais;Não bancário;2;Privado nacional;15;BELO HORIZONTE;MG;2024-12-31;;;;;;;1;0
QESH INSTITUICAO DE PAGAMENTO LTDA;31818873;QESH IP - PRUDENCIAL;;00087030;N4;Instituição de pagamento;Não bancário;2;Privado nacional;41;NOVA LIMA;MG;2024-12-31;;;;;;;1;0
FOR YOU SOCIEDADE DE CRÉDITO DIRETO S.A.;46009412;;;;N1;Instituição não bancária de crédito;Não bancário;2;Privado nacional;43;GOIANIA;GO;2024-12-31;;;;;;;0;0
